Song,Artist,easy,basic,advanced,expert,master,remaster,title,diffIndex,level
+♂,ギガれをる ダンス アルスマグナ,3,5.0,7.5,9,12.1,-,+♂,2,5.0
+♂,ギガれをる ダンス アルスマグナ,3,5.0,7.5,9,12.1,-,+♂,1,3.0
+♂,ギガれをる ダンス アルスマグナ,3,5.0,7.5,9,12.1,-,+♂,2,5.0
+♂,ギガれをる ダンス アルスマグナ,3,5.0,7.5,9,12.1,-,+♂,3,7.5
+♂,ギガれをる ダンス アルスマグナ,3,5.0,7.5,9,12.1,-,+♂,4,9.0
+♂,ギガれをる ダンス アルスマグナ,3,5.0,7.5,9,12.1,-,+♂,5,12.1
+♂,ギガれをる ダンス アルスマグナ,3,5.0,7.5,9,12.1,-,+♂,4,9.0
+♂,ギガれをる ダンス アルスマグナ,3,5.0,7.5,9,12.1,-,+♂,3,7.5
+♂,ギガれをる ダンス アルスマグナ,3,5.0,7.5,9,12.1,-,+♂,2,5.0
+♂,ギガれをる ダンス アルスマグナ,3,5.0,7.5,9,12.1,-,+♂,1,3.0
+♂,ギガれをる ダンス アルスマグナ,3,5.0,7.5,9,12.1,-,+♂,5,12.1
+♂,ギガれをる ダンス アルスマグナ,3,5.0,7.5,9,12.1,-,+♂,1,3.0
+♂,ギガれをる ダンス アルスマグナ,3,5.0,7.5,9,12.1,-,+♂,3,7.5
+♂,ギガれをる ダンス アルスマグナ,3,5.0,7.5,9,12.1,-,+♂,4,9.0
+♂,ギガれをる ダンス アルスマグナ,3,5.0,7.5,9,12.1,-,+♂,5,12.1
-OutsideR:RequieM-,箱部 なる(CV:M・A・O),2,4.0,7,9.8,12.3,-,-OutsideR:RequieM-,2,4.0
-OutsideR:RequieM-,箱部 なる(CV:M・A・O),2,4.0,7,9.8,12.3,-,-OutsideR:RequieM-,3,7.0
-OutsideR:RequieM-,箱部 なる(CV:M・A・O),2,4.0,7,9.8,12.3,-,-OutsideR:RequieM-,4,9.8
-OutsideR:RequieM-,箱部 なる(CV:M・A・O),2,4.0,7,9.8,12.3,-,-OutsideR:RequieM-,5,12.3
-OutsideR:RequieM-,箱部 なる(CV:M・A・O),2,4.0,7,9.8,12.3,-,-OutsideR:RequieM-,1,2.0
39,sasakure.UK x DECO*27,2,5.0,7.8,9.8,12,12.3,39,5,12.0
39,sasakure.UK x DECO*27,2,5.0,7.8,9.8,12,12.3,39,1,2.0
39,sasakure.UK x DECO*27,2,5.0,7.8,9.8,12,12.3,39,2,5.0
39,sasakure.UK x DECO*27,2,5.0,7.8,9.8,12,12.3,39,3,7.8
39,sasakure.UK x DECO*27,2,5.0,7.8,9.8,12,12.3,39,4,9.8
39,sasakure.UK x DECO*27,2,5.0,7.8,9.8,12,12.3,39,5,12.0
39,sasakure.UK x DECO*27,2,5.0,7.8,9.8,12,12.3,39,6,12.3
39,sasakure.UK x DECO*27,2,5.0,7.8,9.8,12,12.3,39,4,9.8
39,sasakure.UK x DECO*27,2,5.0,7.8,9.8,12,12.3,39,1,2.0
39,sasakure.UK x DECO*27,2,5.0,7.8,9.8,12,12.3,39,2,5.0
39,sasakure.UK x DECO*27,2,5.0,7.8,9.8,12,12.3,39,1,2.0
39,sasakure.UK x DECO*27,2,5.0,7.8,9.8,12,12.3,39,6,12.3
39,sasakure.UK x DECO*27,2,5.0,7.8,9.8,12,12.3,39,6,12.3
39,sasakure.UK x DECO*27,2,5.0,7.8,9.8,12,12.3,39,5,12.0
39,sasakure.UK x DECO*27,2,5.0,7.8,9.8,12,12.3,39,4,9.8
39,sasakure.UK x DECO*27,2,5.0,7.8,9.8,12,12.3,39,3,7.8
39,sasakure.UK x DECO*27,2,5.0,7.8,9.8,12,12.3,39,3,7.8
39,sasakure.UK x DECO*27,2,5.0,7.8,9.8,12,12.3,39,2,5.0
7 Girls War,"Wake Up, Girls！",2,4.0,7.2,8.8,10.2,-,7 Girls War,1,2.0
7 Girls War,"Wake Up, Girls！",2,4.0,7.2,8.8,10.2,-,7 Girls War,2,4.0
7 Girls War,"Wake Up, Girls！",2,4.0,7.2,8.8,10.2,-,7 Girls War,3,7.2
7 Girls War,"Wake Up, Girls！",2,4.0,7.2,8.8,10.2,-,7 Girls War,4,8.8
7 Girls War,"Wake Up, Girls！",2,4.0,7.2,8.8,10.2,-,7 Girls War,5,10.2
7thSense,削除,4,6.0,8,10,13,-,7thSense,5,13.0
7thSense,削除,4,6.0,8,10,13,-,7thSense,5,13.0
7thSense,削除,4,6.0,8,10,13,-,7thSense,4,10.0
7thSense,削除,4,6.0,8,10,13,-,7thSense,3,8.0
7thSense,削除,4,6.0,8,10,13,-,7thSense,2,6.0
7thSense,削除,4,6.0,8,10,13,-,7thSense,1,4.0
7thSense,削除,4,6.0,8,10,13,-,7thSense,4,10.0
7thSense,削除,4,6.0,8,10,13,-,7thSense,1,4.0
7thSense,削除,4,6.0,8,10,13,-,7thSense,3,8.0
7thSense,削除,4,6.0,8,10,13,-,7thSense,2,6.0
7thSense,削除,4,6.0,8,10,13,-,7thSense,1,4.0
7thSense,削除,4,6.0,8,10,13,-,7thSense,5,13.0
7thSense,削除,4,6.0,8,10,13,-,7thSense,2,6.0
7thSense,削除,4,6.0,8,10,13,-,7thSense,3,8.0
7thSense,削除,4,6.0,8,10,13,-,7thSense,4,10.0
AMAZING MIGHTYYYY!!!!,WAiKURO,4,6.0,9,12,13.6,13.5,AMAZING MIGHTYYYY!!!!,5,13.6
AMAZING MIGHTYYYY!!!!,WAiKURO,4,6.0,9,12,13.6,13.5,AMAZING MIGHTYYYY!!!!,1,4.0
AMAZING MIGHTYYYY!!!!,WAiKURO,4,6.0,9,12,13.6,13.5,AMAZING MIGHTYYYY!!!!,2,6.0
AMAZING MIGHTYYYY!!!!,WAiKURO,4,6.0,9,12,13.6,13.5,AMAZING MIGHTYYYY!!!!,3,9.0
AMAZING MIGHTYYYY!!!!,WAiKURO,4,6.0,9,12,13.6,13.5,AMAZING MIGHTYYYY!!!!,4,12.0
AMAZING MIGHTYYYY!!!!,WAiKURO,4,6.0,9,12,13.6,13.5,AMAZING MIGHTYYYY!!!!,5,13.6
AMAZING MIGHTYYYY!!!!,WAiKURO,4,6.0,9,12,13.6,13.5,AMAZING MIGHTYYYY!!!!,6,13.5
AMAZING MIGHTYYYY!!!!,WAiKURO,4,6.0,9,12,13.6,13.5,AMAZING MIGHTYYYY!!!!,1,4.0
AMAZING MIGHTYYYY!!!!,WAiKURO,4,6.0,9,12,13.6,13.5,AMAZING MIGHTYYYY!!!!,3,9.0
AMAZING MIGHTYYYY!!!!,WAiKURO,4,6.0,9,12,13.6,13.5,AMAZING MIGHTYYYY!!!!,5,13.6
AMAZING MIGHTYYYY!!!!,WAiKURO,4,6.0,9,12,13.6,13.5,AMAZING MIGHTYYYY!!!!,6,13.5
AMAZING MIGHTYYYY!!!!,WAiKURO,4,6.0,9,12,13.6,13.5,AMAZING MIGHTYYYY!!!!,1,4.0
AMAZING MIGHTYYYY!!!!,WAiKURO,4,6.0,9,12,13.6,13.5,AMAZING MIGHTYYYY!!!!,2,6.0
AMAZING MIGHTYYYY!!!!,WAiKURO,4,6.0,9,12,13.6,13.5,AMAZING MIGHTYYYY!!!!,3,9.0
AMAZING MIGHTYYYY!!!!,WAiKURO,4,6.0,9,12,13.6,13.5,AMAZING MIGHTYYYY!!!!,4,12.0
AMAZING MIGHTYYYY!!!!,WAiKURO,4,6.0,9,12,13.6,13.5,AMAZING MIGHTYYYY!!!!,4,12.0
AMAZING MIGHTYYYY!!!!,WAiKURO,4,6.0,9,12,13.6,13.5,AMAZING MIGHTYYYY!!!!,6,13.5
AMAZING MIGHTYYYY!!!!,WAiKURO,4,6.0,9,12,13.6,13.5,AMAZING MIGHTYYYY!!!!,2,6.0
ARROW,niki,2,4.0,6.8,10.2,12.3,-,ARROW,1,2.0
ARROW,niki,2,4.0,6.8,10.2,12.3,-,ARROW,5,12.3
ARROW,niki,2,4.0,6.8,10.2,12.3,-,ARROW,4,10.2
ARROW,niki,2,4.0,6.8,10.2,12.3,-,ARROW,3,6.8
ARROW,niki,2,4.0,6.8,10.2,12.3,-,ARROW,2,4.0
ARROW,niki,2,4.0,6.8,10.2,12.3,-,ARROW,2,4.0
ARROW,niki,2,4.0,6.8,10.2,12.3,-,ARROW,5,12.3
ARROW,niki,2,4.0,6.8,10.2,12.3,-,ARROW,1,2.0
ARROW,niki,2,4.0,6.8,10.2,12.3,-,ARROW,3,6.8
ARROW,niki,2,4.0,6.8,10.2,12.3,-,ARROW,2,4.0
ARROW,niki,2,4.0,6.8,10.2,12.3,-,ARROW,1,2.0
ARROW,niki,2,4.0,6.8,10.2,12.3,-,ARROW,5,12.3
ARROW,niki,2,4.0,6.8,10.2,12.3,-,ARROW,4,10.2
ARROW,niki,2,4.0,6.8,10.2,12.3,-,ARROW,3,6.8
ARROW,niki,2,4.0,6.8,10.2,12.3,-,ARROW,4,10.2
Acceleration,REDALiCE,4,6.0,7.9,10.5,11.9,-,Acceleration,2,6.0
Acceleration,REDALiCE,4,6.0,7.9,10.5,11.9,-,Acceleration,1,4.0
Acceleration,REDALiCE,4,6.0,7.9,10.5,11.9,-,Acceleration,5,11.9
Acceleration,REDALiCE,4,6.0,7.9,10.5,11.9,-,Acceleration,3,7.9
Acceleration,REDALiCE,4,6.0,7.9,10.5,11.9,-,Acceleration,4,10.5
After Burner,東京アクティブNEETs,3,5.0,7.8,10,12,-,After Burner,2,5.0
After Burner,東京アクティブNEETs,3,5.0,7.8,10,12,-,After Burner,1,3.0
After Burner,東京アクティブNEETs,3,5.0,7.8,10,12,-,After Burner,4,10.0
After Burner,東京アクティブNEETs,3,5.0,7.8,10,12,-,After Burner,3,7.8
After Burner,東京アクティブNEETs,3,5.0,7.8,10,12,-,After Burner,2,5.0
After Burner,東京アクティブNEETs,3,5.0,7.8,10,12,-,After Burner,1,3.0
After Burner,東京アクティブNEETs,3,5.0,7.8,10,12,-,After Burner,5,12.0
After Burner,東京アクティブNEETs,3,5.0,7.8,10,12,-,After Burner,5,12.0
After Burner,東京アクティブNEETs,3,5.0,7.8,10,12,-,After Burner,3,7.8
After Burner,東京アクティブNEETs,3,5.0,7.8,10,12,-,After Burner,4,10.0
After Burner,東京アクティブNEETs,3,5.0,7.8,10,12,-,After Burner,3,7.8
After Burner,東京アクティブNEETs,3,5.0,7.8,10,12,-,After Burner,4,10.0
After Burner,東京アクティブNEETs,3,5.0,7.8,10,12,-,After Burner,5,12.0
After Burner,東京アクティブNEETs,3,5.0,7.8,10,12,-,After Burner,1,3.0
After Burner,東京アクティブNEETs,3,5.0,7.8,10,12,-,After Burner,2,5.0
Aiolos,xi,4,6.0,8,10.6,13,-,Aiolos,5,13.0
Aiolos,xi,4,6.0,8,10.6,13,-,Aiolos,4,10.6
Aiolos,xi,4,6.0,8,10.6,13,-,Aiolos,2,6.0
Aiolos,xi,4,6.0,8,10.6,13,-,Aiolos,5,13.0
Aiolos,xi,4,6.0,8,10.6,13,-,Aiolos,4,10.6
Aiolos,xi,4,6.0,8,10.6,13,-,Aiolos,3,8.0
Aiolos,xi,4,6.0,8,10.6,13,-,Aiolos,2,6.0
Aiolos,xi,4,6.0,8,10.6,13,-,Aiolos,1,4.0
Aiolos,xi,4,6.0,8,10.6,13,-,Aiolos,3,8.0
Aiolos,xi,4,6.0,8,10.6,13,-,Aiolos,4,10.6
Aiolos,xi,4,6.0,8,10.6,13,-,Aiolos,5,13.0
Aiolos,xi,4,6.0,8,10.6,13,-,Aiolos,1,4.0
Aiolos,xi,4,6.0,8,10.6,13,-,Aiolos,1,4.0
Aiolos,xi,4,6.0,8,10.6,13,-,Aiolos,2,6.0
Aiolos,xi,4,6.0,8,10.6,13,-,Aiolos,3,8.0
Alea jacta est!,BlackY fused with WAiKURO,4,6.0,8.8,11.5,13.5,13.9,Alea jacta est!,5,13.5
Alea jacta est!,BlackY fused with WAiKURO,4,6.0,8.8,11.5,13.5,13.9,Alea jacta est!,4,11.5
Alea jacta est!,BlackY fused with WAiKURO,4,6.0,8.8,11.5,13.5,13.9,Alea jacta est!,3,8.8
Alea jacta est!,BlackY fused with WAiKURO,4,6.0,8.8,11.5,13.5,13.9,Alea jacta est!,2,6.0
Alea jacta est!,BlackY fused with WAiKURO,4,6.0,8.8,11.5,13.5,13.9,Alea jacta est!,1,4.0
Alea jacta est!,BlackY fused with WAiKURO,4,6.0,8.8,11.5,13.5,13.9,Alea jacta est!,6,13.9
Alea jacta est!,BlackY fused with WAiKURO,4,6.0,8.8,11.5,13.5,13.9,Alea jacta est!,5,13.5
Alea jacta est!,BlackY fused with WAiKURO,4,6.0,8.8,11.5,13.5,13.9,Alea jacta est!,4,11.5
Alea jacta est!,BlackY fused with WAiKURO,4,6.0,8.8,11.5,13.5,13.9,Alea jacta est!,3,8.8
Alea jacta est!,BlackY fused with WAiKURO,4,6.0,8.8,11.5,13.5,13.9,Alea jacta est!,2,6.0
Alea jacta est!,BlackY fused with WAiKURO,4,6.0,8.8,11.5,13.5,13.9,Alea jacta est!,1,4.0
Alea jacta est!,BlackY fused with WAiKURO,4,6.0,8.8,11.5,13.5,13.9,Alea jacta est!,6,13.9
Alea jacta est!,BlackY fused with WAiKURO,4,6.0,8.8,11.5,13.5,13.9,Alea jacta est!,5,13.5
Alea jacta est!,BlackY fused with WAiKURO,4,6.0,8.8,11.5,13.5,13.9,Alea jacta est!,4,11.5
Alea jacta est!,BlackY fused with WAiKURO,4,6.0,8.8,11.5,13.5,13.9,Alea jacta est!,3,8.8
Alea jacta est!,BlackY fused with WAiKURO,4,6.0,8.8,11.5,13.5,13.9,Alea jacta est!,6,13.9
Alea jacta est!,BlackY fused with WAiKURO,4,6.0,8.8,11.5,13.5,13.9,Alea jacta est!,1,4.0
Alea jacta est!,BlackY fused with WAiKURO,4,6.0,8.8,11.5,13.5,13.9,Alea jacta est!,2,6.0
Altale,削除,3,4.0,7.7,10.8,12.7,-,Altale,2,4.0
Altale,削除,3,4.0,7.7,10.8,12.7,-,Altale,3,7.7
Altale,削除,3,4.0,7.7,10.8,12.7,-,Altale,4,10.8
Altale,削除,3,4.0,7.7,10.8,12.7,-,Altale,5,12.7
Altale,削除,3,4.0,7.7,10.8,12.7,-,Altale,1,3.0
Arrival of Tears,彩音,3,4.0,6.2,9.2,12.3,-,Arrival of Tears,5,12.3
Arrival of Tears,彩音,3,4.0,6.2,9.2,12.3,-,Arrival of Tears,3,6.2
Arrival of Tears,彩音,3,4.0,6.2,9.2,12.3,-,Arrival of Tears,2,4.0
Arrival of Tears,彩音,3,4.0,6.2,9.2,12.3,-,Arrival of Tears,1,3.0
Arrival of Tears,彩音,3,4.0,6.2,9.2,12.3,-,Arrival of Tears,4,9.2
Axeria,AcuticNotes,4,6.0,7.8,10.8,13.4,-,Axeria,3,7.8
Axeria,AcuticNotes,4,6.0,7.8,10.8,13.4,-,Axeria,5,13.4
Axeria,AcuticNotes,4,6.0,7.8,10.8,13.4,-,Axeria,4,10.8
Axeria,AcuticNotes,4,6.0,7.8,10.8,13.4,-,Axeria,2,6.0
Axeria,AcuticNotes,4,6.0,7.8,10.8,13.4,-,Axeria,1,4.0
Axeria,AcuticNotes,4,6.0,7.8,10.8,13.4,-,Axeria,5,13.4
Axeria,AcuticNotes,4,6.0,7.8,10.8,13.4,-,Axeria,4,10.8
Axeria,AcuticNotes,4,6.0,7.8,10.8,13.4,-,Axeria,3,7.8
Axeria,AcuticNotes,4,6.0,7.8,10.8,13.4,-,Axeria,1,4.0
Axeria,AcuticNotes,4,6.0,7.8,10.8,13.4,-,Axeria,2,6.0
Axeria,AcuticNotes,4,6.0,7.8,10.8,13.4,-,Axeria,4,10.8
Axeria,AcuticNotes,4,6.0,7.8,10.8,13.4,-,Axeria,3,7.8
Axeria,AcuticNotes,4,6.0,7.8,10.8,13.4,-,Axeria,2,6.0
Axeria,AcuticNotes,4,6.0,7.8,10.8,13.4,-,Axeria,1,4.0
Axeria,AcuticNotes,4,6.0,7.8,10.8,13.4,-,Axeria,5,13.4
B.B.K.K.B.K.K.,nora2r,3,5.0,8,10.6,12.9,-,B.B.K.K.B.K.K.,3,8.0
B.B.K.K.B.K.K.,nora2r,3,5.0,8,10.6,12.9,-,B.B.K.K.B.K.K.,2,5.0
B.B.K.K.B.K.K.,nora2r,3,5.0,8,10.6,12.9,-,B.B.K.K.B.K.K.,5,12.9
B.B.K.K.B.K.K.,nora2r,3,5.0,8,10.6,12.9,-,B.B.K.K.B.K.K.,4,10.6
B.B.K.K.B.K.K.,nora2r,3,5.0,8,10.6,12.9,-,B.B.K.K.B.K.K.,1,3.0
B.M.S.,光吉猛修の父,3,5.0,8,11,13,-,B.M.S.,1,3.0
B.M.S.,光吉猛修の父,3,5.0,8,11,13,-,B.M.S.,5,13.0
B.M.S.,光吉猛修の父,3,5.0,8,11,13,-,B.M.S.,4,11.0
B.M.S.,光吉猛修の父,3,5.0,8,11,13,-,B.M.S.,3,8.0
B.M.S.,光吉猛修の父,3,5.0,8,11,13,-,B.M.S.,4,11.0
B.M.S.,光吉猛修の父,3,5.0,8,11,13,-,B.M.S.,2,5.0
B.M.S.,光吉猛修の父,3,5.0,8,11,13,-,B.M.S.,2,5.0
B.M.S.,光吉猛修の父,3,5.0,8,11,13,-,B.M.S.,1,3.0
B.M.S.,光吉猛修の父,3,5.0,8,11,13,-,B.M.S.,5,13.0
B.M.S.,光吉猛修の父,3,5.0,8,11,13,-,B.M.S.,3,8.0
B.M.S.,光吉猛修の父,3,5.0,8,11,13,-,B.M.S.,2,5.0
B.M.S.,光吉猛修の父,3,5.0,8,11,13,-,B.M.S.,1,3.0
B.M.S.,光吉猛修の父,3,5.0,8,11,13,-,B.M.S.,3,8.0
B.M.S.,光吉猛修の父,3,5.0,8,11,13,-,B.M.S.,4,11.0
B.M.S.,光吉猛修の父,3,5.0,8,11,13,-,B.M.S.,5,13.0
BAD∞END∞NIGHT,ひとしずくP・やま△,2,4.0,7.8,9,11.7,-,BAD∞END∞NIGHT,4,9.0
BAD∞END∞NIGHT,ひとしずくP・やま△,2,4.0,7.8,9,11.7,-,BAD∞END∞NIGHT,5,11.7
BAD∞END∞NIGHT,ひとしずくP・やま△,2,4.0,7.8,9,11.7,-,BAD∞END∞NIGHT,1,2.0
BAD∞END∞NIGHT,ひとしずくP・やま△,2,4.0,7.8,9,11.7,-,BAD∞END∞NIGHT,2,4.0
BAD∞END∞NIGHT,ひとしずくP・やま△,2,4.0,7.8,9,11.7,-,BAD∞END∞NIGHT,3,7.8
BETTER CHOICE,Jimmy Weckl feat.高貴みな,3,5.0,7.5,9.2,11.7,-,BETTER CHOICE,1,3.0
BETTER CHOICE,Jimmy Weckl feat.高貴みな,3,5.0,7.5,9.2,11.7,-,BETTER CHOICE,2,5.0
BETTER CHOICE,Jimmy Weckl feat.高貴みな,3,5.0,7.5,9.2,11.7,-,BETTER CHOICE,3,7.5
BETTER CHOICE,Jimmy Weckl feat.高貴みな,3,5.0,7.5,9.2,11.7,-,BETTER CHOICE,4,9.2
BETTER CHOICE,Jimmy Weckl feat.高貴みな,3,5.0,7.5,9.2,11.7,-,BETTER CHOICE,5,11.7
BREAK YOU!!,A-One,2,5.0,6.4,9.5,12,-,BREAK YOU!!,3,6.4
BREAK YOU!!,A-One,2,5.0,6.4,9.5,12,-,BREAK YOU!!,2,5.0
BREAK YOU!!,A-One,2,5.0,6.4,9.5,12,-,BREAK YOU!!,1,2.0
BREAK YOU!!,A-One,2,5.0,6.4,9.5,12,-,BREAK YOU!!,5,12.0
BREAK YOU!!,A-One,2,5.0,6.4,9.5,12,-,BREAK YOU!!,4,9.5
Back 2 Back,長沼英樹「ソニック ラッシュ」,3,5.0,7,9.3,12.5,-,Back 2 Back,3,7.0
Back 2 Back,長沼英樹「ソニック ラッシュ」,3,5.0,7,9.3,12.5,-,Back 2 Back,2,5.0
Back 2 Back,長沼英樹「ソニック ラッシュ」,3,5.0,7,9.3,12.5,-,Back 2 Back,1,3.0
Back 2 Back,長沼英樹「ソニック ラッシュ」,3,5.0,7,9.3,12.5,-,Back 2 Back,5,12.5
Back 2 Back,長沼英樹「ソニック ラッシュ」,3,5.0,7,9.3,12.5,-,Back 2 Back,4,9.3
Back 2 Back,長沼英樹「ソニック ラッシュ」,3,5.0,7,9.3,12.5,-,Back 2 Back,2,5.0
Back 2 Back,長沼英樹「ソニック ラッシュ」,3,5.0,7,9.3,12.5,-,Back 2 Back,1,3.0
Back 2 Back,長沼英樹「ソニック ラッシュ」,3,5.0,7,9.3,12.5,-,Back 2 Back,5,12.5
Back 2 Back,長沼英樹「ソニック ラッシュ」,3,5.0,7,9.3,12.5,-,Back 2 Back,4,9.3
Back 2 Back,長沼英樹「ソニック ラッシュ」,3,5.0,7,9.3,12.5,-,Back 2 Back,3,7.0
Back 2 Back,長沼英樹「ソニック ラッシュ」,3,5.0,7,9.3,12.5,-,Back 2 Back,2,5.0
Back 2 Back,長沼英樹「ソニック ラッシュ」,3,5.0,7,9.3,12.5,-,Back 2 Back,1,3.0
Back 2 Back,長沼英樹「ソニック ラッシュ」,3,5.0,7,9.3,12.5,-,Back 2 Back,5,12.5
Back 2 Back,長沼英樹「ソニック ラッシュ」,3,5.0,7,9.3,12.5,-,Back 2 Back,4,9.3
Back 2 Back,長沼英樹「ソニック ラッシュ」,3,5.0,7,9.3,12.5,-,Back 2 Back,3,7.0
Bad Apple!! feat nomico,Masayoshi Minoshima,2,4.0,6,8.9,10.9,12.3,Bad Apple!! feat nomico,6,12.3
Bad Apple!! feat nomico,Masayoshi Minoshima,2,4.0,6,8.9,10.9,12.3,Bad Apple!! feat nomico,5,10.9
Bad Apple!! feat nomico,Masayoshi Minoshima,2,4.0,6,8.9,10.9,12.3,Bad Apple!! feat nomico,4,8.9
Bad Apple!! feat nomico,Masayoshi Minoshima,2,4.0,6,8.9,10.9,12.3,Bad Apple!! feat nomico,3,6.0
Bad Apple!! feat nomico,Masayoshi Minoshima,2,4.0,6,8.9,10.9,12.3,Bad Apple!! feat nomico,2,4.0
Bad Apple!! feat nomico,Masayoshi Minoshima,2,4.0,6,8.9,10.9,12.3,Bad Apple!! feat nomico,1,2.0
Bad Apple!! feat nomico,Masayoshi Minoshima,2,4.0,6,8.9,10.9,12.3,Bad Apple!! feat nomico,6,12.3
Bad Apple!! feat nomico,Masayoshi Minoshima,2,4.0,6,8.9,10.9,12.3,Bad Apple!! feat nomico,4,8.9
Bad Apple!! feat nomico,Masayoshi Minoshima,2,4.0,6,8.9,10.9,12.3,Bad Apple!! feat nomico,5,10.9
Bad Apple!! feat nomico,Masayoshi Minoshima,2,4.0,6,8.9,10.9,12.3,Bad Apple!! feat nomico,2,4.0
Bad Apple!! feat nomico,Masayoshi Minoshima,2,4.0,6,8.9,10.9,12.3,Bad Apple!! feat nomico,1,2.0
Bad Apple!! feat nomico,Masayoshi Minoshima,2,4.0,6,8.9,10.9,12.3,Bad Apple!! feat nomico,6,12.3
Bad Apple!! feat nomico,Masayoshi Minoshima,2,4.0,6,8.9,10.9,12.3,Bad Apple!! feat nomico,5,10.9
Bad Apple!! feat nomico,Masayoshi Minoshima,2,4.0,6,8.9,10.9,12.3,Bad Apple!! feat nomico,4,8.9
Bad Apple!! feat nomico,Masayoshi Minoshima,2,4.0,6,8.9,10.9,12.3,Bad Apple!! feat nomico,3,6.0
Bad Apple!! feat nomico,Masayoshi Minoshima,2,4.0,6,8.9,10.9,12.3,Bad Apple!! feat nomico,2,4.0
Bad Apple!! feat nomico,Masayoshi Minoshima,2,4.0,6,8.9,10.9,12.3,Bad Apple!! feat nomico,1,2.0
Bad Apple!! feat nomico,Masayoshi Minoshima,2,4.0,6,8.9,10.9,12.3,Bad Apple!! feat nomico,3,6.0
Bang Babang Bang!!!,御形 アリシアナ(CV:福原 綾香),2,5.0,7.7,9.8,12,-,Bang Babang Bang!!!,2,5.0
Bang Babang Bang!!!,御形 アリシアナ(CV:福原 綾香),2,5.0,7.7,9.8,12,-,Bang Babang Bang!!!,3,7.7
Bang Babang Bang!!!,御形 アリシアナ(CV:福原 綾香),2,5.0,7.7,9.8,12,-,Bang Babang Bang!!!,4,9.8
Bang Babang Bang!!!,御形 アリシアナ(CV:福原 綾香),2,5.0,7.7,9.8,12,-,Bang Babang Bang!!!,5,12.0
Bang Babang Bang!!!,御形 アリシアナ(CV:福原 綾香),2,5.0,7.7,9.8,12,-,Bang Babang Bang!!!,1,2.0
Bang Babang Bang!!!,御形 アリシアナ(CV:福原 綾香),2,5.0,7.7,9.8,12,-,Bang Babang Bang!!!,2,5.0
Bang Babang Bang!!!,御形 アリシアナ(CV:福原 綾香),2,5.0,7.7,9.8,12,-,Bang Babang Bang!!!,4,9.8
Bang Babang Bang!!!,御形 アリシアナ(CV:福原 綾香),2,5.0,7.7,9.8,12,-,Bang Babang Bang!!!,5,12.0
Bang Babang Bang!!!,御形 アリシアナ(CV:福原 綾香),2,5.0,7.7,9.8,12,-,Bang Babang Bang!!!,1,2.0
Bang Babang Bang!!!,御形 アリシアナ(CV:福原 綾香),2,5.0,7.7,9.8,12,-,Bang Babang Bang!!!,3,7.7
Bang Babang Bang!!!,御形 アリシアナ(CV:福原 綾香),2,5.0,7.7,9.8,12,-,Bang Babang Bang!!!,4,9.8
Bang Babang Bang!!!,御形 アリシアナ(CV:福原 綾香),2,5.0,7.7,9.8,12,-,Bang Babang Bang!!!,5,12.0
Bang Babang Bang!!!,御形 アリシアナ(CV:福原 綾香),2,5.0,7.7,9.8,12,-,Bang Babang Bang!!!,3,7.7
Bang Babang Bang!!!,御形 アリシアナ(CV:福原 綾香),2,5.0,7.7,9.8,12,-,Bang Babang Bang!!!,1,2.0
Bang Babang Bang!!!,御形 アリシアナ(CV:福原 綾香),2,5.0,7.7,9.8,12,-,Bang Babang Bang!!!,2,5.0
Barbed Eye,柿チョコ×みきとP,2,4.0,6.8,9.2,11.7,-,Barbed Eye,4,9.2
Barbed Eye,柿チョコ×みきとP,2,4.0,6.8,9.2,11.7,-,Barbed Eye,1,2.0
Barbed Eye,柿チョコ×みきとP,2,4.0,6.8,9.2,11.7,-,Barbed Eye,2,4.0
Barbed Eye,柿チョコ×みきとP,2,4.0,6.8,9.2,11.7,-,Barbed Eye,3,6.8
Barbed Eye,柿チョコ×みきとP,2,4.0,6.8,9.2,11.7,-,Barbed Eye,5,11.7
Beat Of Mind,Hiro「Crackin'DJ」,4,6.0,8.5,10.5,10.5,13.5,Beat Of Mind,5,10.5
Beat Of Mind,Hiro「Crackin'DJ」,4,6.0,8.5,10.5,10.5,13.5,Beat Of Mind,6,13.5
Beat Of Mind,Hiro「Crackin'DJ」,4,6.0,8.5,10.5,10.5,13.5,Beat Of Mind,1,4.0
Beat Of Mind,Hiro「Crackin'DJ」,4,6.0,8.5,10.5,10.5,13.5,Beat Of Mind,6,13.5
Beat Of Mind,Hiro「Crackin'DJ」,4,6.0,8.5,10.5,10.5,13.5,Beat Of Mind,4,10.5
Beat Of Mind,Hiro「Crackin'DJ」,4,6.0,8.5,10.5,10.5,13.5,Beat Of Mind,3,8.5
Beat Of Mind,Hiro「Crackin'DJ」,4,6.0,8.5,10.5,10.5,13.5,Beat Of Mind,4,10.5
Beat Of Mind,Hiro「Crackin'DJ」,4,6.0,8.5,10.5,10.5,13.5,Beat Of Mind,5,10.5
Beat Of Mind,Hiro「Crackin'DJ」,4,6.0,8.5,10.5,10.5,13.5,Beat Of Mind,2,6.0
Beat Of Mind,Hiro「Crackin'DJ」,4,6.0,8.5,10.5,10.5,13.5,Beat Of Mind,3,8.5
Beat Of Mind,Hiro「Crackin'DJ」,4,6.0,8.5,10.5,10.5,13.5,Beat Of Mind,1,4.0
Beat Of Mind,Hiro「Crackin'DJ」,4,6.0,8.5,10.5,10.5,13.5,Beat Of Mind,1,4.0
Beat Of Mind,Hiro「Crackin'DJ」,4,6.0,8.5,10.5,10.5,13.5,Beat Of Mind,6,13.5
Beat Of Mind,Hiro「Crackin'DJ」,4,6.0,8.5,10.5,10.5,13.5,Beat Of Mind,2,6.0
Beat Of Mind,Hiro「Crackin'DJ」,4,6.0,8.5,10.5,10.5,13.5,Beat Of Mind,3,8.5
Beat Of Mind,Hiro「Crackin'DJ」,4,6.0,8.5,10.5,10.5,13.5,Beat Of Mind,4,10.5
Beat Of Mind,Hiro「Crackin'DJ」,4,6.0,8.5,10.5,10.5,13.5,Beat Of Mind,5,10.5
Beat Of Mind,Hiro「Crackin'DJ」,4,6.0,8.5,10.5,10.5,13.5,Beat Of Mind,2,6.0
Beat of getting entangled,Shoichiro Hirata,3,5.0,8,10.6,12.2,-,Beat of getting entangled,4,10.6
Beat of getting entangled,Shoichiro Hirata,3,5.0,8,10.6,12.2,-,Beat of getting entangled,3,8.0
Beat of getting entangled,Shoichiro Hirata,3,5.0,8,10.6,12.2,-,Beat of getting entangled,2,5.0
Beat of getting entangled,Shoichiro Hirata,3,5.0,8,10.6,12.2,-,Beat of getting entangled,1,3.0
Beat of getting entangled,Shoichiro Hirata,3,5.0,8,10.6,12.2,-,Beat of getting entangled,5,12.2
Believe the Rainbow,Shoichiro Hirata feat.Sana,2,4.0,7.8,8.8,12,-,Believe the Rainbow,5,12.0
Believe the Rainbow,Shoichiro Hirata feat.Sana,2,4.0,7.8,8.8,12,-,Believe the Rainbow,4,8.8
Believe the Rainbow,Shoichiro Hirata feat.Sana,2,4.0,7.8,8.8,12,-,Believe the Rainbow,1,2.0
Believe the Rainbow,Shoichiro Hirata feat.Sana,2,4.0,7.8,8.8,12,-,Believe the Rainbow,2,4.0
Believe the Rainbow,Shoichiro Hirata feat.Sana,2,4.0,7.8,8.8,12,-,Believe the Rainbow,3,7.8
Believe the Rainbow,Shoichiro Hirata feat.Sana,2,4.0,7.8,8.8,12,-,Believe the Rainbow,4,8.8
Believe the Rainbow,Shoichiro Hirata feat.Sana,2,4.0,7.8,8.8,12,-,Believe the Rainbow,5,12.0
Believe the Rainbow,Shoichiro Hirata feat.Sana,2,4.0,7.8,8.8,12,-,Believe the Rainbow,1,2.0
Believe the Rainbow,Shoichiro Hirata feat.Sana,2,4.0,7.8,8.8,12,-,Believe the Rainbow,2,4.0
Believe the Rainbow,Shoichiro Hirata feat.Sana,2,4.0,7.8,8.8,12,-,Believe the Rainbow,4,8.8
Believe the Rainbow,Shoichiro Hirata feat.Sana,2,4.0,7.8,8.8,12,-,Believe the Rainbow,1,2.0
Believe the Rainbow,Shoichiro Hirata feat.Sana,2,4.0,7.8,8.8,12,-,Believe the Rainbow,2,4.0
Believe the Rainbow,Shoichiro Hirata feat.Sana,2,4.0,7.8,8.8,12,-,Believe the Rainbow,3,7.8
Believe the Rainbow,Shoichiro Hirata feat.Sana,2,4.0,7.8,8.8,12,-,Believe the Rainbow,5,12.0
Believe the Rainbow,Shoichiro Hirata feat.Sana,2,4.0,7.8,8.8,12,-,Believe the Rainbow,3,7.8
Black Out,Tsukasa（Arte Refact）,4,6.0,7.4,11.6,11.6,-,Black Out,5,11.6
Black Out,Tsukasa（Arte Refact）,4,6.0,7.4,11.6,11.6,-,Black Out,4,11.6
Black Out,Tsukasa（Arte Refact）,4,6.0,7.4,11.6,11.6,-,Black Out,3,7.4
Black Out,Tsukasa（Arte Refact）,4,6.0,7.4,11.6,11.6,-,Black Out,1,4.0
Black Out,Tsukasa（Arte Refact）,4,6.0,7.4,11.6,11.6,-,Black Out,2,6.0
Blew Moon,t+pazolite,2,4.0,8.4,10.3,11.9,11.7,Blew Moon,6,11.7
Blew Moon,t+pazolite,2,4.0,8.4,10.3,11.9,11.7,Blew Moon,1,2.0
Blew Moon,t+pazolite,2,4.0,8.4,10.3,11.9,11.7,Blew Moon,2,4.0
Blew Moon,t+pazolite,2,4.0,8.4,10.3,11.9,11.7,Blew Moon,3,8.4
Blew Moon,t+pazolite,2,4.0,8.4,10.3,11.9,11.7,Blew Moon,1,2.0
Blew Moon,t+pazolite,2,4.0,8.4,10.3,11.9,11.7,Blew Moon,4,10.3
Blew Moon,t+pazolite,2,4.0,8.4,10.3,11.9,11.7,Blew Moon,5,11.9
Blew Moon,t+pazolite,2,4.0,8.4,10.3,11.9,11.7,Blew Moon,6,11.7
Blew Moon,t+pazolite,2,4.0,8.4,10.3,11.9,11.7,Blew Moon,2,4.0
Blew Moon,t+pazolite,2,4.0,8.4,10.3,11.9,11.7,Blew Moon,1,2.0
Blew Moon,t+pazolite,2,4.0,8.4,10.3,11.9,11.7,Blew Moon,4,10.3
Blew Moon,t+pazolite,2,4.0,8.4,10.3,11.9,11.7,Blew Moon,5,11.9
Blew Moon,t+pazolite,2,4.0,8.4,10.3,11.9,11.7,Blew Moon,6,11.7
Blew Moon,t+pazolite,2,4.0,8.4,10.3,11.9,11.7,Blew Moon,5,11.9
Blew Moon,t+pazolite,2,4.0,8.4,10.3,11.9,11.7,Blew Moon,4,10.3
Blew Moon,t+pazolite,2,4.0,8.4,10.3,11.9,11.7,Blew Moon,3,8.4
Blew Moon,t+pazolite,2,4.0,8.4,10.3,11.9,11.7,Blew Moon,2,4.0
Blew Moon,t+pazolite,2,4.0,8.4,10.3,11.9,11.7,Blew Moon,3,8.4
Brain Power,ノマ,3,5.0,7.9,10.2,12.6,-,Brain Power,3,7.9
Brain Power,ノマ,3,5.0,7.9,10.2,12.6,-,Brain Power,5,12.6
Brain Power,ノマ,3,5.0,7.9,10.2,12.6,-,Brain Power,4,10.2
Brain Power,ノマ,3,5.0,7.9,10.2,12.6,-,Brain Power,2,5.0
Brain Power,ノマ,3,5.0,7.9,10.2,12.6,-,Brain Power,1,3.0
Brain Power,ノマ,3,5.0,7.9,10.2,12.6,-,Brain Power,5,12.6
Brain Power,ノマ,3,5.0,7.9,10.2,12.6,-,Brain Power,4,10.2
Brain Power,ノマ,3,5.0,7.9,10.2,12.6,-,Brain Power,3,7.9
Brain Power,ノマ,3,5.0,7.9,10.2,12.6,-,Brain Power,2,5.0
Brain Power,ノマ,3,5.0,7.9,10.2,12.6,-,Brain Power,3,7.9
Brain Power,ノマ,3,5.0,7.9,10.2,12.6,-,Brain Power,1,3.0
Brain Power,ノマ,3,5.0,7.9,10.2,12.6,-,Brain Power,2,5.0
Brain Power,ノマ,3,5.0,7.9,10.2,12.6,-,Brain Power,1,3.0
Brain Power,ノマ,3,5.0,7.9,10.2,12.6,-,Brain Power,5,12.6
Brain Power,ノマ,3,5.0,7.9,10.2,12.6,-,Brain Power,4,10.2
Brand-new Japanesque,「龍が如く 見参！」,2,4.0,7.6,9.1,11.8,-,Brand-new Japanesque,1,2.0
Brand-new Japanesque,「龍が如く 見参！」,2,4.0,7.6,9.1,11.8,-,Brand-new Japanesque,2,4.0
Brand-new Japanesque,「龍が如く 見参！」,2,4.0,7.6,9.1,11.8,-,Brand-new Japanesque,3,7.6
Brand-new Japanesque,「龍が如く 見参！」,2,4.0,7.6,9.1,11.8,-,Brand-new Japanesque,4,9.1
Brand-new Japanesque,「龍が如く 見参！」,2,4.0,7.6,9.1,11.8,-,Brand-new Japanesque,5,11.8
CALL HEAVEN!!,夢色キャスト,1,4.0,6.8,9.2,10.8,-,CALL HEAVEN!!,1,1.0
CALL HEAVEN!!,夢色キャスト,1,4.0,6.8,9.2,10.8,-,CALL HEAVEN!!,2,4.0
CALL HEAVEN!!,夢色キャスト,1,4.0,6.8,9.2,10.8,-,CALL HEAVEN!!,4,9.2
CALL HEAVEN!!,夢色キャスト,1,4.0,6.8,9.2,10.8,-,CALL HEAVEN!!,3,6.8
CALL HEAVEN!!,夢色キャスト,1,4.0,6.8,9.2,10.8,-,CALL HEAVEN!!,5,10.8
CITRUS MONSTER,D-Cee,3,6.0,8.5,10.8,13.4,-,CITRUS MONSTER,5,13.4
CITRUS MONSTER,D-Cee,3,6.0,8.5,10.8,13.4,-,CITRUS MONSTER,4,10.8
CITRUS MONSTER,D-Cee,3,6.0,8.5,10.8,13.4,-,CITRUS MONSTER,3,8.5
CITRUS MONSTER,D-Cee,3,6.0,8.5,10.8,13.4,-,CITRUS MONSTER,5,13.4
CITRUS MONSTER,D-Cee,3,6.0,8.5,10.8,13.4,-,CITRUS MONSTER,2,6.0
CITRUS MONSTER,D-Cee,3,6.0,8.5,10.8,13.4,-,CITRUS MONSTER,1,3.0
CITRUS MONSTER,D-Cee,3,6.0,8.5,10.8,13.4,-,CITRUS MONSTER,2,6.0
CITRUS MONSTER,D-Cee,3,6.0,8.5,10.8,13.4,-,CITRUS MONSTER,3,8.5
CITRUS MONSTER,D-Cee,3,6.0,8.5,10.8,13.4,-,CITRUS MONSTER,4,10.8
CITRUS MONSTER,D-Cee,3,6.0,8.5,10.8,13.4,-,CITRUS MONSTER,3,8.5
CITRUS MONSTER,D-Cee,3,6.0,8.5,10.8,13.4,-,CITRUS MONSTER,2,6.0
CITRUS MONSTER,D-Cee,3,6.0,8.5,10.8,13.4,-,CITRUS MONSTER,1,3.0
CITRUS MONSTER,D-Cee,3,6.0,8.5,10.8,13.4,-,CITRUS MONSTER,5,13.4
CITRUS MONSTER,D-Cee,3,6.0,8.5,10.8,13.4,-,CITRUS MONSTER,4,10.8
CITRUS MONSTER,D-Cee,3,6.0,8.5,10.8,13.4,-,CITRUS MONSTER,1,3.0
CYBER Sparks,Tatsh,3,5.0,7,10,10.9,12.8,CYBER Sparks,5,10.9
CYBER Sparks,Tatsh,3,5.0,7,10,10.9,12.8,CYBER Sparks,4,10.0
CYBER Sparks,Tatsh,3,5.0,7,10,10.9,12.8,CYBER Sparks,1,3.0
CYBER Sparks,Tatsh,3,5.0,7,10,10.9,12.8,CYBER Sparks,2,5.0
CYBER Sparks,Tatsh,3,5.0,7,10,10.9,12.8,CYBER Sparks,3,7.0
CYBER Sparks,Tatsh,3,5.0,7,10,10.9,12.8,CYBER Sparks,4,10.0
CYBER Sparks,Tatsh,3,5.0,7,10,10.9,12.8,CYBER Sparks,6,12.8
CYBER Sparks,Tatsh,3,5.0,7,10,10.9,12.8,CYBER Sparks,1,3.0
CYBER Sparks,Tatsh,3,5.0,7,10,10.9,12.8,CYBER Sparks,6,12.8
CYBER Sparks,Tatsh,3,5.0,7,10,10.9,12.8,CYBER Sparks,2,5.0
CYBER Sparks,Tatsh,3,5.0,7,10,10.9,12.8,CYBER Sparks,4,10.0
CYBER Sparks,Tatsh,3,5.0,7,10,10.9,12.8,CYBER Sparks,5,10.9
CYBER Sparks,Tatsh,3,5.0,7,10,10.9,12.8,CYBER Sparks,6,12.8
CYBER Sparks,Tatsh,3,5.0,7,10,10.9,12.8,CYBER Sparks,1,3.0
CYBER Sparks,Tatsh,3,5.0,7,10,10.9,12.8,CYBER Sparks,2,5.0
CYBER Sparks,Tatsh,3,5.0,7,10,10.9,12.8,CYBER Sparks,3,7.0
CYBER Sparks,Tatsh,3,5.0,7,10,10.9,12.8,CYBER Sparks,3,7.0
CYBER Sparks,Tatsh,3,5.0,7,10,10.9,12.8,CYBER Sparks,5,10.9
CYCLES,Masayoshi Minoshima feat. 綾倉盟,2,5.0,7.2,9.2,12.6,-,CYCLES,2,5.0
CYCLES,Masayoshi Minoshima feat. 綾倉盟,2,5.0,7.2,9.2,12.6,-,CYCLES,2,5.0
CYCLES,Masayoshi Minoshima feat. 綾倉盟,2,5.0,7.2,9.2,12.6,-,CYCLES,1,2.0
CYCLES,Masayoshi Minoshima feat. 綾倉盟,2,5.0,7.2,9.2,12.6,-,CYCLES,4,9.2
CYCLES,Masayoshi Minoshima feat. 綾倉盟,2,5.0,7.2,9.2,12.6,-,CYCLES,3,7.2
CYCLES,Masayoshi Minoshima feat. 綾倉盟,2,5.0,7.2,9.2,12.6,-,CYCLES,2,5.0
CYCLES,Masayoshi Minoshima feat. 綾倉盟,2,5.0,7.2,9.2,12.6,-,CYCLES,1,2.0
CYCLES,Masayoshi Minoshima feat. 綾倉盟,2,5.0,7.2,9.2,12.6,-,CYCLES,5,12.6
CYCLES,Masayoshi Minoshima feat. 綾倉盟,2,5.0,7.2,9.2,12.6,-,CYCLES,5,12.6
CYCLES,Masayoshi Minoshima feat. 綾倉盟,2,5.0,7.2,9.2,12.6,-,CYCLES,3,7.2
CYCLES,Masayoshi Minoshima feat. 綾倉盟,2,5.0,7.2,9.2,12.6,-,CYCLES,1,2.0
CYCLES,Masayoshi Minoshima feat. 綾倉盟,2,5.0,7.2,9.2,12.6,-,CYCLES,5,12.6
CYCLES,Masayoshi Minoshima feat. 綾倉盟,2,5.0,7.2,9.2,12.6,-,CYCLES,4,9.2
CYCLES,Masayoshi Minoshima feat. 綾倉盟,2,5.0,7.2,9.2,12.6,-,CYCLES,3,7.2
CYCLES,Masayoshi Minoshima feat. 綾倉盟,2,5.0,7.2,9.2,12.6,-,CYCLES,4,9.2
Calamity Fortune,LeaF,3,6.0,8.5,11,13.2,-,Calamity Fortune,2,6.0
Calamity Fortune,LeaF,3,6.0,8.5,11,13.2,-,Calamity Fortune,1,3.0
Calamity Fortune,LeaF,3,6.0,8.5,11,13.2,-,Calamity Fortune,5,13.2
Calamity Fortune,LeaF,3,6.0,8.5,11,13.2,-,Calamity Fortune,4,11.0
Calamity Fortune,LeaF,3,6.0,8.5,11,13.2,-,Calamity Fortune,3,8.5
Calamity Fortune,LeaF,3,6.0,8.5,11,13.2,-,Calamity Fortune,2,6.0
Calamity Fortune,LeaF,3,6.0,8.5,11,13.2,-,Calamity Fortune,1,3.0
Calamity Fortune,LeaF,3,6.0,8.5,11,13.2,-,Calamity Fortune,3,8.5
Calamity Fortune,LeaF,3,6.0,8.5,11,13.2,-,Calamity Fortune,4,11.0
Calamity Fortune,LeaF,3,6.0,8.5,11,13.2,-,Calamity Fortune,2,6.0
Calamity Fortune,LeaF,3,6.0,8.5,11,13.2,-,Calamity Fortune,1,3.0
Calamity Fortune,LeaF,3,6.0,8.5,11,13.2,-,Calamity Fortune,5,13.2
Calamity Fortune,LeaF,3,6.0,8.5,11,13.2,-,Calamity Fortune,3,8.5
Calamity Fortune,LeaF,3,6.0,8.5,11,13.2,-,Calamity Fortune,5,13.2
Calamity Fortune,LeaF,3,6.0,8.5,11,13.2,-,Calamity Fortune,4,11.0
Caliburne ～Story of the Legendary sword～,Project Grimoire,4,6.0,8.6,11,13.2,-,Caliburne ～Story of the Legendary sword～,2,6.0
Caliburne ～Story of the Legendary sword～,Project Grimoire,4,6.0,8.6,11,13.2,-,Caliburne ～Story of the Legendary sword～,1,4.0
Caliburne ～Story of the Legendary sword～,Project Grimoire,4,6.0,8.6,11,13.2,-,Caliburne ～Story of the Legendary sword～,5,13.2
Caliburne ～Story of the Legendary sword～,Project Grimoire,4,6.0,8.6,11,13.2,-,Caliburne ～Story of the Legendary sword～,5,13.2
Caliburne ～Story of the Legendary sword～,Project Grimoire,4,6.0,8.6,11,13.2,-,Caliburne ～Story of the Legendary sword～,2,6.0
Caliburne ～Story of the Legendary sword～,Project Grimoire,4,6.0,8.6,11,13.2,-,Caliburne ～Story of the Legendary sword～,1,4.0
Caliburne ～Story of the Legendary sword～,Project Grimoire,4,6.0,8.6,11,13.2,-,Caliburne ～Story of the Legendary sword～,4,11.0
Caliburne ～Story of the Legendary sword～,Project Grimoire,4,6.0,8.6,11,13.2,-,Caliburne ～Story of the Legendary sword～,4,11.0
Caliburne ～Story of the Legendary sword～,Project Grimoire,4,6.0,8.6,11,13.2,-,Caliburne ～Story of the Legendary sword～,3,8.6
Caliburne ～Story of the Legendary sword～,Project Grimoire,4,6.0,8.6,11,13.2,-,Caliburne ～Story of the Legendary sword～,1,4.0
Caliburne ～Story of the Legendary sword～,Project Grimoire,4,6.0,8.6,11,13.2,-,Caliburne ～Story of the Legendary sword～,2,6.0
Caliburne ～Story of the Legendary sword～,Project Grimoire,4,6.0,8.6,11,13.2,-,Caliburne ～Story of the Legendary sword～,3,8.6
Caliburne ～Story of the Legendary sword～,Project Grimoire,4,6.0,8.6,11,13.2,-,Caliburne ～Story of the Legendary sword～,4,11.0
Caliburne ～Story of the Legendary sword～,Project Grimoire,4,6.0,8.6,11,13.2,-,Caliburne ～Story of the Legendary sword～,5,13.2
Caliburne ～Story of the Legendary sword～,Project Grimoire,4,6.0,8.6,11,13.2,-,Caliburne ～Story of the Legendary sword～,3,8.6
Candy Tall Woman,naotyu- feat. 佐々木恵梨,3,5.0,7,10.2,12.4,-,Candy Tall Woman,4,10.2
Candy Tall Woman,naotyu- feat. 佐々木恵梨,3,5.0,7,10.2,12.4,-,Candy Tall Woman,3,7.0
Candy Tall Woman,naotyu- feat. 佐々木恵梨,3,5.0,7,10.2,12.4,-,Candy Tall Woman,1,3.0
Candy Tall Woman,naotyu- feat. 佐々木恵梨,3,5.0,7,10.2,12.4,-,Candy Tall Woman,2,5.0
Candy Tall Woman,naotyu- feat. 佐々木恵梨,3,5.0,7,10.2,12.4,-,Candy Tall Woman,5,12.4
Catch The Future,「BORDER BREAK UNION」メインテーマ,3,5.0,7.9,9.4,11,-,Catch The Future,5,11.0
Catch The Future,「BORDER BREAK UNION」メインテーマ,3,5.0,7.9,9.4,11,-,Catch The Future,4,9.4
Catch The Future,「BORDER BREAK UNION」メインテーマ,3,5.0,7.9,9.4,11,-,Catch The Future,3,7.9
Catch The Future,「BORDER BREAK UNION」メインテーマ,3,5.0,7.9,9.4,11,-,Catch The Future,2,5.0
Catch The Future,「BORDER BREAK UNION」メインテーマ,3,5.0,7.9,9.4,11,-,Catch The Future,1,3.0
City Escape: Act1,「ソニック ジェネレーションズ」,2,4.0,5.4,8,11.2,11.3,City Escape: Act1,3,5.4
City Escape: Act1,「ソニック ジェネレーションズ」,2,4.0,5.4,8,11.2,11.3,City Escape: Act1,2,4.0
City Escape: Act1,「ソニック ジェネレーションズ」,2,4.0,5.4,8,11.2,11.3,City Escape: Act1,1,2.0
City Escape: Act1,「ソニック ジェネレーションズ」,2,4.0,5.4,8,11.2,11.3,City Escape: Act1,6,11.3
City Escape: Act1,「ソニック ジェネレーションズ」,2,4.0,5.4,8,11.2,11.3,City Escape: Act1,5,11.2
City Escape: Act1,「ソニック ジェネレーションズ」,2,4.0,5.4,8,11.2,11.3,City Escape: Act1,4,8.0
Club Ibuki in Break All,void＋夕野ヨシミ (IOSYS) feat.藤原鞠菜,3,5.0,7.5,9.7,11.9,-,Club Ibuki in Break All,3,7.5
Club Ibuki in Break All,void＋夕野ヨシミ (IOSYS) feat.藤原鞠菜,3,5.0,7.5,9.7,11.9,-,Club Ibuki in Break All,2,5.0
Club Ibuki in Break All,void＋夕野ヨシミ (IOSYS) feat.藤原鞠菜,3,5.0,7.5,9.7,11.9,-,Club Ibuki in Break All,5,11.9
Club Ibuki in Break All,void＋夕野ヨシミ (IOSYS) feat.藤原鞠菜,3,5.0,7.5,9.7,11.9,-,Club Ibuki in Break All,1,3.0
Club Ibuki in Break All,void＋夕野ヨシミ (IOSYS) feat.藤原鞠菜,3,5.0,7.5,9.7,11.9,-,Club Ibuki in Break All,4,9.7
Color My World,GOSH / クラシック「悲愴」,2,4.0,6.3,8.5,10.1,-,Color My World,2,4.0
Color My World,GOSH / クラシック「悲愴」,2,4.0,6.3,8.5,10.1,-,Color My World,3,6.3
Color My World,GOSH / クラシック「悲愴」,2,4.0,6.3,8.5,10.1,-,Color My World,1,2.0
Color My World,GOSH / クラシック「悲愴」,2,4.0,6.3,8.5,10.1,-,Color My World,4,8.5
Color My World,GOSH / クラシック「悲愴」,2,4.0,6.3,8.5,10.1,-,Color My World,5,10.1
Conquista Ciela,光吉猛修「バーチャロン」,2,4.0,6.8,8.5,11.7,-,Conquista Ciela,4,8.5
Conquista Ciela,光吉猛修「バーチャロン」,2,4.0,6.8,8.5,11.7,-,Conquista Ciela,3,6.8
Conquista Ciela,光吉猛修「バーチャロン」,2,4.0,6.8,8.5,11.7,-,Conquista Ciela,2,4.0
Conquista Ciela,光吉猛修「バーチャロン」,2,4.0,6.8,8.5,11.7,-,Conquista Ciela,2,4.0
Conquista Ciela,光吉猛修「バーチャロン」,2,4.0,6.8,8.5,11.7,-,Conquista Ciela,1,2.0
Conquista Ciela,光吉猛修「バーチャロン」,2,4.0,6.8,8.5,11.7,-,Conquista Ciela,5,11.7
Conquista Ciela,光吉猛修「バーチャロン」,2,4.0,6.8,8.5,11.7,-,Conquista Ciela,4,8.5
Conquista Ciela,光吉猛修「バーチャロン」,2,4.0,6.8,8.5,11.7,-,Conquista Ciela,3,6.8
Conquista Ciela,光吉猛修「バーチャロン」,2,4.0,6.8,8.5,11.7,-,Conquista Ciela,5,11.7
Conquista Ciela,光吉猛修「バーチャロン」,2,4.0,6.8,8.5,11.7,-,Conquista Ciela,1,2.0
Conquista Ciela,光吉猛修「バーチャロン」,2,4.0,6.8,8.5,11.7,-,Conquista Ciela,3,6.8
Conquista Ciela,光吉猛修「バーチャロン」,2,4.0,6.8,8.5,11.7,-,Conquista Ciela,5,11.7
Conquista Ciela,光吉猛修「バーチャロン」,2,4.0,6.8,8.5,11.7,-,Conquista Ciela,4,8.5
Conquista Ciela,光吉猛修「バーチャロン」,2,4.0,6.8,8.5,11.7,-,Conquista Ciela,1,2.0
Conquista Ciela,光吉猛修「バーチャロン」,2,4.0,6.8,8.5,11.7,-,Conquista Ciela,2,4.0
Contrapasso -paradiso-,t+pazolite,4,6.0,8.7,11.5,13.4,-,Contrapasso -paradiso-,2,6.0
Contrapasso -paradiso-,t+pazolite,4,6.0,8.7,11.5,13.4,-,Contrapasso -paradiso-,3,8.7
Contrapasso -paradiso-,t+pazolite,4,6.0,8.7,11.5,13.4,-,Contrapasso -paradiso-,4,11.5
Contrapasso -paradiso-,t+pazolite,4,6.0,8.7,11.5,13.4,-,Contrapasso -paradiso-,5,13.4
Contrapasso -paradiso-,t+pazolite,4,6.0,8.7,11.5,13.4,-,Contrapasso -paradiso-,1,4.0
Contrapasso -paradiso-,t+pazolite,4,6.0,8.7,11.5,13.4,-,Contrapasso -paradiso-,5,13.4
Contrapasso -paradiso-,t+pazolite,4,6.0,8.7,11.5,13.4,-,Contrapasso -paradiso-,2,6.0
Contrapasso -paradiso-,t+pazolite,4,6.0,8.7,11.5,13.4,-,Contrapasso -paradiso-,1,4.0
Contrapasso -paradiso-,t+pazolite,4,6.0,8.7,11.5,13.4,-,Contrapasso -paradiso-,4,11.5
Contrapasso -paradiso-,t+pazolite,4,6.0,8.7,11.5,13.4,-,Contrapasso -paradiso-,3,8.7
Contrapasso -paradiso-,t+pazolite,4,6.0,8.7,11.5,13.4,-,Contrapasso -paradiso-,4,11.5
Contrapasso -paradiso-,t+pazolite,4,6.0,8.7,11.5,13.4,-,Contrapasso -paradiso-,5,13.4
Contrapasso -paradiso-,t+pazolite,4,6.0,8.7,11.5,13.4,-,Contrapasso -paradiso-,1,4.0
Contrapasso -paradiso-,t+pazolite,4,6.0,8.7,11.5,13.4,-,Contrapasso -paradiso-,2,6.0
Contrapasso -paradiso-,t+pazolite,4,6.0,8.7,11.5,13.4,-,Contrapasso -paradiso-,3,8.7
Cosmic Magic Shooter,SOUND HOLIC feat. Nana Takahashi,3,4.0,7,9.3,12.5,-,Cosmic Magic Shooter,4,9.3
Cosmic Magic Shooter,SOUND HOLIC feat. Nana Takahashi,3,4.0,7,9.3,12.5,-,Cosmic Magic Shooter,1,3.0
Cosmic Magic Shooter,SOUND HOLIC feat. Nana Takahashi,3,4.0,7,9.3,12.5,-,Cosmic Magic Shooter,2,4.0
Cosmic Magic Shooter,SOUND HOLIC feat. Nana Takahashi,3,4.0,7,9.3,12.5,-,Cosmic Magic Shooter,3,7.0
Cosmic Magic Shooter,SOUND HOLIC feat. Nana Takahashi,3,4.0,7,9.3,12.5,-,Cosmic Magic Shooter,5,12.5
Cosmic Train,Shoichiro Hirata feat.SUIMI,2,4.0,5.6,9.4,10.9,-,Cosmic Train,5,10.9
Cosmic Train,Shoichiro Hirata feat.SUIMI,2,4.0,5.6,9.4,10.9,-,Cosmic Train,4,9.4
Cosmic Train,Shoichiro Hirata feat.SUIMI,2,4.0,5.6,9.4,10.9,-,Cosmic Train,3,5.6
Cosmic Train,Shoichiro Hirata feat.SUIMI,2,4.0,5.6,9.4,10.9,-,Cosmic Train,1,2.0
Cosmic Train,Shoichiro Hirata feat.SUIMI,2,4.0,5.6,9.4,10.9,-,Cosmic Train,2,4.0
Counselor,DECO*27 feat.echo,2,4.0,7,9,10.7,-,Counselor,5,10.7
Counselor,DECO*27 feat.echo,2,4.0,7,9,10.7,-,Counselor,2,4.0
Counselor,DECO*27 feat.echo,2,4.0,7,9,10.7,-,Counselor,3,7.0
Counselor,DECO*27 feat.echo,2,4.0,7,9,10.7,-,Counselor,4,9.0
Counselor,DECO*27 feat.echo,2,4.0,7,9,10.7,-,Counselor,1,2.0
Credits,Frums,3,6.0,8.2,11.8,13.6,-,Credits,5,13.6
Credits,Frums,3,6.0,8.2,11.8,13.6,-,Credits,4,11.8
Credits,Frums,3,6.0,8.2,11.8,13.6,-,Credits,3,8.2
Credits,Frums,3,6.0,8.2,11.8,13.6,-,Credits,2,6.0
Credits,Frums,3,6.0,8.2,11.8,13.6,-,Credits,1,3.0
Crush On You,福山光晴「Crackin'DJ」,2,4.0,6.8,8,10,12.9,Crush On You,4,8.0
Crush On You,福山光晴「Crackin'DJ」,2,4.0,6.8,8,10,12.9,Crush On You,6,12.9
Crush On You,福山光晴「Crackin'DJ」,2,4.0,6.8,8,10,12.9,Crush On You,1,2.0
Crush On You,福山光晴「Crackin'DJ」,2,4.0,6.8,8,10,12.9,Crush On You,1,2.0
Crush On You,福山光晴「Crackin'DJ」,2,4.0,6.8,8,10,12.9,Crush On You,2,4.0
Crush On You,福山光晴「Crackin'DJ」,2,4.0,6.8,8,10,12.9,Crush On You,3,6.8
Crush On You,福山光晴「Crackin'DJ」,2,4.0,6.8,8,10,12.9,Crush On You,6,12.9
Crush On You,福山光晴「Crackin'DJ」,2,4.0,6.8,8,10,12.9,Crush On You,5,10.0
Crush On You,福山光晴「Crackin'DJ」,2,4.0,6.8,8,10,12.9,Crush On You,5,10.0
Crush On You,福山光晴「Crackin'DJ」,2,4.0,6.8,8,10,12.9,Crush On You,3,6.8
Crush On You,福山光晴「Crackin'DJ」,2,4.0,6.8,8,10,12.9,Crush On You,2,4.0
Crush On You,福山光晴「Crackin'DJ」,2,4.0,6.8,8,10,12.9,Crush On You,1,2.0
Crush On You,福山光晴「Crackin'DJ」,2,4.0,6.8,8,10,12.9,Crush On You,6,12.9
Crush On You,福山光晴「Crackin'DJ」,2,4.0,6.8,8,10,12.9,Crush On You,5,10.0
Crush On You,福山光晴「Crackin'DJ」,2,4.0,6.8,8,10,12.9,Crush On You,4,8.0
Crush On You,福山光晴「Crackin'DJ」,2,4.0,6.8,8,10,12.9,Crush On You,2,4.0
Crush On You,福山光晴「Crackin'DJ」,2,4.0,6.8,8,10,12.9,Crush On You,3,6.8
Crush On You,福山光晴「Crackin'DJ」,2,4.0,6.8,8,10,12.9,Crush On You,4,8.0
DADDY MULK -Groove remix-,Performed by SEGA Sound Unit [H.],2,4.0,6.7,10.3,12.5,-,DADDY MULK -Groove remix-,1,2.0
DADDY MULK -Groove remix-,Performed by SEGA Sound Unit [H.],2,4.0,6.7,10.3,12.5,-,DADDY MULK -Groove remix-,2,4.0
DADDY MULK -Groove remix-,Performed by SEGA Sound Unit [H.],2,4.0,6.7,10.3,12.5,-,DADDY MULK -Groove remix-,3,6.7
DADDY MULK -Groove remix-,Performed by SEGA Sound Unit [H.],2,4.0,6.7,10.3,12.5,-,DADDY MULK -Groove remix-,4,10.3
DADDY MULK -Groove remix-,Performed by SEGA Sound Unit [H.],2,4.0,6.7,10.3,12.5,-,DADDY MULK -Groove remix-,5,12.5
DADDY MULK -Groove remix-,Performed by SEGA Sound Unit [H.],2,4.0,6.7,10.3,12.5,-,DADDY MULK -Groove remix-,5,12.5
DADDY MULK -Groove remix-,Performed by SEGA Sound Unit [H.],2,4.0,6.7,10.3,12.5,-,DADDY MULK -Groove remix-,1,2.0
DADDY MULK -Groove remix-,Performed by SEGA Sound Unit [H.],2,4.0,6.7,10.3,12.5,-,DADDY MULK -Groove remix-,3,6.7
DADDY MULK -Groove remix-,Performed by SEGA Sound Unit [H.],2,4.0,6.7,10.3,12.5,-,DADDY MULK -Groove remix-,4,10.3
DADDY MULK -Groove remix-,Performed by SEGA Sound Unit [H.],2,4.0,6.7,10.3,12.5,-,DADDY MULK -Groove remix-,2,4.0
DADDY MULK -Groove remix-,Performed by SEGA Sound Unit [H.],2,4.0,6.7,10.3,12.5,-,DADDY MULK -Groove remix-,3,6.7
DADDY MULK -Groove remix-,Performed by SEGA Sound Unit [H.],2,4.0,6.7,10.3,12.5,-,DADDY MULK -Groove remix-,4,10.3
DADDY MULK -Groove remix-,Performed by SEGA Sound Unit [H.],2,4.0,6.7,10.3,12.5,-,DADDY MULK -Groove remix-,1,2.0
DADDY MULK -Groove remix-,Performed by SEGA Sound Unit [H.],2,4.0,6.7,10.3,12.5,-,DADDY MULK -Groove remix-,5,12.5
DADDY MULK -Groove remix-,Performed by SEGA Sound Unit [H.],2,4.0,6.7,10.3,12.5,-,DADDY MULK -Groove remix-,2,4.0
DETARAME ROCK&ROLL THEORY,箱部 なる(CV:M・A・O),3,4.0,7.6,9.5,12.2,-,DETARAME ROCK&ROLL THEORY,3,7.6
DETARAME ROCK&ROLL THEORY,箱部 なる(CV:M・A・O),3,4.0,7.6,9.5,12.2,-,DETARAME ROCK&ROLL THEORY,2,4.0
DETARAME ROCK&ROLL THEORY,箱部 なる(CV:M・A・O),3,4.0,7.6,9.5,12.2,-,DETARAME ROCK&ROLL THEORY,4,9.5
DETARAME ROCK&ROLL THEORY,箱部 なる(CV:M・A・O),3,4.0,7.6,9.5,12.2,-,DETARAME ROCK&ROLL THEORY,2,4.0
DETARAME ROCK&ROLL THEORY,箱部 なる(CV:M・A・O),3,4.0,7.6,9.5,12.2,-,DETARAME ROCK&ROLL THEORY,1,3.0
DETARAME ROCK&ROLL THEORY,箱部 なる(CV:M・A・O),3,4.0,7.6,9.5,12.2,-,DETARAME ROCK&ROLL THEORY,5,12.2
DETARAME ROCK&ROLL THEORY,箱部 なる(CV:M・A・O),3,4.0,7.6,9.5,12.2,-,DETARAME ROCK&ROLL THEORY,4,9.5
DETARAME ROCK&ROLL THEORY,箱部 なる(CV:M・A・O),3,4.0,7.6,9.5,12.2,-,DETARAME ROCK&ROLL THEORY,3,7.6
DETARAME ROCK&ROLL THEORY,箱部 なる(CV:M・A・O),3,4.0,7.6,9.5,12.2,-,DETARAME ROCK&ROLL THEORY,5,12.2
DETARAME ROCK&ROLL THEORY,箱部 なる(CV:M・A・O),3,4.0,7.6,9.5,12.2,-,DETARAME ROCK&ROLL THEORY,1,3.0
DETARAME ROCK&ROLL THEORY,箱部 なる(CV:M・A・O),3,4.0,7.6,9.5,12.2,-,DETARAME ROCK&ROLL THEORY,1,3.0
DETARAME ROCK&ROLL THEORY,箱部 なる(CV:M・A・O),3,4.0,7.6,9.5,12.2,-,DETARAME ROCK&ROLL THEORY,2,4.0
DETARAME ROCK&ROLL THEORY,箱部 なる(CV:M・A・O),3,4.0,7.6,9.5,12.2,-,DETARAME ROCK&ROLL THEORY,3,7.6
DETARAME ROCK&ROLL THEORY,箱部 なる(CV:M・A・O),3,4.0,7.6,9.5,12.2,-,DETARAME ROCK&ROLL THEORY,4,9.5
DETARAME ROCK&ROLL THEORY,箱部 なる(CV:M・A・O),3,4.0,7.6,9.5,12.2,-,DETARAME ROCK&ROLL THEORY,5,12.2
DO RORO DERODERO ON DO RORO,怒髪天「百鬼大戦絵巻」,3,5.0,8.1,11.5,12,-,DO RORO DERODERO ON DO RORO,1,3.0
DO RORO DERODERO ON DO RORO,怒髪天「百鬼大戦絵巻」,3,5.0,8.1,11.5,12,-,DO RORO DERODERO ON DO RORO,2,5.0
DO RORO DERODERO ON DO RORO,怒髪天「百鬼大戦絵巻」,3,5.0,8.1,11.5,12,-,DO RORO DERODERO ON DO RORO,3,8.1
DO RORO DERODERO ON DO RORO,怒髪天「百鬼大戦絵巻」,3,5.0,8.1,11.5,12,-,DO RORO DERODERO ON DO RORO,5,12.0
DO RORO DERODERO ON DO RORO,怒髪天「百鬼大戦絵巻」,3,5.0,8.1,11.5,12,-,DO RORO DERODERO ON DO RORO,4,11.5
DRAGONLADY,Nankumo/ CUBE3,2,5.0,7.6,11.4,12.8,-,DRAGONLADY,2,5.0
DRAGONLADY,Nankumo/ CUBE3,2,5.0,7.6,11.4,12.8,-,DRAGONLADY,4,11.4
DRAGONLADY,Nankumo/ CUBE3,2,5.0,7.6,11.4,12.8,-,DRAGONLADY,1,2.0
DRAGONLADY,Nankumo/ CUBE3,2,5.0,7.6,11.4,12.8,-,DRAGONLADY,5,12.8
DRAGONLADY,Nankumo/ CUBE3,2,5.0,7.6,11.4,12.8,-,DRAGONLADY,4,11.4
DRAGONLADY,Nankumo/ CUBE3,2,5.0,7.6,11.4,12.8,-,DRAGONLADY,3,7.6
DRAGONLADY,Nankumo/ CUBE3,2,5.0,7.6,11.4,12.8,-,DRAGONLADY,1,2.0
DRAGONLADY,Nankumo/ CUBE3,2,5.0,7.6,11.4,12.8,-,DRAGONLADY,5,12.8
DRAGONLADY,Nankumo/ CUBE3,2,5.0,7.6,11.4,12.8,-,DRAGONLADY,2,5.0
DRAGONLADY,Nankumo/ CUBE3,2,5.0,7.6,11.4,12.8,-,DRAGONLADY,3,7.6
DRAGONLADY,Nankumo/ CUBE3,2,5.0,7.6,11.4,12.8,-,DRAGONLADY,2,5.0
DRAGONLADY,Nankumo/ CUBE3,2,5.0,7.6,11.4,12.8,-,DRAGONLADY,1,2.0
DRAGONLADY,Nankumo/ CUBE3,2,5.0,7.6,11.4,12.8,-,DRAGONLADY,5,12.8
DRAGONLADY,Nankumo/ CUBE3,2,5.0,7.6,11.4,12.8,-,DRAGONLADY,3,7.6
DRAGONLADY,Nankumo/ CUBE3,2,5.0,7.6,11.4,12.8,-,DRAGONLADY,4,11.4
Danza zandA,福山光晴,2,4.0,7,9.2,12,12,Danza zandA,5,12.0
Danza zandA,福山光晴,2,4.0,7,9.2,12,12,Danza zandA,1,2.0
Danza zandA,福山光晴,2,4.0,7,9.2,12,12,Danza zandA,2,4.0
Danza zandA,福山光晴,2,4.0,7,9.2,12,12,Danza zandA,3,7.0
Danza zandA,福山光晴,2,4.0,7,9.2,12,12,Danza zandA,4,9.2
Danza zandA,福山光晴,2,4.0,7,9.2,12,12,Danza zandA,6,12.0
Danza zandA,福山光晴,2,4.0,7,9.2,12,12,Danza zandA,1,2.0
Danza zandA,福山光晴,2,4.0,7,9.2,12,12,Danza zandA,2,4.0
Danza zandA,福山光晴,2,4.0,7,9.2,12,12,Danza zandA,2,4.0
Danza zandA,福山光晴,2,4.0,7,9.2,12,12,Danza zandA,3,7.0
Danza zandA,福山光晴,2,4.0,7,9.2,12,12,Danza zandA,4,9.2
Danza zandA,福山光晴,2,4.0,7,9.2,12,12,Danza zandA,5,12.0
Danza zandA,福山光晴,2,4.0,7,9.2,12,12,Danza zandA,1,2.0
Danza zandA,福山光晴,2,4.0,7,9.2,12,12,Danza zandA,6,12.0
Danza zandA,福山光晴,2,4.0,7,9.2,12,12,Danza zandA,5,12.0
Danza zandA,福山光晴,2,4.0,7,9.2,12,12,Danza zandA,4,9.2
Danza zandA,福山光晴,2,4.0,7,9.2,12,12,Danza zandA,3,7.0
Danza zandA,福山光晴,2,4.0,7,9.2,12,12,Danza zandA,6,12.0
Daydream café,Petit Rabbit's 「ご注文はうさぎですか？」,1,4.0,6.1,7.7,11.1,-,Daydream café,1,1.0
Daydream café,Petit Rabbit's 「ご注文はうさぎですか？」,1,4.0,6.1,7.7,11.1,-,Daydream café,5,11.1
Daydream café,Petit Rabbit's 「ご注文はうさぎですか？」,1,4.0,6.1,7.7,11.1,-,Daydream café,4,7.7
Daydream café,Petit Rabbit's 「ご注文はうさぎですか？」,1,4.0,6.1,7.7,11.1,-,Daydream café,3,6.1
Daydream café,Petit Rabbit's 「ご注文はうさぎですか？」,1,4.0,6.1,7.7,11.1,-,Daydream café,2,4.0
Daydream café,Petit Rabbit's 「ご注文はうさぎですか？」,1,4.0,6.1,7.7,11.1,-,Daydream café,1,1.0
Daydream café,Petit Rabbit's 「ご注文はうさぎですか？」,1,4.0,6.1,7.7,11.1,-,Daydream café,2,4.0
Daydream café,Petit Rabbit's 「ご注文はうさぎですか？」,1,4.0,6.1,7.7,11.1,-,Daydream café,3,6.1
Daydream café,Petit Rabbit's 「ご注文はうさぎですか？」,1,4.0,6.1,7.7,11.1,-,Daydream café,4,7.7
Daydream café,Petit Rabbit's 「ご注文はうさぎですか？」,1,4.0,6.1,7.7,11.1,-,Daydream café,5,11.1
Death Scythe,SHIKI,2,5.0,7.8,10.3,12.4,-,Death Scythe,4,10.3
Death Scythe,SHIKI,2,5.0,7.8,10.3,12.4,-,Death Scythe,4,10.3
Death Scythe,SHIKI,2,5.0,7.8,10.3,12.4,-,Death Scythe,3,7.8
Death Scythe,SHIKI,2,5.0,7.8,10.3,12.4,-,Death Scythe,2,5.0
Death Scythe,SHIKI,2,5.0,7.8,10.3,12.4,-,Death Scythe,1,2.0
Death Scythe,SHIKI,2,5.0,7.8,10.3,12.4,-,Death Scythe,3,7.8
Death Scythe,SHIKI,2,5.0,7.8,10.3,12.4,-,Death Scythe,2,5.0
Death Scythe,SHIKI,2,5.0,7.8,10.3,12.4,-,Death Scythe,1,2.0
Death Scythe,SHIKI,2,5.0,7.8,10.3,12.4,-,Death Scythe,5,12.4
Death Scythe,SHIKI,2,5.0,7.8,10.3,12.4,-,Death Scythe,5,12.4
Death Scythe,SHIKI,2,5.0,7.8,10.3,12.4,-,Death Scythe,1,2.0
Death Scythe,SHIKI,2,5.0,7.8,10.3,12.4,-,Death Scythe,2,5.0
Death Scythe,SHIKI,2,5.0,7.8,10.3,12.4,-,Death Scythe,3,7.8
Death Scythe,SHIKI,2,5.0,7.8,10.3,12.4,-,Death Scythe,4,10.3
Death Scythe,SHIKI,2,5.0,7.8,10.3,12.4,-,Death Scythe,5,12.4
Deep in Abyss,リコ(CV:富田美憂)、レグ(CV:伊瀬茉莉也),1,4.0,6,8.7,11.7,-,Deep in Abyss,5,11.7
Deep in Abyss,リコ(CV:富田美憂)、レグ(CV:伊瀬茉莉也),1,4.0,6,8.7,11.7,-,Deep in Abyss,3,6.0
Deep in Abyss,リコ(CV:富田美憂)、レグ(CV:伊瀬茉莉也),1,4.0,6,8.7,11.7,-,Deep in Abyss,4,8.7
Deep in Abyss,リコ(CV:富田美憂)、レグ(CV:伊瀬茉莉也),1,4.0,6,8.7,11.7,-,Deep in Abyss,3,6.0
Deep in Abyss,リコ(CV:富田美憂)、レグ(CV:伊瀬茉莉也),1,4.0,6,8.7,11.7,-,Deep in Abyss,1,1.0
Deep in Abyss,リコ(CV:富田美憂)、レグ(CV:伊瀬茉莉也),1,4.0,6,8.7,11.7,-,Deep in Abyss,5,11.7
Deep in Abyss,リコ(CV:富田美憂)、レグ(CV:伊瀬茉莉也),1,4.0,6,8.7,11.7,-,Deep in Abyss,4,8.7
Deep in Abyss,リコ(CV:富田美憂)、レグ(CV:伊瀬茉莉也),1,4.0,6,8.7,11.7,-,Deep in Abyss,3,6.0
Deep in Abyss,リコ(CV:富田美憂)、レグ(CV:伊瀬茉莉也),1,4.0,6,8.7,11.7,-,Deep in Abyss,2,4.0
Deep in Abyss,リコ(CV:富田美憂)、レグ(CV:伊瀬茉莉也),1,4.0,6,8.7,11.7,-,Deep in Abyss,1,1.0
Deep in Abyss,リコ(CV:富田美憂)、レグ(CV:伊瀬茉莉也),1,4.0,6,8.7,11.7,-,Deep in Abyss,5,11.7
Deep in Abyss,リコ(CV:富田美憂)、レグ(CV:伊瀬茉莉也),1,4.0,6,8.7,11.7,-,Deep in Abyss,4,8.7
Deep in Abyss,リコ(CV:富田美憂)、レグ(CV:伊瀬茉莉也),1,4.0,6,8.7,11.7,-,Deep in Abyss,2,4.0
Deep in Abyss,リコ(CV:富田美憂)、レグ(CV:伊瀬茉莉也),1,4.0,6,8.7,11.7,-,Deep in Abyss,2,4.0
Deep in Abyss,リコ(CV:富田美憂)、レグ(CV:伊瀬茉莉也),1,4.0,6,8.7,11.7,-,Deep in Abyss,1,1.0
Doll Judgment,ぬるはち,3,4.0,7.8,10.4,12.5,-,Doll Judgment,1,3.0
Doll Judgment,ぬるはち,3,4.0,7.8,10.4,12.5,-,Doll Judgment,2,4.0
Doll Judgment,ぬるはち,3,4.0,7.8,10.4,12.5,-,Doll Judgment,5,12.5
Doll Judgment,ぬるはち,3,4.0,7.8,10.4,12.5,-,Doll Judgment,4,10.4
Doll Judgment,ぬるはち,3,4.0,7.8,10.4,12.5,-,Doll Judgment,5,12.5
Doll Judgment,ぬるはち,3,4.0,7.8,10.4,12.5,-,Doll Judgment,3,7.8
Doll Judgment,ぬるはち,3,4.0,7.8,10.4,12.5,-,Doll Judgment,4,10.4
Doll Judgment,ぬるはち,3,4.0,7.8,10.4,12.5,-,Doll Judgment,5,12.5
Doll Judgment,ぬるはち,3,4.0,7.8,10.4,12.5,-,Doll Judgment,2,4.0
Doll Judgment,ぬるはち,3,4.0,7.8,10.4,12.5,-,Doll Judgment,1,3.0
Doll Judgment,ぬるはち,3,4.0,7.8,10.4,12.5,-,Doll Judgment,4,10.4
Doll Judgment,ぬるはち,3,4.0,7.8,10.4,12.5,-,Doll Judgment,3,7.8
Doll Judgment,ぬるはち,3,4.0,7.8,10.4,12.5,-,Doll Judgment,2,4.0
Doll Judgment,ぬるはち,3,4.0,7.8,10.4,12.5,-,Doll Judgment,1,3.0
Doll Judgment,ぬるはち,3,4.0,7.8,10.4,12.5,-,Doll Judgment,3,7.8
Dragoon,Shandy kubota,3,5.0,7.8,9.4,12.3,-,Dragoon,1,3.0
Dragoon,Shandy kubota,3,5.0,7.8,9.4,12.3,-,Dragoon,1,3.0
Dragoon,Shandy kubota,3,5.0,7.8,9.4,12.3,-,Dragoon,3,7.8
Dragoon,Shandy kubota,3,5.0,7.8,9.4,12.3,-,Dragoon,2,5.0
Dragoon,Shandy kubota,3,5.0,7.8,9.4,12.3,-,Dragoon,3,7.8
Dragoon,Shandy kubota,3,5.0,7.8,9.4,12.3,-,Dragoon,5,12.3
Dragoon,Shandy kubota,3,5.0,7.8,9.4,12.3,-,Dragoon,4,9.4
Dragoon,Shandy kubota,3,5.0,7.8,9.4,12.3,-,Dragoon,1,3.0
Dragoon,Shandy kubota,3,5.0,7.8,9.4,12.3,-,Dragoon,2,5.0
Dragoon,Shandy kubota,3,5.0,7.8,9.4,12.3,-,Dragoon,3,7.8
Dragoon,Shandy kubota,3,5.0,7.8,9.4,12.3,-,Dragoon,4,9.4
Dragoon,Shandy kubota,3,5.0,7.8,9.4,12.3,-,Dragoon,5,12.3
Dragoon,Shandy kubota,3,5.0,7.8,9.4,12.3,-,Dragoon,5,12.3
Dragoon,Shandy kubota,3,5.0,7.8,9.4,12.3,-,Dragoon,4,9.4
Dragoon,Shandy kubota,3,5.0,7.8,9.4,12.3,-,Dragoon,2,5.0
Dreampainter,Sta feat.tigerlily and DOT96,2,4.0,7,9.7,11.7,-,Dreampainter,3,7.0
Dreampainter,Sta feat.tigerlily and DOT96,2,4.0,7,9.7,11.7,-,Dreampainter,2,4.0
Dreampainter,Sta feat.tigerlily and DOT96,2,4.0,7,9.7,11.7,-,Dreampainter,1,2.0
Dreampainter,Sta feat.tigerlily and DOT96,2,4.0,7,9.7,11.7,-,Dreampainter,4,9.7
Dreampainter,Sta feat.tigerlily and DOT96,2,4.0,7,9.7,11.7,-,Dreampainter,5,11.7
ECHO,CIRCRUSH,2,4.0,6.8,9.7,12.5,-,ECHO,5,12.5
ECHO,CIRCRUSH,2,4.0,6.8,9.7,12.5,-,ECHO,4,9.7
ECHO,CIRCRUSH,2,4.0,6.8,9.7,12.5,-,ECHO,1,2.0
ECHO,CIRCRUSH,2,4.0,6.8,9.7,12.5,-,ECHO,2,4.0
ECHO,CIRCRUSH,2,4.0,6.8,9.7,12.5,-,ECHO,2,4.0
ECHO,CIRCRUSH,2,4.0,6.8,9.7,12.5,-,ECHO,3,6.8
ECHO,CIRCRUSH,2,4.0,6.8,9.7,12.5,-,ECHO,4,9.7
ECHO,CIRCRUSH,2,4.0,6.8,9.7,12.5,-,ECHO,3,6.8
ECHO,CIRCRUSH,2,4.0,6.8,9.7,12.5,-,ECHO,1,2.0
ECHO,CIRCRUSH,2,4.0,6.8,9.7,12.5,-,ECHO,2,4.0
ECHO,CIRCRUSH,2,4.0,6.8,9.7,12.5,-,ECHO,3,6.8
ECHO,CIRCRUSH,2,4.0,6.8,9.7,12.5,-,ECHO,4,9.7
ECHO,CIRCRUSH,2,4.0,6.8,9.7,12.5,-,ECHO,5,12.5
ECHO,CIRCRUSH,2,4.0,6.8,9.7,12.5,-,ECHO,1,2.0
ECHO,CIRCRUSH,2,4.0,6.8,9.7,12.5,-,ECHO,5,12.5
ENERGY SYNERGY MATRIX,Tanchiky,2,5.0,7,10.9,12.7,-,ENERGY SYNERGY MATRIX,1,2.0
ENERGY SYNERGY MATRIX,Tanchiky,2,5.0,7,10.9,12.7,-,ENERGY SYNERGY MATRIX,3,7.0
ENERGY SYNERGY MATRIX,Tanchiky,2,5.0,7,10.9,12.7,-,ENERGY SYNERGY MATRIX,2,5.0
ENERGY SYNERGY MATRIX,Tanchiky,2,5.0,7,10.9,12.7,-,ENERGY SYNERGY MATRIX,4,10.9
ENERGY SYNERGY MATRIX,Tanchiky,2,5.0,7,10.9,12.7,-,ENERGY SYNERGY MATRIX,1,2.0
ENERGY SYNERGY MATRIX,Tanchiky,2,5.0,7,10.9,12.7,-,ENERGY SYNERGY MATRIX,5,12.7
ENERGY SYNERGY MATRIX,Tanchiky,2,5.0,7,10.9,12.7,-,ENERGY SYNERGY MATRIX,4,10.9
ENERGY SYNERGY MATRIX,Tanchiky,2,5.0,7,10.9,12.7,-,ENERGY SYNERGY MATRIX,3,7.0
ENERGY SYNERGY MATRIX,Tanchiky,2,5.0,7,10.9,12.7,-,ENERGY SYNERGY MATRIX,2,5.0
ENERGY SYNERGY MATRIX,Tanchiky,2,5.0,7,10.9,12.7,-,ENERGY SYNERGY MATRIX,3,7.0
ENERGY SYNERGY MATRIX,Tanchiky,2,5.0,7,10.9,12.7,-,ENERGY SYNERGY MATRIX,4,10.9
ENERGY SYNERGY MATRIX,Tanchiky,2,5.0,7,10.9,12.7,-,ENERGY SYNERGY MATRIX,5,12.7
ENERGY SYNERGY MATRIX,Tanchiky,2,5.0,7,10.9,12.7,-,ENERGY SYNERGY MATRIX,1,2.0
ENERGY SYNERGY MATRIX,Tanchiky,2,5.0,7,10.9,12.7,-,ENERGY SYNERGY MATRIX,2,5.0
ENERGY SYNERGY MATRIX,Tanchiky,2,5.0,7,10.9,12.7,-,ENERGY SYNERGY MATRIX,5,12.7
ENJOY POLIS,LOPIT,2,5.0,7.4,9,11.7,-,ENJOY POLIS,5,11.7
ENJOY POLIS,LOPIT,2,5.0,7.4,9,11.7,-,ENJOY POLIS,5,11.7
ENJOY POLIS,LOPIT,2,5.0,7.4,9,11.7,-,ENJOY POLIS,4,9.0
ENJOY POLIS,LOPIT,2,5.0,7.4,9,11.7,-,ENJOY POLIS,3,7.4
ENJOY POLIS,LOPIT,2,5.0,7.4,9,11.7,-,ENJOY POLIS,2,5.0
ENJOY POLIS,LOPIT,2,5.0,7.4,9,11.7,-,ENJOY POLIS,1,2.0
ENJOY POLIS,LOPIT,2,5.0,7.4,9,11.7,-,ENJOY POLIS,5,11.7
ENJOY POLIS,LOPIT,2,5.0,7.4,9,11.7,-,ENJOY POLIS,4,9.0
ENJOY POLIS,LOPIT,2,5.0,7.4,9,11.7,-,ENJOY POLIS,3,7.4
ENJOY POLIS,LOPIT,2,5.0,7.4,9,11.7,-,ENJOY POLIS,2,5.0
ENJOY POLIS,LOPIT,2,5.0,7.4,9,11.7,-,ENJOY POLIS,1,2.0
ENJOY POLIS,LOPIT,2,5.0,7.4,9,11.7,-,ENJOY POLIS,4,9.0
ENJOY POLIS,LOPIT,2,5.0,7.4,9,11.7,-,ENJOY POLIS,1,2.0
ENJOY POLIS,LOPIT,2,5.0,7.4,9,11.7,-,ENJOY POLIS,2,5.0
ENJOY POLIS,LOPIT,2,5.0,7.4,9,11.7,-,ENJOY POLIS,3,7.4
EVERGREEN,Cranky,2,4.0,7,10.5,12,-,EVERGREEN,4,10.5
EVERGREEN,Cranky,2,4.0,7,10.5,12,-,EVERGREEN,5,12.0
EVERGREEN,Cranky,2,4.0,7,10.5,12,-,EVERGREEN,5,12.0
EVERGREEN,Cranky,2,4.0,7,10.5,12,-,EVERGREEN,4,10.5
EVERGREEN,Cranky,2,4.0,7,10.5,12,-,EVERGREEN,3,7.0
EVERGREEN,Cranky,2,4.0,7,10.5,12,-,EVERGREEN,3,7.0
EVERGREEN,Cranky,2,4.0,7,10.5,12,-,EVERGREEN,2,4.0
EVERGREEN,Cranky,2,4.0,7,10.5,12,-,EVERGREEN,2,4.0
EVERGREEN,Cranky,2,4.0,7,10.5,12,-,EVERGREEN,1,2.0
EVERGREEN,Cranky,2,4.0,7,10.5,12,-,EVERGREEN,1,2.0
EVERGREEN,Cranky,2,4.0,7,10.5,12,-,EVERGREEN,2,4.0
EVERGREEN,Cranky,2,4.0,7,10.5,12,-,EVERGREEN,3,7.0
EVERGREEN,Cranky,2,4.0,7,10.5,12,-,EVERGREEN,4,10.5
EVERGREEN,Cranky,2,4.0,7,10.5,12,-,EVERGREEN,1,2.0
EVERGREEN,Cranky,2,4.0,7,10.5,12,-,EVERGREEN,5,12.0
End Time,Cres.,3,6.0,8.5,11.4,13.7,-,End Time,1,3.0
End Time,Cres.,3,6.0,8.5,11.4,13.7,-,End Time,2,6.0
End Time,Cres.,3,6.0,8.5,11.4,13.7,-,End Time,4,11.4
End Time,Cres.,3,6.0,8.5,11.4,13.7,-,End Time,5,13.7
End Time,Cres.,3,6.0,8.5,11.4,13.7,-,End Time,1,3.0
End Time,Cres.,3,6.0,8.5,11.4,13.7,-,End Time,2,6.0
End Time,Cres.,3,6.0,8.5,11.4,13.7,-,End Time,3,8.5
End Time,Cres.,3,6.0,8.5,11.4,13.7,-,End Time,4,11.4
End Time,Cres.,3,6.0,8.5,11.4,13.7,-,End Time,5,13.7
End Time,Cres.,3,6.0,8.5,11.4,13.7,-,End Time,1,3.0
End Time,Cres.,3,6.0,8.5,11.4,13.7,-,End Time,2,6.0
End Time,Cres.,3,6.0,8.5,11.4,13.7,-,End Time,4,11.4
End Time,Cres.,3,6.0,8.5,11.4,13.7,-,End Time,5,13.7
End Time,Cres.,3,6.0,8.5,11.4,13.7,-,End Time,3,8.5
End Time,Cres.,3,6.0,8.5,11.4,13.7,-,End Time,3,8.5
End of Twilight,ALiCE’S EMOTiON feat. Ayumi Nomiya,3,4.0,7,10.2,11.3,-,End of Twilight,2,4.0
End of Twilight,ALiCE’S EMOTiON feat. Ayumi Nomiya,3,4.0,7,10.2,11.3,-,End of Twilight,4,10.2
End of Twilight,ALiCE’S EMOTiON feat. Ayumi Nomiya,3,4.0,7,10.2,11.3,-,End of Twilight,1,3.0
End of Twilight,ALiCE’S EMOTiON feat. Ayumi Nomiya,3,4.0,7,10.2,11.3,-,End of Twilight,3,7.0
End of Twilight,ALiCE’S EMOTiON feat. Ayumi Nomiya,3,4.0,7,10.2,11.3,-,End of Twilight,5,11.3
Endless World,Ryouhei Kouno / 保立美和子,2,4.0,6.2,9.8,10.7,12.1,Endless World,2,4.0
Endless World,Ryouhei Kouno / 保立美和子,2,4.0,6.2,9.8,10.7,12.1,Endless World,3,6.2
Endless World,Ryouhei Kouno / 保立美和子,2,4.0,6.2,9.8,10.7,12.1,Endless World,4,9.8
Endless World,Ryouhei Kouno / 保立美和子,2,4.0,6.2,9.8,10.7,12.1,Endless World,5,10.7
Endless World,Ryouhei Kouno / 保立美和子,2,4.0,6.2,9.8,10.7,12.1,Endless World,6,12.1
Endless World,Ryouhei Kouno / 保立美和子,2,4.0,6.2,9.8,10.7,12.1,Endless World,1,2.0
"Endless, Sleepless Night",samfree feat. (V)・∀・(V)かにぱん。,2,4.0,7.5,9.3,11.8,-,"Endless, Sleepless Night",1,2.0
"Endless, Sleepless Night",samfree feat. (V)・∀・(V)かにぱん。,2,4.0,7.5,9.3,11.8,-,"Endless, Sleepless Night",4,9.3
"Endless, Sleepless Night",samfree feat. (V)・∀・(V)かにぱん。,2,4.0,7.5,9.3,11.8,-,"Endless, Sleepless Night",3,7.5
"Endless, Sleepless Night",samfree feat. (V)・∀・(V)かにぱん。,2,4.0,7.5,9.3,11.8,-,"Endless, Sleepless Night",5,11.8
"Endless, Sleepless Night",samfree feat. (V)・∀・(V)かにぱん。,2,4.0,7.5,9.3,11.8,-,"Endless, Sleepless Night",2,4.0
Excalibur ～Revived resolution～,Project Grimoire,4,6.0,9.5,11.5,13.8,-,Excalibur ～Revived resolution～,1,4.0
Excalibur ～Revived resolution～,Project Grimoire,4,6.0,9.5,11.5,13.8,-,Excalibur ～Revived resolution～,2,6.0
Excalibur ～Revived resolution～,Project Grimoire,4,6.0,9.5,11.5,13.8,-,Excalibur ～Revived resolution～,2,6.0
Excalibur ～Revived resolution～,Project Grimoire,4,6.0,9.5,11.5,13.8,-,Excalibur ～Revived resolution～,4,11.5
Excalibur ～Revived resolution～,Project Grimoire,4,6.0,9.5,11.5,13.8,-,Excalibur ～Revived resolution～,5,13.8
Excalibur ～Revived resolution～,Project Grimoire,4,6.0,9.5,11.5,13.8,-,Excalibur ～Revived resolution～,1,4.0
Excalibur ～Revived resolution～,Project Grimoire,4,6.0,9.5,11.5,13.8,-,Excalibur ～Revived resolution～,2,6.0
Excalibur ～Revived resolution～,Project Grimoire,4,6.0,9.5,11.5,13.8,-,Excalibur ～Revived resolution～,4,11.5
Excalibur ～Revived resolution～,Project Grimoire,4,6.0,9.5,11.5,13.8,-,Excalibur ～Revived resolution～,5,13.8
Excalibur ～Revived resolution～,Project Grimoire,4,6.0,9.5,11.5,13.8,-,Excalibur ～Revived resolution～,3,9.5
Excalibur ～Revived resolution～,Project Grimoire,4,6.0,9.5,11.5,13.8,-,Excalibur ～Revived resolution～,3,9.5
Excalibur ～Revived resolution～,Project Grimoire,4,6.0,9.5,11.5,13.8,-,Excalibur ～Revived resolution～,1,4.0
Excalibur ～Revived resolution～,Project Grimoire,4,6.0,9.5,11.5,13.8,-,Excalibur ～Revived resolution～,4,11.5
Excalibur ～Revived resolution～,Project Grimoire,4,6.0,9.5,11.5,13.8,-,Excalibur ～Revived resolution～,5,13.8
Excalibur ～Revived resolution～,Project Grimoire,4,6.0,9.5,11.5,13.8,-,Excalibur ～Revived resolution～,3,9.5
FEEL ALIVE,ELEMENTAS feat. NAGISA,4,5.0,8,10.6,12.6,-,FEEL ALIVE,2,5.0
FEEL ALIVE,ELEMENTAS feat. NAGISA,4,5.0,8,10.6,12.6,-,FEEL ALIVE,3,8.0
FEEL ALIVE,ELEMENTAS feat. NAGISA,4,5.0,8,10.6,12.6,-,FEEL ALIVE,4,10.6
FEEL ALIVE,ELEMENTAS feat. NAGISA,4,5.0,8,10.6,12.6,-,FEEL ALIVE,5,12.6
FEEL ALIVE,ELEMENTAS feat. NAGISA,4,5.0,8,10.6,12.6,-,FEEL ALIVE,1,4.0
FEEL the BEATS,A-One,3,5.0,7.8,9.8,12.2,-,FEEL the BEATS,1,3.0
FEEL the BEATS,A-One,3,5.0,7.8,9.8,12.2,-,FEEL the BEATS,2,5.0
FEEL the BEATS,A-One,3,5.0,7.8,9.8,12.2,-,FEEL the BEATS,3,7.8
FEEL the BEATS,A-One,3,5.0,7.8,9.8,12.2,-,FEEL the BEATS,4,9.8
FEEL the BEATS,A-One,3,5.0,7.8,9.8,12.2,-,FEEL the BEATS,5,12.2
FFT,cybermiso,4,6.0,8.7,11.6,13.5,13.9,FFT,4,11.6
FFT,cybermiso,4,6.0,8.7,11.6,13.5,13.9,FFT,4,11.6
FFT,cybermiso,4,6.0,8.7,11.6,13.5,13.9,FFT,2,6.0
FFT,cybermiso,4,6.0,8.7,11.6,13.5,13.9,FFT,1,4.0
FFT,cybermiso,4,6.0,8.7,11.6,13.5,13.9,FFT,6,13.9
FFT,cybermiso,4,6.0,8.7,11.6,13.5,13.9,FFT,5,13.5
FFT,cybermiso,4,6.0,8.7,11.6,13.5,13.9,FFT,6,13.9
FFT,cybermiso,4,6.0,8.7,11.6,13.5,13.9,FFT,1,4.0
FFT,cybermiso,4,6.0,8.7,11.6,13.5,13.9,FFT,3,8.7
FFT,cybermiso,4,6.0,8.7,11.6,13.5,13.9,FFT,2,6.0
FFT,cybermiso,4,6.0,8.7,11.6,13.5,13.9,FFT,5,13.5
FFT,cybermiso,4,6.0,8.7,11.6,13.5,13.9,FFT,4,11.6
FFT,cybermiso,4,6.0,8.7,11.6,13.5,13.9,FFT,3,8.7
FFT,cybermiso,4,6.0,8.7,11.6,13.5,13.9,FFT,2,6.0
FFT,cybermiso,4,6.0,8.7,11.6,13.5,13.9,FFT,1,4.0
FFT,cybermiso,4,6.0,8.7,11.6,13.5,13.9,FFT,6,13.9
FFT,cybermiso,4,6.0,8.7,11.6,13.5,13.9,FFT,3,8.7
FFT,cybermiso,4,6.0,8.7,11.6,13.5,13.9,FFT,5,13.5
FLOWER,DJ YOSHITAKA 「jubeat」より,3,5.0,7.5,10.3,12.8,-,FLOWER,1,3.0
FLOWER,DJ YOSHITAKA 「jubeat」より,3,5.0,7.5,10.3,12.8,-,FLOWER,2,5.0
FLOWER,DJ YOSHITAKA 「jubeat」より,3,5.0,7.5,10.3,12.8,-,FLOWER,2,5.0
FLOWER,DJ YOSHITAKA 「jubeat」より,3,5.0,7.5,10.3,12.8,-,FLOWER,3,7.5
FLOWER,DJ YOSHITAKA 「jubeat」より,3,5.0,7.5,10.3,12.8,-,FLOWER,4,10.3
FLOWER,DJ YOSHITAKA 「jubeat」より,3,5.0,7.5,10.3,12.8,-,FLOWER,5,12.8
FLOWER,DJ YOSHITAKA 「jubeat」より,3,5.0,7.5,10.3,12.8,-,FLOWER,1,3.0
FLOWER,DJ YOSHITAKA 「jubeat」より,3,5.0,7.5,10.3,12.8,-,FLOWER,2,5.0
FLOWER,DJ YOSHITAKA 「jubeat」より,3,5.0,7.5,10.3,12.8,-,FLOWER,3,7.5
FLOWER,DJ YOSHITAKA 「jubeat」より,3,5.0,7.5,10.3,12.8,-,FLOWER,4,10.3
FLOWER,DJ YOSHITAKA 「jubeat」より,3,5.0,7.5,10.3,12.8,-,FLOWER,5,12.8
FLOWER,DJ YOSHITAKA 「jubeat」より,3,5.0,7.5,10.3,12.8,-,FLOWER,1,3.0
FLOWER,DJ YOSHITAKA 「jubeat」より,3,5.0,7.5,10.3,12.8,-,FLOWER,3,7.5
FLOWER,DJ YOSHITAKA 「jubeat」より,3,5.0,7.5,10.3,12.8,-,FLOWER,4,10.3
FLOWER,DJ YOSHITAKA 「jubeat」より,3,5.0,7.5,10.3,12.8,-,FLOWER,5,12.8
FREEDOM DiVE (tpz Overcute Remix),t+pazolite,4,6.0,8.7,10.8,13.4,-,FREEDOM DiVE (tpz Overcute Remix),5,13.4
FREEDOM DiVE (tpz Overcute Remix),t+pazolite,4,6.0,8.7,10.8,13.4,-,FREEDOM DiVE (tpz Overcute Remix),1,4.0
FREEDOM DiVE (tpz Overcute Remix),t+pazolite,4,6.0,8.7,10.8,13.4,-,FREEDOM DiVE (tpz Overcute Remix),2,6.0
FREEDOM DiVE (tpz Overcute Remix),t+pazolite,4,6.0,8.7,10.8,13.4,-,FREEDOM DiVE (tpz Overcute Remix),1,4.0
FREEDOM DiVE (tpz Overcute Remix),t+pazolite,4,6.0,8.7,10.8,13.4,-,FREEDOM DiVE (tpz Overcute Remix),2,6.0
FREEDOM DiVE (tpz Overcute Remix),t+pazolite,4,6.0,8.7,10.8,13.4,-,FREEDOM DiVE (tpz Overcute Remix),3,8.7
FREEDOM DiVE (tpz Overcute Remix),t+pazolite,4,6.0,8.7,10.8,13.4,-,FREEDOM DiVE (tpz Overcute Remix),4,10.8
FREEDOM DiVE (tpz Overcute Remix),t+pazolite,4,6.0,8.7,10.8,13.4,-,FREEDOM DiVE (tpz Overcute Remix),4,10.8
FREEDOM DiVE (tpz Overcute Remix),t+pazolite,4,6.0,8.7,10.8,13.4,-,FREEDOM DiVE (tpz Overcute Remix),5,13.4
FREEDOM DiVE (tpz Overcute Remix),t+pazolite,4,6.0,8.7,10.8,13.4,-,FREEDOM DiVE (tpz Overcute Remix),1,4.0
FREEDOM DiVE (tpz Overcute Remix),t+pazolite,4,6.0,8.7,10.8,13.4,-,FREEDOM DiVE (tpz Overcute Remix),2,6.0
FREEDOM DiVE (tpz Overcute Remix),t+pazolite,4,6.0,8.7,10.8,13.4,-,FREEDOM DiVE (tpz Overcute Remix),3,8.7
FREEDOM DiVE (tpz Overcute Remix),t+pazolite,4,6.0,8.7,10.8,13.4,-,FREEDOM DiVE (tpz Overcute Remix),4,10.8
FREEDOM DiVE (tpz Overcute Remix),t+pazolite,4,6.0,8.7,10.8,13.4,-,FREEDOM DiVE (tpz Overcute Remix),5,13.4
FREEDOM DiVE (tpz Overcute Remix),t+pazolite,4,6.0,8.7,10.8,13.4,-,FREEDOM DiVE (tpz Overcute Remix),3,8.7
FUJIN Rumble,COSIO（ZUNTATA) 「グルーヴコースター」より,2,5.0,7.8,10.2,13.3,-,FUJIN Rumble,5,13.3
FUJIN Rumble,COSIO（ZUNTATA) 「グルーヴコースター」より,2,5.0,7.8,10.2,13.3,-,FUJIN Rumble,2,5.0
FUJIN Rumble,COSIO（ZUNTATA) 「グルーヴコースター」より,2,5.0,7.8,10.2,13.3,-,FUJIN Rumble,1,2.0
FUJIN Rumble,COSIO（ZUNTATA) 「グルーヴコースター」より,2,5.0,7.8,10.2,13.3,-,FUJIN Rumble,3,7.8
FUJIN Rumble,COSIO（ZUNTATA) 「グルーヴコースター」より,2,5.0,7.8,10.2,13.3,-,FUJIN Rumble,4,10.2
Feel My Fire,発熱巫女～ず,2,4.0,8.3,9.7,11.8,-,Feel My Fire,5,11.8
Feel My Fire,発熱巫女～ず,2,4.0,8.3,9.7,11.8,-,Feel My Fire,4,9.7
Feel My Fire,発熱巫女～ず,2,4.0,8.3,9.7,11.8,-,Feel My Fire,3,8.3
Feel My Fire,発熱巫女～ず,2,4.0,8.3,9.7,11.8,-,Feel My Fire,2,4.0
Feel My Fire,発熱巫女～ず,2,4.0,8.3,9.7,11.8,-,Feel My Fire,1,2.0
FestivaLight,霜月はるか,2,4.0,7.2,9,12.1,-,FestivaLight,4,9.0
FestivaLight,霜月はるか,2,4.0,7.2,9,12.1,-,FestivaLight,5,12.1
FestivaLight,霜月はるか,2,4.0,7.2,9,12.1,-,FestivaLight,1,2.0
FestivaLight,霜月はるか,2,4.0,7.2,9,12.1,-,FestivaLight,2,4.0
FestivaLight,霜月はるか,2,4.0,7.2,9,12.1,-,FestivaLight,3,7.2
Fist Bump,"大谷智哉,Douglas Robb from Hoobastank「ソニックフォース」",3,5.0,7.7,9.8,12,-,Fist Bump,5,12.0
Fist Bump,"大谷智哉,Douglas Robb from Hoobastank「ソニックフォース」",3,5.0,7.7,9.8,12,-,Fist Bump,2,5.0
Fist Bump,"大谷智哉,Douglas Robb from Hoobastank「ソニックフォース」",3,5.0,7.7,9.8,12,-,Fist Bump,5,12.0
Fist Bump,"大谷智哉,Douglas Robb from Hoobastank「ソニックフォース」",3,5.0,7.7,9.8,12,-,Fist Bump,1,3.0
Fist Bump,"大谷智哉,Douglas Robb from Hoobastank「ソニックフォース」",3,5.0,7.7,9.8,12,-,Fist Bump,3,7.7
Fist Bump,"大谷智哉,Douglas Robb from Hoobastank「ソニックフォース」",3,5.0,7.7,9.8,12,-,Fist Bump,2,5.0
Fist Bump,"大谷智哉,Douglas Robb from Hoobastank「ソニックフォース」",3,5.0,7.7,9.8,12,-,Fist Bump,1,3.0
Fist Bump,"大谷智哉,Douglas Robb from Hoobastank「ソニックフォース」",3,5.0,7.7,9.8,12,-,Fist Bump,4,9.8
Fist Bump,"大谷智哉,Douglas Robb from Hoobastank「ソニックフォース」",3,5.0,7.7,9.8,12,-,Fist Bump,4,9.8
Fist Bump,"大谷智哉,Douglas Robb from Hoobastank「ソニックフォース」",3,5.0,7.7,9.8,12,-,Fist Bump,2,5.0
Fist Bump,"大谷智哉,Douglas Robb from Hoobastank「ソニックフォース」",3,5.0,7.7,9.8,12,-,Fist Bump,1,3.0
Fist Bump,"大谷智哉,Douglas Robb from Hoobastank「ソニックフォース」",3,5.0,7.7,9.8,12,-,Fist Bump,5,12.0
Fist Bump,"大谷智哉,Douglas Robb from Hoobastank「ソニックフォース」",3,5.0,7.7,9.8,12,-,Fist Bump,4,9.8
Fist Bump,"大谷智哉,Douglas Robb from Hoobastank「ソニックフォース」",3,5.0,7.7,9.8,12,-,Fist Bump,3,7.7
Fist Bump,"大谷智哉,Douglas Robb from Hoobastank「ソニックフォース」",3,5.0,7.7,9.8,12,-,Fist Bump,3,7.7
Fragrance,Tsukasa (Arte Refact),4,5.0,8.5,11.7,13.1,13.5,Fragrance,6,13.5
Fragrance,Tsukasa (Arte Refact),4,5.0,8.5,11.7,13.1,13.5,Fragrance,4,11.7
Fragrance,Tsukasa (Arte Refact),4,5.0,8.5,11.7,13.1,13.5,Fragrance,3,8.5
Fragrance,Tsukasa (Arte Refact),4,5.0,8.5,11.7,13.1,13.5,Fragrance,5,13.1
Fragrance,Tsukasa (Arte Refact),4,5.0,8.5,11.7,13.1,13.5,Fragrance,2,5.0
Fragrance,Tsukasa (Arte Refact),4,5.0,8.5,11.7,13.1,13.5,Fragrance,1,4.0
Future,★STAR GUiTAR [cover],3,6.0,6.2,7.9,9.5,11.3,Future,3,6.2
Future,★STAR GUiTAR [cover],3,6.0,6.2,7.9,9.5,11.3,Future,4,7.9
Future,★STAR GUiTAR [cover],3,6.0,6.2,7.9,9.5,11.3,Future,5,9.5
Future,★STAR GUiTAR [cover],3,6.0,6.2,7.9,9.5,11.3,Future,6,11.3
Future,★STAR GUiTAR [cover],3,6.0,6.2,7.9,9.5,11.3,Future,2,6.0
Future,★STAR GUiTAR [cover],3,6.0,6.2,7.9,9.5,11.3,Future,1,3.0
GEMINI -M-,Tatsh,4,6.0,7,10.2,12.7,-,GEMINI -M-,5,12.7
GEMINI -M-,Tatsh,4,6.0,7,10.2,12.7,-,GEMINI -M-,1,4.0
GEMINI -M-,Tatsh,4,6.0,7,10.2,12.7,-,GEMINI -M-,3,7.0
GEMINI -M-,Tatsh,4,6.0,7,10.2,12.7,-,GEMINI -M-,4,10.2
GEMINI -M-,Tatsh,4,6.0,7,10.2,12.7,-,GEMINI -M-,2,6.0
GO BACK 2 YOUR RAVE,nora2r,3,5.0,7.7,10.5,12.9,-,GO BACK 2 YOUR RAVE,5,12.9
GO BACK 2 YOUR RAVE,nora2r,3,5.0,7.7,10.5,12.9,-,GO BACK 2 YOUR RAVE,4,10.5
GO BACK 2 YOUR RAVE,nora2r,3,5.0,7.7,10.5,12.9,-,GO BACK 2 YOUR RAVE,3,7.7
GO BACK 2 YOUR RAVE,nora2r,3,5.0,7.7,10.5,12.9,-,GO BACK 2 YOUR RAVE,1,3.0
GO BACK 2 YOUR RAVE,nora2r,3,5.0,7.7,10.5,12.9,-,GO BACK 2 YOUR RAVE,5,12.9
GO BACK 2 YOUR RAVE,nora2r,3,5.0,7.7,10.5,12.9,-,GO BACK 2 YOUR RAVE,2,5.0
GO BACK 2 YOUR RAVE,nora2r,3,5.0,7.7,10.5,12.9,-,GO BACK 2 YOUR RAVE,3,7.7
GO BACK 2 YOUR RAVE,nora2r,3,5.0,7.7,10.5,12.9,-,GO BACK 2 YOUR RAVE,2,5.0
GO BACK 2 YOUR RAVE,nora2r,3,5.0,7.7,10.5,12.9,-,GO BACK 2 YOUR RAVE,1,3.0
GO BACK 2 YOUR RAVE,nora2r,3,5.0,7.7,10.5,12.9,-,GO BACK 2 YOUR RAVE,5,12.9
GO BACK 2 YOUR RAVE,nora2r,3,5.0,7.7,10.5,12.9,-,GO BACK 2 YOUR RAVE,4,10.5
GO BACK 2 YOUR RAVE,nora2r,3,5.0,7.7,10.5,12.9,-,GO BACK 2 YOUR RAVE,3,7.7
GO BACK 2 YOUR RAVE,nora2r,3,5.0,7.7,10.5,12.9,-,GO BACK 2 YOUR RAVE,2,5.0
GO BACK 2 YOUR RAVE,nora2r,3,5.0,7.7,10.5,12.9,-,GO BACK 2 YOUR RAVE,1,3.0
GO BACK 2 YOUR RAVE,nora2r,3,5.0,7.7,10.5,12.9,-,GO BACK 2 YOUR RAVE,4,10.5
GOODMEN,EBIMAYO,3,5.0,7.3,9.8,11.8,-,GOODMEN,1,3.0
GOODMEN,EBIMAYO,3,5.0,7.3,9.8,11.8,-,GOODMEN,2,5.0
GOODMEN,EBIMAYO,3,5.0,7.3,9.8,11.8,-,GOODMEN,3,7.3
GOODMEN,EBIMAYO,3,5.0,7.3,9.8,11.8,-,GOODMEN,4,9.8
GOODMEN,EBIMAYO,3,5.0,7.3,9.8,11.8,-,GOODMEN,5,11.8
Garakuta Doll Play,t+pazolite,4,6.0,8.2,11,13.1,13.7,Garakuta Doll Play,1,4.0
Garakuta Doll Play,t+pazolite,4,6.0,8.2,11,13.1,13.7,Garakuta Doll Play,2,6.0
Garakuta Doll Play,t+pazolite,4,6.0,8.2,11,13.1,13.7,Garakuta Doll Play,6,13.7
Garakuta Doll Play,t+pazolite,4,6.0,8.2,11,13.1,13.7,Garakuta Doll Play,5,13.1
Garakuta Doll Play,t+pazolite,4,6.0,8.2,11,13.1,13.7,Garakuta Doll Play,6,13.7
Garakuta Doll Play,t+pazolite,4,6.0,8.2,11,13.1,13.7,Garakuta Doll Play,1,4.0
Garakuta Doll Play,t+pazolite,4,6.0,8.2,11,13.1,13.7,Garakuta Doll Play,2,6.0
Garakuta Doll Play,t+pazolite,4,6.0,8.2,11,13.1,13.7,Garakuta Doll Play,3,8.2
Garakuta Doll Play,t+pazolite,4,6.0,8.2,11,13.1,13.7,Garakuta Doll Play,5,13.1
Garakuta Doll Play,t+pazolite,4,6.0,8.2,11,13.1,13.7,Garakuta Doll Play,6,13.7
Garakuta Doll Play,t+pazolite,4,6.0,8.2,11,13.1,13.7,Garakuta Doll Play,4,11.0
Garakuta Doll Play,t+pazolite,4,6.0,8.2,11,13.1,13.7,Garakuta Doll Play,5,13.1
Garakuta Doll Play,t+pazolite,4,6.0,8.2,11,13.1,13.7,Garakuta Doll Play,4,11.0
Garakuta Doll Play,t+pazolite,4,6.0,8.2,11,13.1,13.7,Garakuta Doll Play,3,8.2
Garakuta Doll Play,t+pazolite,4,6.0,8.2,11,13.1,13.7,Garakuta Doll Play,2,6.0
Garakuta Doll Play,t+pazolite,4,6.0,8.2,11,13.1,13.7,Garakuta Doll Play,3,8.2
Garakuta Doll Play,t+pazolite,4,6.0,8.2,11,13.1,13.7,Garakuta Doll Play,4,11.0
Garakuta Doll Play,t+pazolite,4,6.0,8.2,11,13.1,13.7,Garakuta Doll Play,1,4.0
Garden Of The Dragon,Kai「Wonderland Wars」,1,3.0,6.2,10.2,11.8,-,Garden Of The Dragon,2,3.0
Garden Of The Dragon,Kai「Wonderland Wars」,1,3.0,6.2,10.2,11.8,-,Garden Of The Dragon,5,11.8
Garden Of The Dragon,Kai「Wonderland Wars」,1,3.0,6.2,10.2,11.8,-,Garden Of The Dragon,4,10.2
Garden Of The Dragon,Kai「Wonderland Wars」,1,3.0,6.2,10.2,11.8,-,Garden Of The Dragon,3,6.2
Garden Of The Dragon,Kai「Wonderland Wars」,1,3.0,6.2,10.2,11.8,-,Garden Of The Dragon,1,1.0
Get Happy,Jimmy Weckl,3,5.0,7,10.8,12.3,-,Get Happy,1,3.0
Get Happy,Jimmy Weckl,3,5.0,7,10.8,12.3,-,Get Happy,5,12.3
Get Happy,Jimmy Weckl,3,5.0,7,10.8,12.3,-,Get Happy,4,10.8
Get Happy,Jimmy Weckl,3,5.0,7,10.8,12.3,-,Get Happy,3,7.0
Get Happy,Jimmy Weckl,3,5.0,7,10.8,12.3,-,Get Happy,2,5.0
Get Happy,Jimmy Weckl,3,5.0,7,10.8,12.3,-,Get Happy,1,3.0
Get Happy,Jimmy Weckl,3,5.0,7,10.8,12.3,-,Get Happy,5,12.3
Get Happy,Jimmy Weckl,3,5.0,7,10.8,12.3,-,Get Happy,3,7.0
Get Happy,Jimmy Weckl,3,5.0,7,10.8,12.3,-,Get Happy,2,5.0
Get Happy,Jimmy Weckl,3,5.0,7,10.8,12.3,-,Get Happy,5,12.3
Get Happy,Jimmy Weckl,3,5.0,7,10.8,12.3,-,Get Happy,4,10.8
Get Happy,Jimmy Weckl,3,5.0,7,10.8,12.3,-,Get Happy,3,7.0
Get Happy,Jimmy Weckl,3,5.0,7,10.8,12.3,-,Get Happy,4,10.8
Get Happy,Jimmy Weckl,3,5.0,7,10.8,12.3,-,Get Happy,2,5.0
Get Happy,Jimmy Weckl,3,5.0,7,10.8,12.3,-,Get Happy,1,3.0
Glorious Crown,xi,4,6.0,9.7,11.3,13.7,-,Glorious Crown,3,9.7
Glorious Crown,xi,4,6.0,9.7,11.3,13.7,-,Glorious Crown,4,11.3
Glorious Crown,xi,4,6.0,9.7,11.3,13.7,-,Glorious Crown,5,13.7
Glorious Crown,xi,4,6.0,9.7,11.3,13.7,-,Glorious Crown,1,4.0
Glorious Crown,xi,4,6.0,9.7,11.3,13.7,-,Glorious Crown,2,6.0
Glorious Crown,xi,4,6.0,9.7,11.3,13.7,-,Glorious Crown,3,9.7
Glorious Crown,xi,4,6.0,9.7,11.3,13.7,-,Glorious Crown,4,11.3
Glorious Crown,xi,4,6.0,9.7,11.3,13.7,-,Glorious Crown,5,13.7
Glorious Crown,xi,4,6.0,9.7,11.3,13.7,-,Glorious Crown,1,4.0
Glorious Crown,xi,4,6.0,9.7,11.3,13.7,-,Glorious Crown,2,6.0
Glorious Crown,xi,4,6.0,9.7,11.3,13.7,-,Glorious Crown,3,9.7
Glorious Crown,xi,4,6.0,9.7,11.3,13.7,-,Glorious Crown,4,11.3
Glorious Crown,xi,4,6.0,9.7,11.3,13.7,-,Glorious Crown,5,13.7
Glorious Crown,xi,4,6.0,9.7,11.3,13.7,-,Glorious Crown,1,4.0
Glorious Crown,xi,4,6.0,9.7,11.3,13.7,-,Glorious Crown,2,6.0
"Good Bye, Mr. Jack",sasakure.UK,3,5.0,8.2,11.5,12.9,-,"Good Bye, Mr. Jack",4,11.5
"Good Bye, Mr. Jack",sasakure.UK,3,5.0,8.2,11.5,12.9,-,"Good Bye, Mr. Jack",1,3.0
"Good Bye, Mr. Jack",sasakure.UK,3,5.0,8.2,11.5,12.9,-,"Good Bye, Mr. Jack",2,5.0
"Good Bye, Mr. Jack",sasakure.UK,3,5.0,8.2,11.5,12.9,-,"Good Bye, Mr. Jack",3,8.2
"Good Bye, Mr. Jack",sasakure.UK,3,5.0,8.2,11.5,12.9,-,"Good Bye, Mr. Jack",4,11.5
"Good Bye, Mr. Jack",sasakure.UK,3,5.0,8.2,11.5,12.9,-,"Good Bye, Mr. Jack",5,12.9
"Good Bye, Mr. Jack",sasakure.UK,3,5.0,8.2,11.5,12.9,-,"Good Bye, Mr. Jack",1,3.0
"Good Bye, Mr. Jack",sasakure.UK,3,5.0,8.2,11.5,12.9,-,"Good Bye, Mr. Jack",5,12.9
"Good Bye, Mr. Jack",sasakure.UK,3,5.0,8.2,11.5,12.9,-,"Good Bye, Mr. Jack",3,8.2
"Good Bye, Mr. Jack",sasakure.UK,3,5.0,8.2,11.5,12.9,-,"Good Bye, Mr. Jack",3,8.2
"Good Bye, Mr. Jack",sasakure.UK,3,5.0,8.2,11.5,12.9,-,"Good Bye, Mr. Jack",2,5.0
"Good Bye, Mr. Jack",sasakure.UK,3,5.0,8.2,11.5,12.9,-,"Good Bye, Mr. Jack",1,3.0
"Good Bye, Mr. Jack",sasakure.UK,3,5.0,8.2,11.5,12.9,-,"Good Bye, Mr. Jack",5,12.9
"Good Bye, Mr. Jack",sasakure.UK,3,5.0,8.2,11.5,12.9,-,"Good Bye, Mr. Jack",4,11.5
"Good Bye, Mr. Jack",sasakure.UK,3,5.0,8.2,11.5,12.9,-,"Good Bye, Mr. Jack",2,5.0
Grip & Break down !!,SOUND HOLIC feat. Nana Takahashi,2,4.0,6.2,7.5,11.9,-,Grip & Break down !!,1,2.0
Grip & Break down !!,SOUND HOLIC feat. Nana Takahashi,2,4.0,6.2,7.5,11.9,-,Grip & Break down !!,2,4.0
Grip & Break down !!,SOUND HOLIC feat. Nana Takahashi,2,4.0,6.2,7.5,11.9,-,Grip & Break down !!,5,11.9
Grip & Break down !!,SOUND HOLIC feat. Nana Takahashi,2,4.0,6.2,7.5,11.9,-,Grip & Break down !!,4,7.5
Grip & Break down !!,SOUND HOLIC feat. Nana Takahashi,2,4.0,6.2,7.5,11.9,-,Grip & Break down !!,3,6.2
H-A-J-I-M-A-R-I-U-T-A-!!,777☆SISTERS,1,3.0,6.8,8.7,11.7,-,H-A-J-I-M-A-R-I-U-T-A-!!,4,8.7
H-A-J-I-M-A-R-I-U-T-A-!!,777☆SISTERS,1,3.0,6.8,8.7,11.7,-,H-A-J-I-M-A-R-I-U-T-A-!!,5,11.7
H-A-J-I-M-A-R-I-U-T-A-!!,777☆SISTERS,1,3.0,6.8,8.7,11.7,-,H-A-J-I-M-A-R-I-U-T-A-!!,1,1.0
H-A-J-I-M-A-R-I-U-T-A-!!,777☆SISTERS,1,3.0,6.8,8.7,11.7,-,H-A-J-I-M-A-R-I-U-T-A-!!,2,3.0
H-A-J-I-M-A-R-I-U-T-A-!!,777☆SISTERS,1,3.0,6.8,8.7,11.7,-,H-A-J-I-M-A-R-I-U-T-A-!!,3,6.8
HERA,ルゼ,4,6.0,8.5,10.8,13.2,-,HERA,1,4.0
HERA,ルゼ,4,6.0,8.5,10.8,13.2,-,HERA,2,6.0
HERA,ルゼ,4,6.0,8.5,10.8,13.2,-,HERA,4,10.8
HERA,ルゼ,4,6.0,8.5,10.8,13.2,-,HERA,5,13.2
HERA,ルゼ,4,6.0,8.5,10.8,13.2,-,HERA,1,4.0
HERA,ルゼ,4,6.0,8.5,10.8,13.2,-,HERA,2,6.0
HERA,ルゼ,4,6.0,8.5,10.8,13.2,-,HERA,3,8.5
HERA,ルゼ,4,6.0,8.5,10.8,13.2,-,HERA,4,10.8
HERA,ルゼ,4,6.0,8.5,10.8,13.2,-,HERA,5,13.2
HERA,ルゼ,4,6.0,8.5,10.8,13.2,-,HERA,1,4.0
HERA,ルゼ,4,6.0,8.5,10.8,13.2,-,HERA,2,6.0
HERA,ルゼ,4,6.0,8.5,10.8,13.2,-,HERA,3,8.5
HERA,ルゼ,4,6.0,8.5,10.8,13.2,-,HERA,3,8.5
HERA,ルゼ,4,6.0,8.5,10.8,13.2,-,HERA,5,13.2
HERA,ルゼ,4,6.0,8.5,10.8,13.2,-,HERA,4,10.8
Hand in Hand,livetune,2,4.0,6,8.9,11.2,-,Hand in Hand,2,4.0
Hand in Hand,livetune,2,4.0,6,8.9,11.2,-,Hand in Hand,1,2.0
Hand in Hand,livetune,2,4.0,6,8.9,11.2,-,Hand in Hand,2,4.0
Hand in Hand,livetune,2,4.0,6,8.9,11.2,-,Hand in Hand,3,6.0
Hand in Hand,livetune,2,4.0,6,8.9,11.2,-,Hand in Hand,4,8.9
Hand in Hand,livetune,2,4.0,6,8.9,11.2,-,Hand in Hand,5,11.2
Hand in Hand,livetune,2,4.0,6,8.9,11.2,-,Hand in Hand,1,2.0
Hand in Hand,livetune,2,4.0,6,8.9,11.2,-,Hand in Hand,3,6.0
Hand in Hand,livetune,2,4.0,6,8.9,11.2,-,Hand in Hand,4,8.9
Hand in Hand,livetune,2,4.0,6,8.9,11.2,-,Hand in Hand,4,8.9
Hand in Hand,livetune,2,4.0,6,8.9,11.2,-,Hand in Hand,5,11.2
Hand in Hand,livetune,2,4.0,6,8.9,11.2,-,Hand in Hand,1,2.0
Hand in Hand,livetune,2,4.0,6,8.9,11.2,-,Hand in Hand,2,4.0
Hand in Hand,livetune,2,4.0,6,8.9,11.2,-,Hand in Hand,3,6.0
Hand in Hand,livetune,2,4.0,6,8.9,11.2,-,Hand in Hand,5,11.2
Heart Beats,向日葵×emon(Tes.),2,5.0,6.7,8.2,10.3,-,Heart Beats,2,5.0
Heart Beats,向日葵×emon(Tes.),2,5.0,6.7,8.2,10.3,-,Heart Beats,4,8.2
Heart Beats,向日葵×emon(Tes.),2,5.0,6.7,8.2,10.3,-,Heart Beats,3,6.7
Heart Beats,向日葵×emon(Tes.),2,5.0,6.7,8.2,10.3,-,Heart Beats,1,2.0
Heart Beats,向日葵×emon(Tes.),2,5.0,6.7,8.2,10.3,-,Heart Beats,5,10.3
Heartbeats,RAMM feat. 若井友希,2,4.0,8,10,11.3,-,Heartbeats,2,4.0
Heartbeats,RAMM feat. 若井友希,2,4.0,8,10,11.3,-,Heartbeats,3,8.0
Heartbeats,RAMM feat. 若井友希,2,4.0,8,10,11.3,-,Heartbeats,4,10.0
Heartbeats,RAMM feat. 若井友希,2,4.0,8,10,11.3,-,Heartbeats,1,2.0
Heartbeats,RAMM feat. 若井友希,2,4.0,8,10,11.3,-,Heartbeats,5,11.3
"Help me, ERINNNNNN!!",ビートまりお(COOL&CREATE),2,5.0,6.2,9.8,10.4,-,"Help me, ERINNNNNN!!",5,10.4
"Help me, ERINNNNNN!!",ビートまりお(COOL&CREATE),2,5.0,6.2,9.8,10.4,-,"Help me, ERINNNNNN!!",4,9.8
"Help me, ERINNNNNN!!",ビートまりお(COOL&CREATE),2,5.0,6.2,9.8,10.4,-,"Help me, ERINNNNNN!!",3,6.2
"Help me, ERINNNNNN!!",ビートまりお(COOL&CREATE),2,5.0,6.2,9.8,10.4,-,"Help me, ERINNNNNN!!",2,5.0
"Help me, ERINNNNNN!!",ビートまりお(COOL&CREATE),2,5.0,6.2,9.8,10.4,-,"Help me, ERINNNNNN!!",1,2.0
Her Dream Is To Be A Fantastic Sorceress,アミティ(CV 菊池志穂)「ぷよぷよ」,1,3.0,6,9.5,10.3,-,Her Dream Is To Be A Fantastic Sorceress,1,1.0
Her Dream Is To Be A Fantastic Sorceress,アミティ(CV 菊池志穂)「ぷよぷよ」,1,3.0,6,9.5,10.3,-,Her Dream Is To Be A Fantastic Sorceress,5,10.3
Her Dream Is To Be A Fantastic Sorceress,アミティ(CV 菊池志穂)「ぷよぷよ」,1,3.0,6,9.5,10.3,-,Her Dream Is To Be A Fantastic Sorceress,4,9.5
Her Dream Is To Be A Fantastic Sorceress,アミティ(CV 菊池志穂)「ぷよぷよ」,1,3.0,6,9.5,10.3,-,Her Dream Is To Be A Fantastic Sorceress,2,3.0
Her Dream Is To Be A Fantastic Sorceress,アミティ(CV 菊池志穂)「ぷよぷよ」,1,3.0,6,9.5,10.3,-,Her Dream Is To Be A Fantastic Sorceress,3,6.0
Hyper Active,HiTECH NINJA,4,6.0,8.3,11,12.9,-,Hyper Active,3,8.3
Hyper Active,HiTECH NINJA,4,6.0,8.3,11,12.9,-,Hyper Active,1,4.0
Hyper Active,HiTECH NINJA,4,6.0,8.3,11,12.9,-,Hyper Active,2,6.0
Hyper Active,HiTECH NINJA,4,6.0,8.3,11,12.9,-,Hyper Active,3,8.3
Hyper Active,HiTECH NINJA,4,6.0,8.3,11,12.9,-,Hyper Active,4,11.0
Hyper Active,HiTECH NINJA,4,6.0,8.3,11,12.9,-,Hyper Active,5,12.9
Hyper Active,HiTECH NINJA,4,6.0,8.3,11,12.9,-,Hyper Active,2,6.0
Hyper Active,HiTECH NINJA,4,6.0,8.3,11,12.9,-,Hyper Active,1,4.0
Hyper Active,HiTECH NINJA,4,6.0,8.3,11,12.9,-,Hyper Active,4,11.0
Hyper Active,HiTECH NINJA,4,6.0,8.3,11,12.9,-,Hyper Active,5,12.9
Hyper Active,HiTECH NINJA,4,6.0,8.3,11,12.9,-,Hyper Active,1,4.0
Hyper Active,HiTECH NINJA,4,6.0,8.3,11,12.9,-,Hyper Active,2,6.0
Hyper Active,HiTECH NINJA,4,6.0,8.3,11,12.9,-,Hyper Active,4,11.0
Hyper Active,HiTECH NINJA,4,6.0,8.3,11,12.9,-,Hyper Active,5,12.9
Hyper Active,HiTECH NINJA,4,6.0,8.3,11,12.9,-,Hyper Active,3,8.3
I ♥,Junky,2,4.0,6.9,7.7,10.7,-,I ♥,5,10.7
I ♥,Junky,2,4.0,6.9,7.7,10.7,-,I ♥,4,7.7
I ♥,Junky,2,4.0,6.9,7.7,10.7,-,I ♥,3,6.9
I ♥,Junky,2,4.0,6.9,7.7,10.7,-,I ♥,2,4.0
I ♥,Junky,2,4.0,6.9,7.7,10.7,-,I ♥,1,2.0
INFINITE WORLD,SOUND HOLIC feat. Nana Takahashi,2,4.0,7.4,9.2,11.7,-,INFINITE WORLD,3,7.4
INFINITE WORLD,SOUND HOLIC feat. Nana Takahashi,2,4.0,7.4,9.2,11.7,-,INFINITE WORLD,2,4.0
INFINITE WORLD,SOUND HOLIC feat. Nana Takahashi,2,4.0,7.4,9.2,11.7,-,INFINITE WORLD,1,2.0
INFINITE WORLD,SOUND HOLIC feat. Nana Takahashi,2,4.0,7.4,9.2,11.7,-,INFINITE WORLD,5,11.7
INFINITE WORLD,SOUND HOLIC feat. Nana Takahashi,2,4.0,7.4,9.2,11.7,-,INFINITE WORLD,4,9.2
Ievan Polkka,Otomania feat. 初音ミク,1,3.0,6.8,10.7,12.5,-,Ievan Polkka,4,10.7
Ievan Polkka,Otomania feat. 初音ミク,1,3.0,6.8,10.7,12.5,-,Ievan Polkka,3,6.8
Ievan Polkka,Otomania feat. 初音ミク,1,3.0,6.8,10.7,12.5,-,Ievan Polkka,4,10.7
Ievan Polkka,Otomania feat. 初音ミク,1,3.0,6.8,10.7,12.5,-,Ievan Polkka,3,6.8
Ievan Polkka,Otomania feat. 初音ミク,1,3.0,6.8,10.7,12.5,-,Ievan Polkka,2,3.0
Ievan Polkka,Otomania feat. 初音ミク,1,3.0,6.8,10.7,12.5,-,Ievan Polkka,1,1.0
Ievan Polkka,Otomania feat. 初音ミク,1,3.0,6.8,10.7,12.5,-,Ievan Polkka,5,12.5
Ievan Polkka,Otomania feat. 初音ミク,1,3.0,6.8,10.7,12.5,-,Ievan Polkka,1,1.0
Ievan Polkka,Otomania feat. 初音ミク,1,3.0,6.8,10.7,12.5,-,Ievan Polkka,2,3.0
Ievan Polkka,Otomania feat. 初音ミク,1,3.0,6.8,10.7,12.5,-,Ievan Polkka,3,6.8
Ievan Polkka,Otomania feat. 初音ミク,1,3.0,6.8,10.7,12.5,-,Ievan Polkka,4,10.7
Ievan Polkka,Otomania feat. 初音ミク,1,3.0,6.8,10.7,12.5,-,Ievan Polkka,5,12.5
Ievan Polkka,Otomania feat. 初音ミク,1,3.0,6.8,10.7,12.5,-,Ievan Polkka,1,1.0
Ievan Polkka,Otomania feat. 初音ミク,1,3.0,6.8,10.7,12.5,-,Ievan Polkka,5,12.5
Ievan Polkka,Otomania feat. 初音ミク,1,3.0,6.8,10.7,12.5,-,Ievan Polkka,2,3.0
Ignis Danse,Yuji Masubuchi 「太鼓の達人」より,2,5.0,7.5,10.8,13.3,-,Ignis Danse,1,2.0
Ignis Danse,Yuji Masubuchi 「太鼓の達人」より,2,5.0,7.5,10.8,13.3,-,Ignis Danse,2,5.0
Ignis Danse,Yuji Masubuchi 「太鼓の達人」より,2,5.0,7.5,10.8,13.3,-,Ignis Danse,3,7.5
Ignis Danse,Yuji Masubuchi 「太鼓の達人」より,2,5.0,7.5,10.8,13.3,-,Ignis Danse,4,10.8
Ignis Danse,Yuji Masubuchi 「太鼓の達人」より,2,5.0,7.5,10.8,13.3,-,Ignis Danse,5,13.3
Ignite Infinity,「PHANTASY STAR PORTABLE2 ∞」,2,4.0,6.4,10.2,10.7,-,Ignite Infinity,3,6.4
Ignite Infinity,「PHANTASY STAR PORTABLE2 ∞」,2,4.0,6.4,10.2,10.7,-,Ignite Infinity,1,2.0
Ignite Infinity,「PHANTASY STAR PORTABLE2 ∞」,2,4.0,6.4,10.2,10.7,-,Ignite Infinity,5,10.7
Ignite Infinity,「PHANTASY STAR PORTABLE2 ∞」,2,4.0,6.4,10.2,10.7,-,Ignite Infinity,4,10.2
Ignite Infinity,「PHANTASY STAR PORTABLE2 ∞」,2,4.0,6.4,10.2,10.7,-,Ignite Infinity,2,4.0
Imitation:Loud Lounge,Ino(chronoize),3,5.0,7,10.4,12.4,-,Imitation:Loud Lounge,4,10.4
Imitation:Loud Lounge,Ino(chronoize),3,5.0,7,10.4,12.4,-,Imitation:Loud Lounge,5,12.4
Imitation:Loud Lounge,Ino(chronoize),3,5.0,7,10.4,12.4,-,Imitation:Loud Lounge,2,5.0
Imitation:Loud Lounge,Ino(chronoize),3,5.0,7,10.4,12.4,-,Imitation:Loud Lounge,1,3.0
Imitation:Loud Lounge,Ino(chronoize),3,5.0,7,10.4,12.4,-,Imitation:Loud Lounge,3,7.0
Imperishable Night 2006 (2016 Refine),ゆうゆ / 篠螺悠那,3,5.0,7.8,10.5,12.7,-,Imperishable Night 2006 (2016 Refine),2,5.0
Imperishable Night 2006 (2016 Refine),ゆうゆ / 篠螺悠那,3,5.0,7.8,10.5,12.7,-,Imperishable Night 2006 (2016 Refine),3,7.8
Imperishable Night 2006 (2016 Refine),ゆうゆ / 篠螺悠那,3,5.0,7.8,10.5,12.7,-,Imperishable Night 2006 (2016 Refine),4,10.5
Imperishable Night 2006 (2016 Refine),ゆうゆ / 篠螺悠那,3,5.0,7.8,10.5,12.7,-,Imperishable Night 2006 (2016 Refine),5,12.7
Imperishable Night 2006 (2016 Refine),ゆうゆ / 篠螺悠那,3,5.0,7.8,10.5,12.7,-,Imperishable Night 2006 (2016 Refine),1,3.0
Imperishable Night 2006 (2016 Refine),ゆうゆ / 篠螺悠那,3,5.0,7.8,10.5,12.7,-,Imperishable Night 2006 (2016 Refine),2,5.0
Imperishable Night 2006 (2016 Refine),ゆうゆ / 篠螺悠那,3,5.0,7.8,10.5,12.7,-,Imperishable Night 2006 (2016 Refine),3,7.8
Imperishable Night 2006 (2016 Refine),ゆうゆ / 篠螺悠那,3,5.0,7.8,10.5,12.7,-,Imperishable Night 2006 (2016 Refine),4,10.5
Imperishable Night 2006 (2016 Refine),ゆうゆ / 篠螺悠那,3,5.0,7.8,10.5,12.7,-,Imperishable Night 2006 (2016 Refine),1,3.0
Imperishable Night 2006 (2016 Refine),ゆうゆ / 篠螺悠那,3,5.0,7.8,10.5,12.7,-,Imperishable Night 2006 (2016 Refine),2,5.0
Imperishable Night 2006 (2016 Refine),ゆうゆ / 篠螺悠那,3,5.0,7.8,10.5,12.7,-,Imperishable Night 2006 (2016 Refine),3,7.8
Imperishable Night 2006 (2016 Refine),ゆうゆ / 篠螺悠那,3,5.0,7.8,10.5,12.7,-,Imperishable Night 2006 (2016 Refine),4,10.5
Imperishable Night 2006 (2016 Refine),ゆうゆ / 篠螺悠那,3,5.0,7.8,10.5,12.7,-,Imperishable Night 2006 (2016 Refine),5,12.7
Imperishable Night 2006 (2016 Refine),ゆうゆ / 篠螺悠那,3,5.0,7.8,10.5,12.7,-,Imperishable Night 2006 (2016 Refine),1,3.0
Imperishable Night 2006 (2016 Refine),ゆうゆ / 篠螺悠那,3,5.0,7.8,10.5,12.7,-,Imperishable Night 2006 (2016 Refine),5,12.7
In Chaos,Hiro「Crackin'DJ」,2,5.0,6.8,8,10.7,13.7,In Chaos,2,5.0
In Chaos,Hiro「Crackin'DJ」,2,5.0,6.8,8,10.7,13.7,In Chaos,1,2.0
In Chaos,Hiro「Crackin'DJ」,2,5.0,6.8,8,10.7,13.7,In Chaos,2,5.0
In Chaos,Hiro「Crackin'DJ」,2,5.0,6.8,8,10.7,13.7,In Chaos,6,13.7
In Chaos,Hiro「Crackin'DJ」,2,5.0,6.8,8,10.7,13.7,In Chaos,5,10.7
In Chaos,Hiro「Crackin'DJ」,2,5.0,6.8,8,10.7,13.7,In Chaos,3,6.8
In Chaos,Hiro「Crackin'DJ」,2,5.0,6.8,8,10.7,13.7,In Chaos,4,8.0
In Chaos,Hiro「Crackin'DJ」,2,5.0,6.8,8,10.7,13.7,In Chaos,5,10.7
In Chaos,Hiro「Crackin'DJ」,2,5.0,6.8,8,10.7,13.7,In Chaos,6,13.7
In Chaos,Hiro「Crackin'DJ」,2,5.0,6.8,8,10.7,13.7,In Chaos,1,2.0
In Chaos,Hiro「Crackin'DJ」,2,5.0,6.8,8,10.7,13.7,In Chaos,2,5.0
In Chaos,Hiro「Crackin'DJ」,2,5.0,6.8,8,10.7,13.7,In Chaos,3,6.8
In Chaos,Hiro「Crackin'DJ」,2,5.0,6.8,8,10.7,13.7,In Chaos,4,8.0
In Chaos,Hiro「Crackin'DJ」,2,5.0,6.8,8,10.7,13.7,In Chaos,5,10.7
In Chaos,Hiro「Crackin'DJ」,2,5.0,6.8,8,10.7,13.7,In Chaos,6,13.7
In Chaos,Hiro「Crackin'DJ」,2,5.0,6.8,8,10.7,13.7,In Chaos,1,2.0
In Chaos,Hiro「Crackin'DJ」,2,5.0,6.8,8,10.7,13.7,In Chaos,3,6.8
In Chaos,Hiro「Crackin'DJ」,2,5.0,6.8,8,10.7,13.7,In Chaos,4,8.0
Infantoon Fantasy,t+pazolite,3,5.0,7.8,9.3,12.5,-,Infantoon Fantasy,5,12.5
Infantoon Fantasy,t+pazolite,3,5.0,7.8,9.3,12.5,-,Infantoon Fantasy,5,12.5
Infantoon Fantasy,t+pazolite,3,5.0,7.8,9.3,12.5,-,Infantoon Fantasy,5,12.5
Infantoon Fantasy,t+pazolite,3,5.0,7.8,9.3,12.5,-,Infantoon Fantasy,4,9.3
Infantoon Fantasy,t+pazolite,3,5.0,7.8,9.3,12.5,-,Infantoon Fantasy,3,7.8
Infantoon Fantasy,t+pazolite,3,5.0,7.8,9.3,12.5,-,Infantoon Fantasy,2,5.0
Infantoon Fantasy,t+pazolite,3,5.0,7.8,9.3,12.5,-,Infantoon Fantasy,1,3.0
Infantoon Fantasy,t+pazolite,3,5.0,7.8,9.3,12.5,-,Infantoon Fantasy,4,9.3
Infantoon Fantasy,t+pazolite,3,5.0,7.8,9.3,12.5,-,Infantoon Fantasy,3,7.8
Infantoon Fantasy,t+pazolite,3,5.0,7.8,9.3,12.5,-,Infantoon Fantasy,2,5.0
Infantoon Fantasy,t+pazolite,3,5.0,7.8,9.3,12.5,-,Infantoon Fantasy,1,3.0
Infantoon Fantasy,t+pazolite,3,5.0,7.8,9.3,12.5,-,Infantoon Fantasy,4,9.3
Infantoon Fantasy,t+pazolite,3,5.0,7.8,9.3,12.5,-,Infantoon Fantasy,3,7.8
Infantoon Fantasy,t+pazolite,3,5.0,7.8,9.3,12.5,-,Infantoon Fantasy,1,3.0
Infantoon Fantasy,t+pazolite,3,5.0,7.8,9.3,12.5,-,Infantoon Fantasy,2,5.0
Invitation,れるりり feat.ろん,2,4.0,6.8,8.3,11.7,-,Invitation,2,4.0
Invitation,れるりり feat.ろん,2,4.0,6.8,8.3,11.7,-,Invitation,1,2.0
Invitation,れるりり feat.ろん,2,4.0,6.8,8.3,11.7,-,Invitation,3,6.8
Invitation,れるりり feat.ろん,2,4.0,6.8,8.3,11.7,-,Invitation,4,8.3
Invitation,れるりり feat.ろん,2,4.0,6.8,8.3,11.7,-,Invitation,5,11.7
JACKY [Remix],「バーチャファイター」,2,4.0,6.7,9.6,12.1,-,JACKY [Remix],5,12.1
JACKY [Remix],「バーチャファイター」,2,4.0,6.7,9.6,12.1,-,JACKY [Remix],4,9.6
JACKY [Remix],「バーチャファイター」,2,4.0,6.7,9.6,12.1,-,JACKY [Remix],2,4.0
JACKY [Remix],「バーチャファイター」,2,4.0,6.7,9.6,12.1,-,JACKY [Remix],3,6.7
JACKY [Remix],「バーチャファイター」,2,4.0,6.7,9.6,12.1,-,JACKY [Remix],1,2.0
JUMPIN' JUMPIN',SOUND HOLIC feat. Nana Takahashi,2,4.0,7.7,9.6,11.5,-,JUMPIN' JUMPIN',5,11.5
JUMPIN' JUMPIN',SOUND HOLIC feat. Nana Takahashi,2,4.0,7.7,9.6,11.5,-,JUMPIN' JUMPIN',3,7.7
JUMPIN' JUMPIN',SOUND HOLIC feat. Nana Takahashi,2,4.0,7.7,9.6,11.5,-,JUMPIN' JUMPIN',2,4.0
JUMPIN' JUMPIN',SOUND HOLIC feat. Nana Takahashi,2,4.0,7.7,9.6,11.5,-,JUMPIN' JUMPIN',1,2.0
JUMPIN' JUMPIN',SOUND HOLIC feat. Nana Takahashi,2,4.0,7.7,9.6,11.5,-,JUMPIN' JUMPIN',4,9.6
Jack-the-Ripper◆,sasakure.UK,3,5.0,8.2,10.4,12.9,-,Jack-the-Ripper◆,4,10.4
Jack-the-Ripper◆,sasakure.UK,3,5.0,8.2,10.4,12.9,-,Jack-the-Ripper◆,3,8.2
Jack-the-Ripper◆,sasakure.UK,3,5.0,8.2,10.4,12.9,-,Jack-the-Ripper◆,2,5.0
Jack-the-Ripper◆,sasakure.UK,3,5.0,8.2,10.4,12.9,-,Jack-the-Ripper◆,2,5.0
Jack-the-Ripper◆,sasakure.UK,3,5.0,8.2,10.4,12.9,-,Jack-the-Ripper◆,1,3.0
Jack-the-Ripper◆,sasakure.UK,3,5.0,8.2,10.4,12.9,-,Jack-the-Ripper◆,2,5.0
Jack-the-Ripper◆,sasakure.UK,3,5.0,8.2,10.4,12.9,-,Jack-the-Ripper◆,3,8.2
Jack-the-Ripper◆,sasakure.UK,3,5.0,8.2,10.4,12.9,-,Jack-the-Ripper◆,5,12.9
Jack-the-Ripper◆,sasakure.UK,3,5.0,8.2,10.4,12.9,-,Jack-the-Ripper◆,1,3.0
Jack-the-Ripper◆,sasakure.UK,3,5.0,8.2,10.4,12.9,-,Jack-the-Ripper◆,5,12.9
Jack-the-Ripper◆,sasakure.UK,3,5.0,8.2,10.4,12.9,-,Jack-the-Ripper◆,4,10.4
Jack-the-Ripper◆,sasakure.UK,3,5.0,8.2,10.4,12.9,-,Jack-the-Ripper◆,3,8.2
Jack-the-Ripper◆,sasakure.UK,3,5.0,8.2,10.4,12.9,-,Jack-the-Ripper◆,1,3.0
Jack-the-Ripper◆,sasakure.UK,3,5.0,8.2,10.4,12.9,-,Jack-the-Ripper◆,4,10.4
Jack-the-Ripper◆,sasakure.UK,3,5.0,8.2,10.4,12.9,-,Jack-the-Ripper◆,5,12.9
Jimang Shot,じまんぐ,2,4.0,6.8,8.9,11.7,-,Jimang Shot,1,2.0
Jimang Shot,じまんぐ,2,4.0,6.8,8.9,11.7,-,Jimang Shot,2,4.0
Jimang Shot,じまんぐ,2,4.0,6.8,8.9,11.7,-,Jimang Shot,5,11.7
Jimang Shot,じまんぐ,2,4.0,6.8,8.9,11.7,-,Jimang Shot,4,8.9
Jimang Shot,じまんぐ,2,4.0,6.8,8.9,11.7,-,Jimang Shot,3,6.8
Jumble Rumble,INNOCENT NOIZE,3,5.0,8,10.8,12.8,-,Jumble Rumble,3,8.0
Jumble Rumble,INNOCENT NOIZE,3,5.0,8,10.8,12.8,-,Jumble Rumble,1,3.0
Jumble Rumble,INNOCENT NOIZE,3,5.0,8,10.8,12.8,-,Jumble Rumble,2,5.0
Jumble Rumble,INNOCENT NOIZE,3,5.0,8,10.8,12.8,-,Jumble Rumble,3,8.0
Jumble Rumble,INNOCENT NOIZE,3,5.0,8,10.8,12.8,-,Jumble Rumble,4,10.8
Jumble Rumble,INNOCENT NOIZE,3,5.0,8,10.8,12.8,-,Jumble Rumble,1,3.0
Jumble Rumble,INNOCENT NOIZE,3,5.0,8,10.8,12.8,-,Jumble Rumble,2,5.0
Jumble Rumble,INNOCENT NOIZE,3,5.0,8,10.8,12.8,-,Jumble Rumble,3,8.0
Jumble Rumble,INNOCENT NOIZE,3,5.0,8,10.8,12.8,-,Jumble Rumble,4,10.8
Jumble Rumble,INNOCENT NOIZE,3,5.0,8,10.8,12.8,-,Jumble Rumble,5,12.8
Jumble Rumble,INNOCENT NOIZE,3,5.0,8,10.8,12.8,-,Jumble Rumble,2,5.0
Jumble Rumble,INNOCENT NOIZE,3,5.0,8,10.8,12.8,-,Jumble Rumble,5,12.8
Jumble Rumble,INNOCENT NOIZE,3,5.0,8,10.8,12.8,-,Jumble Rumble,1,3.0
Jumble Rumble,INNOCENT NOIZE,3,5.0,8,10.8,12.8,-,Jumble Rumble,4,10.8
Jumble Rumble,INNOCENT NOIZE,3,5.0,8,10.8,12.8,-,Jumble Rumble,5,12.8
Jumping!!,Rhodanthe*,2,4.0,6.8,8.4,10.7,-,Jumping!!,4,8.4
Jumping!!,Rhodanthe*,2,4.0,6.8,8.4,10.7,-,Jumping!!,3,6.8
Jumping!!,Rhodanthe*,2,4.0,6.8,8.4,10.7,-,Jumping!!,1,2.0
Jumping!!,Rhodanthe*,2,4.0,6.8,8.4,10.7,-,Jumping!!,2,4.0
Jumping!!,Rhodanthe*,2,4.0,6.8,8.4,10.7,-,Jumping!!,5,10.7
Just Be Friends,Dixie Flatline,1,4.0,7,9,11.7,-,Just Be Friends,5,11.7
Just Be Friends,Dixie Flatline,1,4.0,7,9,11.7,-,Just Be Friends,4,9.0
Just Be Friends,Dixie Flatline,1,4.0,7,9,11.7,-,Just Be Friends,3,7.0
Just Be Friends,Dixie Flatline,1,4.0,7,9,11.7,-,Just Be Friends,2,4.0
Just Be Friends,Dixie Flatline,1,4.0,7,9,11.7,-,Just Be Friends,1,1.0
Just Be Friends,Dixie Flatline,1,4.0,7,9,11.7,-,Just Be Friends,5,11.7
Just Be Friends,Dixie Flatline,1,4.0,7,9,11.7,-,Just Be Friends,4,9.0
Just Be Friends,Dixie Flatline,1,4.0,7,9,11.7,-,Just Be Friends,3,7.0
Just Be Friends,Dixie Flatline,1,4.0,7,9,11.7,-,Just Be Friends,2,4.0
Just Be Friends,Dixie Flatline,1,4.0,7,9,11.7,-,Just Be Friends,2,4.0
Just Be Friends,Dixie Flatline,1,4.0,7,9,11.7,-,Just Be Friends,4,9.0
Just Be Friends,Dixie Flatline,1,4.0,7,9,11.7,-,Just Be Friends,3,7.0
Just Be Friends,Dixie Flatline,1,4.0,7,9,11.7,-,Just Be Friends,1,1.0
Just Be Friends,Dixie Flatline,1,4.0,7,9,11.7,-,Just Be Friends,5,11.7
Just Be Friends,Dixie Flatline,1,4.0,7,9,11.7,-,Just Be Friends,1,1.0
Justified,MintJam feat.光吉猛修,3,4.0,8.2,11.5,12.9,-,Justified,5,12.9
Justified,MintJam feat.光吉猛修,3,4.0,8.2,11.5,12.9,-,Justified,1,3.0
Justified,MintJam feat.光吉猛修,3,4.0,8.2,11.5,12.9,-,Justified,2,4.0
Justified,MintJam feat.光吉猛修,3,4.0,8.2,11.5,12.9,-,Justified,3,8.2
Justified,MintJam feat.光吉猛修,3,4.0,8.2,11.5,12.9,-,Justified,4,11.5
KING is BACK!!,A-One,3,5.0,8,10.4,12.8,-,KING is BACK!!,4,10.4
KING is BACK!!,A-One,3,5.0,8,10.4,12.8,-,KING is BACK!!,1,3.0
KING is BACK!!,A-One,3,5.0,8,10.4,12.8,-,KING is BACK!!,4,10.4
KING is BACK!!,A-One,3,5.0,8,10.4,12.8,-,KING is BACK!!,3,8.0
KING is BACK!!,A-One,3,5.0,8,10.4,12.8,-,KING is BACK!!,2,5.0
KING is BACK!!,A-One,3,5.0,8,10.4,12.8,-,KING is BACK!!,1,3.0
KING is BACK!!,A-One,3,5.0,8,10.4,12.8,-,KING is BACK!!,5,12.8
KING is BACK!!,A-One,3,5.0,8,10.4,12.8,-,KING is BACK!!,4,10.4
KING is BACK!!,A-One,3,5.0,8,10.4,12.8,-,KING is BACK!!,3,8.0
KING is BACK!!,A-One,3,5.0,8,10.4,12.8,-,KING is BACK!!,5,12.8
KING is BACK!!,A-One,3,5.0,8,10.4,12.8,-,KING is BACK!!,1,3.0
KING is BACK!!,A-One,3,5.0,8,10.4,12.8,-,KING is BACK!!,5,12.8
KING is BACK!!,A-One,3,5.0,8,10.4,12.8,-,KING is BACK!!,3,8.0
KING is BACK!!,A-One,3,5.0,8,10.4,12.8,-,KING is BACK!!,2,5.0
KING is BACK!!,A-One,3,5.0,8,10.4,12.8,-,KING is BACK!!,2,5.0
KISS CANDY FLAVOR,カラフル・サウンズ・ポート,2,4.0,7.5,9.7,12.1,-,KISS CANDY FLAVOR,3,7.5
KISS CANDY FLAVOR,カラフル・サウンズ・ポート,2,4.0,7.5,9.7,12.1,-,KISS CANDY FLAVOR,4,9.7
KISS CANDY FLAVOR,カラフル・サウンズ・ポート,2,4.0,7.5,9.7,12.1,-,KISS CANDY FLAVOR,5,12.1
KISS CANDY FLAVOR,カラフル・サウンズ・ポート,2,4.0,7.5,9.7,12.1,-,KISS CANDY FLAVOR,1,2.0
KISS CANDY FLAVOR,カラフル・サウンズ・ポート,2,4.0,7.5,9.7,12.1,-,KISS CANDY FLAVOR,2,4.0
KISS CANDY FLAVOR,カラフル・サウンズ・ポート,2,4.0,7.5,9.7,12.1,-,KISS CANDY FLAVOR,3,7.5
KISS CANDY FLAVOR,カラフル・サウンズ・ポート,2,4.0,7.5,9.7,12.1,-,KISS CANDY FLAVOR,4,9.7
KISS CANDY FLAVOR,カラフル・サウンズ・ポート,2,4.0,7.5,9.7,12.1,-,KISS CANDY FLAVOR,5,12.1
KISS CANDY FLAVOR,カラフル・サウンズ・ポート,2,4.0,7.5,9.7,12.1,-,KISS CANDY FLAVOR,2,4.0
KISS CANDY FLAVOR,カラフル・サウンズ・ポート,2,4.0,7.5,9.7,12.1,-,KISS CANDY FLAVOR,3,7.5
KISS CANDY FLAVOR,カラフル・サウンズ・ポート,2,4.0,7.5,9.7,12.1,-,KISS CANDY FLAVOR,4,9.7
KISS CANDY FLAVOR,カラフル・サウンズ・ポート,2,4.0,7.5,9.7,12.1,-,KISS CANDY FLAVOR,5,12.1
KISS CANDY FLAVOR,カラフル・サウンズ・ポート,2,4.0,7.5,9.7,12.1,-,KISS CANDY FLAVOR,1,2.0
KISS CANDY FLAVOR,カラフル・サウンズ・ポート,2,4.0,7.5,9.7,12.1,-,KISS CANDY FLAVOR,1,2.0
KISS CANDY FLAVOR,カラフル・サウンズ・ポート,2,4.0,7.5,9.7,12.1,-,KISS CANDY FLAVOR,2,4.0
Kattobi KEIKYU Rider,Sampling Masters MEGA,4,5.0,8.5,11,12.8,-,Kattobi KEIKYU Rider,1,4.0
Kattobi KEIKYU Rider,Sampling Masters MEGA,4,5.0,8.5,11,12.8,-,Kattobi KEIKYU Rider,5,12.8
Kattobi KEIKYU Rider,Sampling Masters MEGA,4,5.0,8.5,11,12.8,-,Kattobi KEIKYU Rider,3,8.5
Kattobi KEIKYU Rider,Sampling Masters MEGA,4,5.0,8.5,11,12.8,-,Kattobi KEIKYU Rider,2,5.0
Kattobi KEIKYU Rider,Sampling Masters MEGA,4,5.0,8.5,11,12.8,-,Kattobi KEIKYU Rider,4,11.0
Kinda Way,good-cool ft. Pete Klassen,3,4.0,7.8,10,12,-,Kinda Way,5,12.0
Kinda Way,good-cool ft. Pete Klassen,3,4.0,7.8,10,12,-,Kinda Way,3,7.8
Kinda Way,good-cool ft. Pete Klassen,3,4.0,7.8,10,12,-,Kinda Way,4,10.0
Kinda Way,good-cool ft. Pete Klassen,3,4.0,7.8,10,12,-,Kinda Way,3,7.8
Kinda Way,good-cool ft. Pete Klassen,3,4.0,7.8,10,12,-,Kinda Way,2,4.0
Kinda Way,good-cool ft. Pete Klassen,3,4.0,7.8,10,12,-,Kinda Way,1,3.0
Kinda Way,good-cool ft. Pete Klassen,3,4.0,7.8,10,12,-,Kinda Way,5,12.0
Kinda Way,good-cool ft. Pete Klassen,3,4.0,7.8,10,12,-,Kinda Way,4,10.0
Kinda Way,good-cool ft. Pete Klassen,3,4.0,7.8,10,12,-,Kinda Way,1,3.0
Kinda Way,good-cool ft. Pete Klassen,3,4.0,7.8,10,12,-,Kinda Way,3,7.8
Kinda Way,good-cool ft. Pete Klassen,3,4.0,7.8,10,12,-,Kinda Way,1,3.0
Kinda Way,good-cool ft. Pete Klassen,3,4.0,7.8,10,12,-,Kinda Way,4,10.0
Kinda Way,good-cool ft. Pete Klassen,3,4.0,7.8,10,12,-,Kinda Way,5,12.0
Kinda Way,good-cool ft. Pete Klassen,3,4.0,7.8,10,12,-,Kinda Way,2,4.0
Kinda Way,good-cool ft. Pete Klassen,3,4.0,7.8,10,12,-,Kinda Way,2,4.0
L'épilogue,SOUND HOLIC feat. Nana Takahashi,2,5.0,7.4,9.9,12.4,-,L'épilogue,1,2.0
L'épilogue,SOUND HOLIC feat. Nana Takahashi,2,5.0,7.4,9.9,12.4,-,L'épilogue,3,7.4
L'épilogue,SOUND HOLIC feat. Nana Takahashi,2,5.0,7.4,9.9,12.4,-,L'épilogue,4,9.9
L'épilogue,SOUND HOLIC feat. Nana Takahashi,2,5.0,7.4,9.9,12.4,-,L'épilogue,5,12.4
L'épilogue,SOUND HOLIC feat. Nana Takahashi,2,5.0,7.4,9.9,12.4,-,L'épilogue,2,5.0
L9,]paraoka,4,6.0,7.5,9.4,12.5,-,L9,3,7.5
L9,]paraoka,4,6.0,7.5,9.4,12.5,-,L9,2,6.0
L9,]paraoka,4,6.0,7.5,9.4,12.5,-,L9,1,4.0
L9,]paraoka,4,6.0,7.5,9.4,12.5,-,L9,5,12.5
L9,]paraoka,4,6.0,7.5,9.4,12.5,-,L9,4,9.4
L9,]paraoka,4,6.0,7.5,9.4,12.5,-,L9,3,7.5
L9,]paraoka,4,6.0,7.5,9.4,12.5,-,L9,4,9.4
L9,]paraoka,4,6.0,7.5,9.4,12.5,-,L9,5,12.5
L9,]paraoka,4,6.0,7.5,9.4,12.5,-,L9,1,4.0
L9,]paraoka,4,6.0,7.5,9.4,12.5,-,L9,2,6.0
L9,]paraoka,4,6.0,7.5,9.4,12.5,-,L9,3,7.5
L9,]paraoka,4,6.0,7.5,9.4,12.5,-,L9,4,9.4
L9,]paraoka,4,6.0,7.5,9.4,12.5,-,L9,5,12.5
L9,]paraoka,4,6.0,7.5,9.4,12.5,-,L9,1,4.0
L9,]paraoka,4,6.0,7.5,9.4,12.5,-,L9,2,6.0
LANCE,Ras,3,5.0,7.9,9.7,12.6,-,LANCE,4,9.7
LANCE,Ras,3,5.0,7.9,9.7,12.6,-,LANCE,1,3.0
LANCE,Ras,3,5.0,7.9,9.7,12.6,-,LANCE,3,7.9
LANCE,Ras,3,5.0,7.9,9.7,12.6,-,LANCE,3,7.9
LANCE,Ras,3,5.0,7.9,9.7,12.6,-,LANCE,5,12.6
LANCE,Ras,3,5.0,7.9,9.7,12.6,-,LANCE,1,3.0
LANCE,Ras,3,5.0,7.9,9.7,12.6,-,LANCE,4,9.7
LANCE,Ras,3,5.0,7.9,9.7,12.6,-,LANCE,5,12.6
LANCE,Ras,3,5.0,7.9,9.7,12.6,-,LANCE,4,9.7
LANCE,Ras,3,5.0,7.9,9.7,12.6,-,LANCE,3,7.9
LANCE,Ras,3,5.0,7.9,9.7,12.6,-,LANCE,2,5.0
LANCE,Ras,3,5.0,7.9,9.7,12.6,-,LANCE,1,3.0
LANCE,Ras,3,5.0,7.9,9.7,12.6,-,LANCE,5,12.6
LANCE,Ras,3,5.0,7.9,9.7,12.6,-,LANCE,2,5.0
LANCE,Ras,3,5.0,7.9,9.7,12.6,-,LANCE,2,5.0
LOL -lots of laugh-,KeN/エンドケイプ,2,4.0,6.2,8.9,10.8,-,LOL -lots of laugh-,1,2.0
LOL -lots of laugh-,KeN/エンドケイプ,2,4.0,6.2,8.9,10.8,-,LOL -lots of laugh-,2,4.0
LOL -lots of laugh-,KeN/エンドケイプ,2,4.0,6.2,8.9,10.8,-,LOL -lots of laugh-,3,6.2
LOL -lots of laugh-,KeN/エンドケイプ,2,4.0,6.2,8.9,10.8,-,LOL -lots of laugh-,4,8.9
LOL -lots of laugh-,KeN/エンドケイプ,2,4.0,6.2,8.9,10.8,-,LOL -lots of laugh-,5,10.8
LOVE EAST,暁Records,2,4.0,6.5,9.2,11.5,-,LOVE EAST,1,2.0
LOVE EAST,暁Records,2,4.0,6.5,9.2,11.5,-,LOVE EAST,2,4.0
LOVE EAST,暁Records,2,4.0,6.5,9.2,11.5,-,LOVE EAST,3,6.5
LOVE EAST,暁Records,2,4.0,6.5,9.2,11.5,-,LOVE EAST,4,9.2
LOVE EAST,暁Records,2,4.0,6.5,9.2,11.5,-,LOVE EAST,5,11.5
LUCIA,SHIKI,2,4.0,6.7,10.5,11.1,-,LUCIA,5,11.1
LUCIA,SHIKI,2,4.0,6.7,10.5,11.1,-,LUCIA,4,10.5
LUCIA,SHIKI,2,4.0,6.7,10.5,11.1,-,LUCIA,3,6.7
LUCIA,SHIKI,2,4.0,6.7,10.5,11.1,-,LUCIA,2,4.0
LUCIA,SHIKI,2,4.0,6.7,10.5,11.1,-,LUCIA,1,2.0
Let's Go Away,光吉猛修「デイトナ Championship USA」,1,4.0,7,9.4,11.9,-,Let's Go Away,3,7.0
Let's Go Away,光吉猛修「デイトナ Championship USA」,1,4.0,7,9.4,11.9,-,Let's Go Away,1,1.0
Let's Go Away,光吉猛修「デイトナ Championship USA」,1,4.0,7,9.4,11.9,-,Let's Go Away,2,4.0
Let's Go Away,光吉猛修「デイトナ Championship USA」,1,4.0,7,9.4,11.9,-,Let's Go Away,3,7.0
Let's Go Away,光吉猛修「デイトナ Championship USA」,1,4.0,7,9.4,11.9,-,Let's Go Away,4,9.4
Let's Go Away,光吉猛修「デイトナ Championship USA」,1,4.0,7,9.4,11.9,-,Let's Go Away,5,11.9
Let's Go Away,光吉猛修「デイトナ Championship USA」,1,4.0,7,9.4,11.9,-,Let's Go Away,4,9.4
Let's Go Away,光吉猛修「デイトナ Championship USA」,1,4.0,7,9.4,11.9,-,Let's Go Away,3,7.0
Let's Go Away,光吉猛修「デイトナ Championship USA」,1,4.0,7,9.4,11.9,-,Let's Go Away,2,4.0
Let's Go Away,光吉猛修「デイトナ Championship USA」,1,4.0,7,9.4,11.9,-,Let's Go Away,1,1.0
Let's Go Away,光吉猛修「デイトナ Championship USA」,1,4.0,7,9.4,11.9,-,Let's Go Away,5,11.9
Let's Go Away,光吉猛修「デイトナ Championship USA」,1,4.0,7,9.4,11.9,-,Let's Go Away,1,1.0
Let's Go Away,光吉猛修「デイトナ Championship USA」,1,4.0,7,9.4,11.9,-,Let's Go Away,4,9.4
Let's Go Away,光吉猛修「デイトナ Championship USA」,1,4.0,7,9.4,11.9,-,Let's Go Away,2,4.0
Let's Go Away,光吉猛修「デイトナ Championship USA」,1,4.0,7,9.4,11.9,-,Let's Go Away,5,11.9
Life Feels Good,Cranky,3,5.0,8,10.8,12.4,-,Life Feels Good,3,8.0
Life Feels Good,Cranky,3,5.0,8,10.8,12.4,-,Life Feels Good,2,5.0
Life Feels Good,Cranky,3,5.0,8,10.8,12.4,-,Life Feels Good,3,8.0
Life Feels Good,Cranky,3,5.0,8,10.8,12.4,-,Life Feels Good,4,10.8
Life Feels Good,Cranky,3,5.0,8,10.8,12.4,-,Life Feels Good,1,3.0
Life Feels Good,Cranky,3,5.0,8,10.8,12.4,-,Life Feels Good,2,5.0
Life Feels Good,Cranky,3,5.0,8,10.8,12.4,-,Life Feels Good,2,5.0
Life Feels Good,Cranky,3,5.0,8,10.8,12.4,-,Life Feels Good,5,12.4
Life Feels Good,Cranky,3,5.0,8,10.8,12.4,-,Life Feels Good,4,10.8
Life Feels Good,Cranky,3,5.0,8,10.8,12.4,-,Life Feels Good,1,3.0
Life Feels Good,Cranky,3,5.0,8,10.8,12.4,-,Life Feels Good,3,8.0
Life Feels Good,Cranky,3,5.0,8,10.8,12.4,-,Life Feels Good,5,12.4
Life Feels Good,Cranky,3,5.0,8,10.8,12.4,-,Life Feels Good,4,10.8
Life Feels Good,Cranky,3,5.0,8,10.8,12.4,-,Life Feels Good,1,3.0
Life Feels Good,Cranky,3,5.0,8,10.8,12.4,-,Life Feels Good,5,12.4
Limit Break,DiGiTAL WiNG,2,5.0,7.5,9.8,12,-,Limit Break,5,12.0
Limit Break,DiGiTAL WiNG,2,5.0,7.5,9.8,12,-,Limit Break,4,9.8
Limit Break,DiGiTAL WiNG,2,5.0,7.5,9.8,12,-,Limit Break,2,5.0
Limit Break,DiGiTAL WiNG,2,5.0,7.5,9.8,12,-,Limit Break,1,2.0
Limit Break,DiGiTAL WiNG,2,5.0,7.5,9.8,12,-,Limit Break,5,12.0
Limit Break,DiGiTAL WiNG,2,5.0,7.5,9.8,12,-,Limit Break,4,9.8
Limit Break,DiGiTAL WiNG,2,5.0,7.5,9.8,12,-,Limit Break,1,2.0
Limit Break,DiGiTAL WiNG,2,5.0,7.5,9.8,12,-,Limit Break,2,5.0
Limit Break,DiGiTAL WiNG,2,5.0,7.5,9.8,12,-,Limit Break,3,7.5
Limit Break,DiGiTAL WiNG,2,5.0,7.5,9.8,12,-,Limit Break,3,7.5
Limit Break,DiGiTAL WiNG,2,5.0,7.5,9.8,12,-,Limit Break,4,9.8
Limit Break,DiGiTAL WiNG,2,5.0,7.5,9.8,12,-,Limit Break,3,7.5
Limit Break,DiGiTAL WiNG,2,5.0,7.5,9.8,12,-,Limit Break,1,2.0
Limit Break,DiGiTAL WiNG,2,5.0,7.5,9.8,12,-,Limit Break,2,5.0
Limit Break,DiGiTAL WiNG,2,5.0,7.5,9.8,12,-,Limit Break,5,12.0
Link,Clean Tears feat. Youna,2,6.0,7,10+,10+,-,Link,3,7.0
Link,Circle of friends （天月-あまつき-・un:c・伊東歌詞太郎・コニー・はしやん）,2,5.0,7,7,10+,-,Link,4,10.9
Link,Circle of friends （天月-あまつき-・un:c・伊東歌詞太郎・コニー・はしやん）,2,5.0,7,7,10+,-,Link,3,7.0
Link,Circle of friends （天月-あまつき-・un:c・伊東歌詞太郎・コニー・はしやん）,2,5.0,7,7,10+,-,Link,1,2.0
Link,Circle of friends （天月-あまつき-・un:c・伊東歌詞太郎・コニー・はしやん）,2,5.0,7,7,10+,-,Link,2,5.0
Link,Clean Tears feat. Youna,2,6.0,7,10+,10+,-,Link,5,10.9
Link,Clean Tears feat. Youna,2,6.0,7,10+,10+,-,Link,4,10.9
Link,Circle of friends （天月-あまつき-・un:c・伊東歌詞太郎・コニー・はしやん）,2,5.0,7,7,10+,-,Link,2,6.0
Link,Circle of friends （天月-あまつき-・un:c・伊東歌詞太郎・コニー・はしやん）,2,5.0,7,7,10+,-,Link,1,2.0
Link,Circle of friends （天月-あまつき-・un:c・伊東歌詞太郎・コニー・はしやん）,2,5.0,7,7,10+,-,Link,5,10.9
Link,Circle of friends （天月-あまつき-・un:c・伊東歌詞太郎・コニー・はしやん）,2,5.0,7,7,10+,-,Link,5,10.9
Link,Clean Tears feat. Youna,2,6.0,7,10+,10+,-,Link,2,6.0
Link,Circle of friends （天月-あまつき-・un:c・伊東歌詞太郎・コニー・はしやん）,2,5.0,7,7,10+,-,Link,3,7.4
Link,Clean Tears feat. Youna,2,6.0,7,10+,10+,-,Link,5,10.9
Link,Clean Tears feat. Youna,2,6.0,7,10+,10+,-,Link,4,7.4
Link,Clean Tears feat. Youna,2,6.0,7,10+,10+,-,Link,3,7.4
Link,Clean Tears feat. Youna,2,6.0,7,10+,10+,-,Link,2,5.0
Link,Clean Tears feat. Youna,2,6.0,7,10+,10+,-,Link,1,2.0
Link,Circle of friends （天月-あまつき-・un:c・伊東歌詞太郎・コニー・はしやん）,2,5.0,7,7,10+,-,Link,4,7.4
Link,Clean Tears feat. Youna,2,6.0,7,10+,10+,-,Link,1,2.0
Lionheart,Masayoshi Minoshima,3,6.0,7.4,9.8,12.3,-,Lionheart,1,3.0
Lionheart,Masayoshi Minoshima,3,6.0,7.4,9.8,12.3,-,Lionheart,2,6.0
Lionheart,Masayoshi Minoshima,3,6.0,7.4,9.8,12.3,-,Lionheart,3,7.4
Lionheart,Masayoshi Minoshima,3,6.0,7.4,9.8,12.3,-,Lionheart,4,9.8
Lionheart,Masayoshi Minoshima,3,6.0,7.4,9.8,12.3,-,Lionheart,5,12.3
Lionheart,Masayoshi Minoshima,3,6.0,7.4,9.8,12.3,-,Lionheart,4,9.8
Lionheart,Masayoshi Minoshima,3,6.0,7.4,9.8,12.3,-,Lionheart,1,3.0
Lionheart,Masayoshi Minoshima,3,6.0,7.4,9.8,12.3,-,Lionheart,5,12.3
Lionheart,Masayoshi Minoshima,3,6.0,7.4,9.8,12.3,-,Lionheart,3,7.4
Lionheart,Masayoshi Minoshima,3,6.0,7.4,9.8,12.3,-,Lionheart,4,9.8
Lionheart,Masayoshi Minoshima,3,6.0,7.4,9.8,12.3,-,Lionheart,3,7.4
Lionheart,Masayoshi Minoshima,3,6.0,7.4,9.8,12.3,-,Lionheart,2,6.0
Lionheart,Masayoshi Minoshima,3,6.0,7.4,9.8,12.3,-,Lionheart,1,3.0
Lionheart,Masayoshi Minoshima,3,6.0,7.4,9.8,12.3,-,Lionheart,2,6.0
Lionheart,Masayoshi Minoshima,3,6.0,7.4,9.8,12.3,-,Lionheart,5,12.3
Live & Learn,Crush 40「ソニックアドベンチャー2」,2,4.0,6.8,9.6,11.8,-,Live & Learn,5,11.8
Live & Learn,Crush 40「ソニックアドベンチャー2」,2,4.0,6.8,9.6,11.8,-,Live & Learn,2,4.0
Live & Learn,Crush 40「ソニックアドベンチャー2」,2,4.0,6.8,9.6,11.8,-,Live & Learn,1,2.0
Live & Learn,Crush 40「ソニックアドベンチャー2」,2,4.0,6.8,9.6,11.8,-,Live & Learn,3,6.8
Live & Learn,Crush 40「ソニックアドベンチャー2」,2,4.0,6.8,9.6,11.8,-,Live & Learn,4,9.6
Lividi,Feryquitous,4,5.0,8.8,11,12.9,-,Lividi,2,5.0
Lividi,Feryquitous,4,5.0,8.8,11,12.9,-,Lividi,4,11.0
Lividi,Feryquitous,4,5.0,8.8,11,12.9,-,Lividi,1,4.0
Lividi,Feryquitous,4,5.0,8.8,11,12.9,-,Lividi,3,8.8
Lividi,Feryquitous,4,5.0,8.8,11,12.9,-,Lividi,5,12.9
Lividi,Feryquitous,4,5.0,8.8,11,12.9,-,Lividi,2,5.0
Lividi,Feryquitous,4,5.0,8.8,11,12.9,-,Lividi,1,4.0
Lividi,Feryquitous,4,5.0,8.8,11,12.9,-,Lividi,3,8.8
Lividi,Feryquitous,4,5.0,8.8,11,12.9,-,Lividi,4,11.0
Lividi,Feryquitous,4,5.0,8.8,11,12.9,-,Lividi,4,11.0
Lividi,Feryquitous,4,5.0,8.8,11,12.9,-,Lividi,3,8.8
Lividi,Feryquitous,4,5.0,8.8,11,12.9,-,Lividi,2,5.0
Lividi,Feryquitous,4,5.0,8.8,11,12.9,-,Lividi,1,4.0
Lividi,Feryquitous,4,5.0,8.8,11,12.9,-,Lividi,5,12.9
Lividi,Feryquitous,4,5.0,8.8,11,12.9,-,Lividi,5,12.9
Living Universe,「PHANTASY STAR PORTABLE2」,2,4.0,7.3,8.7,10.5,11.7,Living Universe,6,11.7
Living Universe,「PHANTASY STAR PORTABLE2」,2,4.0,7.3,8.7,10.5,11.7,Living Universe,5,10.5
Living Universe,「PHANTASY STAR PORTABLE2」,2,4.0,7.3,8.7,10.5,11.7,Living Universe,4,8.7
Living Universe,「PHANTASY STAR PORTABLE2」,2,4.0,7.3,8.7,10.5,11.7,Living Universe,1,2.0
Living Universe,「PHANTASY STAR PORTABLE2」,2,4.0,7.3,8.7,10.5,11.7,Living Universe,2,4.0
Living Universe,「PHANTASY STAR PORTABLE2」,2,4.0,7.3,8.7,10.5,11.7,Living Universe,3,7.3
Los! Los! Los!,ターニャ・デグレチャフ(CV.悠木碧)「幼女戦記」,3,4.0,7.4,9.8,11.7,-,Los! Los! Los!,3,7.4
Los! Los! Los!,ターニャ・デグレチャフ(CV.悠木碧)「幼女戦記」,3,4.0,7.4,9.8,11.7,-,Los! Los! Los!,2,4.0
Los! Los! Los!,ターニャ・デグレチャフ(CV.悠木碧)「幼女戦記」,3,4.0,7.4,9.8,11.7,-,Los! Los! Los!,1,3.0
Los! Los! Los!,ターニャ・デグレチャフ(CV.悠木碧)「幼女戦記」,3,4.0,7.4,9.8,11.7,-,Los! Los! Los!,4,9.8
Los! Los! Los!,ターニャ・デグレチャフ(CV.悠木碧)「幼女戦記」,3,4.0,7.4,9.8,11.7,-,Los! Los! Los!,5,11.7
Lost Princess,ペコリーヌ(CV:M・A・O)、コッコロ(CV:伊藤美来)、キャル(CV:立花理香),2,4.0,6.4,9,10.7,11.8,Lost Princess,2,4.0
Lost Princess,ペコリーヌ(CV:M・A・O)、コッコロ(CV:伊藤美来)、キャル(CV:立花理香),2,4.0,6.4,9,10.7,11.8,Lost Princess,1,2.0
Lost Princess,ペコリーヌ(CV:M・A・O)、コッコロ(CV:伊藤美来)、キャル(CV:立花理香),2,4.0,6.4,9,10.7,11.8,Lost Princess,3,6.4
Lost Princess,ペコリーヌ(CV:M・A・O)、コッコロ(CV:伊藤美来)、キャル(CV:立花理香),2,4.0,6.4,9,10.7,11.8,Lost Princess,4,9.0
Lost Princess,ペコリーヌ(CV:M・A・O)、コッコロ(CV:伊藤美来)、キャル(CV:立花理香),2,4.0,6.4,9,10.7,11.8,Lost Princess,6,11.8
Lost Princess,ペコリーヌ(CV:M・A・O)、コッコロ(CV:伊藤美来)、キャル(CV:立花理香),2,4.0,6.4,9,10.7,11.8,Lost Princess,5,10.7
Love You,Q;indivi [cover],2,5.0,6,8.3,10.6,-,Love You,2,5.0
Love You,Q;indivi [cover],2,5.0,6,8.3,10.6,-,Love You,5,10.6
Love You,Q;indivi [cover],2,5.0,6,8.3,10.6,-,Love You,1,2.0
Love You,Q;indivi [cover],2,5.0,6,8.3,10.6,-,Love You,2,5.0
Love You,Q;indivi [cover],2,5.0,6,8.3,10.6,-,Love You,1,2.0
Love You,Q;indivi [cover],2,5.0,6,8.3,10.6,-,Love You,4,8.3
Love You,Q;indivi [cover],2,5.0,6,8.3,10.6,-,Love You,3,6.0
Love You,Q;indivi [cover],2,5.0,6,8.3,10.6,-,Love You,3,6.0
Love You,Q;indivi [cover],2,5.0,6,8.3,10.6,-,Love You,5,10.6
Love You,Q;indivi [cover],2,5.0,6,8.3,10.6,-,Love You,1,2.0
Love You,Q;indivi [cover],2,5.0,6,8.3,10.6,-,Love You,2,5.0
Love You,Q;indivi [cover],2,5.0,6,8.3,10.6,-,Love You,3,6.0
Love You,Q;indivi [cover],2,5.0,6,8.3,10.6,-,Love You,4,8.3
Love You,Q;indivi [cover],2,5.0,6,8.3,10.6,-,Love You,5,10.6
Love You,Q;indivi [cover],2,5.0,6,8.3,10.6,-,Love You,4,8.3
Love or Lies,capsule [cover],2,4.0,6,8,10.1,-,Love or Lies,1,2.0
Love or Lies,capsule [cover],2,4.0,6,8,10.1,-,Love or Lies,2,4.0
Love or Lies,capsule [cover],2,4.0,6,8,10.1,-,Love or Lies,4,8.0
Love or Lies,capsule [cover],2,4.0,6,8,10.1,-,Love or Lies,5,10.1
Love or Lies,capsule [cover],2,4.0,6,8,10.1,-,Love or Lies,3,6.0
M.S.S.Planet,M.S.S Project,2,4.0,6.9,9,11.5,-,M.S.S.Planet,5,11.5
M.S.S.Planet,M.S.S Project,2,4.0,6.9,9,11.5,-,M.S.S.Planet,4,9.0
M.S.S.Planet,M.S.S Project,2,4.0,6.9,9,11.5,-,M.S.S.Planet,2,4.0
M.S.S.Planet,M.S.S Project,2,4.0,6.9,9,11.5,-,M.S.S.Planet,1,2.0
M.S.S.Planet,M.S.S Project,2,4.0,6.9,9,11.5,-,M.S.S.Planet,3,6.9
METATRON,SHIKI,3,6.0,8,10.2,12.8,-,METATRON,4,10.2
METATRON,SHIKI,3,6.0,8,10.2,12.8,-,METATRON,4,10.2
METATRON,SHIKI,3,6.0,8,10.2,12.8,-,METATRON,1,3.0
METATRON,SHIKI,3,6.0,8,10.2,12.8,-,METATRON,2,6.0
METATRON,SHIKI,3,6.0,8,10.2,12.8,-,METATRON,3,8.0
METATRON,SHIKI,3,6.0,8,10.2,12.8,-,METATRON,4,10.2
METATRON,SHIKI,3,6.0,8,10.2,12.8,-,METATRON,5,12.8
METATRON,SHIKI,3,6.0,8,10.2,12.8,-,METATRON,1,3.0
METATRON,SHIKI,3,6.0,8,10.2,12.8,-,METATRON,2,6.0
METATRON,SHIKI,3,6.0,8,10.2,12.8,-,METATRON,3,8.0
METATRON,SHIKI,3,6.0,8,10.2,12.8,-,METATRON,5,12.8
METATRON,SHIKI,3,6.0,8,10.2,12.8,-,METATRON,1,3.0
METATRON,SHIKI,3,6.0,8,10.2,12.8,-,METATRON,2,6.0
METATRON,SHIKI,3,6.0,8,10.2,12.8,-,METATRON,3,8.0
METATRON,SHIKI,3,6.0,8,10.2,12.8,-,METATRON,5,12.8
MIRROR of MAGIC,Shoichiro Hirata feat.SUIMI,3,4.0,7,9,11.7,-,MIRROR of MAGIC,5,11.7
MIRROR of MAGIC,Shoichiro Hirata feat.SUIMI,3,4.0,7,9,11.7,-,MIRROR of MAGIC,4,9.0
MIRROR of MAGIC,Shoichiro Hirata feat.SUIMI,3,4.0,7,9,11.7,-,MIRROR of MAGIC,5,11.7
MIRROR of MAGIC,Shoichiro Hirata feat.SUIMI,3,4.0,7,9,11.7,-,MIRROR of MAGIC,1,3.0
MIRROR of MAGIC,Shoichiro Hirata feat.SUIMI,3,4.0,7,9,11.7,-,MIRROR of MAGIC,2,4.0
MIRROR of MAGIC,Shoichiro Hirata feat.SUIMI,3,4.0,7,9,11.7,-,MIRROR of MAGIC,3,7.0
MIRROR of MAGIC,Shoichiro Hirata feat.SUIMI,3,4.0,7,9,11.7,-,MIRROR of MAGIC,4,9.0
MIRROR of MAGIC,Shoichiro Hirata feat.SUIMI,3,4.0,7,9,11.7,-,MIRROR of MAGIC,5,11.7
MIRROR of MAGIC,Shoichiro Hirata feat.SUIMI,3,4.0,7,9,11.7,-,MIRROR of MAGIC,3,7.0
MIRROR of MAGIC,Shoichiro Hirata feat.SUIMI,3,4.0,7,9,11.7,-,MIRROR of MAGIC,2,4.0
MIRROR of MAGIC,Shoichiro Hirata feat.SUIMI,3,4.0,7,9,11.7,-,MIRROR of MAGIC,1,3.0
MIRROR of MAGIC,Shoichiro Hirata feat.SUIMI,3,4.0,7,9,11.7,-,MIRROR of MAGIC,4,9.0
MIRROR of MAGIC,Shoichiro Hirata feat.SUIMI,3,4.0,7,9,11.7,-,MIRROR of MAGIC,1,3.0
MIRROR of MAGIC,Shoichiro Hirata feat.SUIMI,3,4.0,7,9,11.7,-,MIRROR of MAGIC,2,4.0
MIRROR of MAGIC,Shoichiro Hirata feat.SUIMI,3,4.0,7,9,11.7,-,MIRROR of MAGIC,3,7.0
MYTHOS,Cranky feat. まらしぃ & てっぺい先生,2,4.0,7.8,10.4,13,-,MYTHOS,4,10.4
MYTHOS,Cranky feat. まらしぃ & てっぺい先生,2,4.0,7.8,10.4,13,-,MYTHOS,1,2.0
MYTHOS,Cranky feat. まらしぃ & てっぺい先生,2,4.0,7.8,10.4,13,-,MYTHOS,2,4.0
MYTHOS,Cranky feat. まらしぃ & てっぺい先生,2,4.0,7.8,10.4,13,-,MYTHOS,3,7.8
MYTHOS,Cranky feat. まらしぃ & てっぺい先生,2,4.0,7.8,10.4,13,-,MYTHOS,5,13.0
Magical Flavor,DECO*27 feat.Tia,2,4.0,7.5,9,12.2,-,Magical Flavor,2,4.0
Magical Flavor,DECO*27 feat.Tia,2,4.0,7.5,9,12.2,-,Magical Flavor,5,12.2
Magical Flavor,DECO*27 feat.Tia,2,4.0,7.5,9,12.2,-,Magical Flavor,4,9.0
Magical Flavor,DECO*27 feat.Tia,2,4.0,7.5,9,12.2,-,Magical Flavor,3,7.5
Magical Flavor,DECO*27 feat.Tia,2,4.0,7.5,9,12.2,-,Magical Flavor,1,2.0
Magical Flavor,DECO*27 feat.Tia,2,4.0,7.5,9,12.2,-,Magical Flavor,5,12.2
Magical Flavor,DECO*27 feat.Tia,2,4.0,7.5,9,12.2,-,Magical Flavor,4,9.0
Magical Flavor,DECO*27 feat.Tia,2,4.0,7.5,9,12.2,-,Magical Flavor,3,7.5
Magical Flavor,DECO*27 feat.Tia,2,4.0,7.5,9,12.2,-,Magical Flavor,2,4.0
Magical Flavor,DECO*27 feat.Tia,2,4.0,7.5,9,12.2,-,Magical Flavor,1,2.0
Magical Flavor,DECO*27 feat.Tia,2,4.0,7.5,9,12.2,-,Magical Flavor,4,9.0
Magical Flavor,DECO*27 feat.Tia,2,4.0,7.5,9,12.2,-,Magical Flavor,5,12.2
Magical Flavor,DECO*27 feat.Tia,2,4.0,7.5,9,12.2,-,Magical Flavor,2,4.0
Magical Flavor,DECO*27 feat.Tia,2,4.0,7.5,9,12.2,-,Magical Flavor,1,2.0
Magical Flavor,DECO*27 feat.Tia,2,4.0,7.5,9,12.2,-,Magical Flavor,3,7.5
Mare Maris,M2U,3,5.0,8.5,10.8,12.9,-,Mare Maris,5,12.9
Mare Maris,M2U,3,5.0,8.5,10.8,12.9,-,Mare Maris,4,10.8
Mare Maris,M2U,3,5.0,8.5,10.8,12.9,-,Mare Maris,3,8.5
Mare Maris,M2U,3,5.0,8.5,10.8,12.9,-,Mare Maris,2,5.0
Mare Maris,M2U,3,5.0,8.5,10.8,12.9,-,Mare Maris,1,3.0
Mare Maris,M2U,3,5.0,8.5,10.8,12.9,-,Mare Maris,5,12.9
Mare Maris,M2U,3,5.0,8.5,10.8,12.9,-,Mare Maris,4,10.8
Mare Maris,M2U,3,5.0,8.5,10.8,12.9,-,Mare Maris,3,8.5
Mare Maris,M2U,3,5.0,8.5,10.8,12.9,-,Mare Maris,2,5.0
Mare Maris,M2U,3,5.0,8.5,10.8,12.9,-,Mare Maris,1,3.0
Mare Maris,M2U,3,5.0,8.5,10.8,12.9,-,Mare Maris,4,10.8
Mare Maris,M2U,3,5.0,8.5,10.8,12.9,-,Mare Maris,5,12.9
Mare Maris,M2U,3,5.0,8.5,10.8,12.9,-,Mare Maris,2,5.0
Mare Maris,M2U,3,5.0,8.5,10.8,12.9,-,Mare Maris,1,3.0
Mare Maris,M2U,3,5.0,8.5,10.8,12.9,-,Mare Maris,3,8.5
Maxi,Nizikawa,3,5.0,8.5,10.8,12.8,-,Maxi,4,10.8
Maxi,Nizikawa,3,5.0,8.5,10.8,12.8,-,Maxi,3,8.5
Maxi,Nizikawa,3,5.0,8.5,10.8,12.8,-,Maxi,2,5.0
Maxi,Nizikawa,3,5.0,8.5,10.8,12.8,-,Maxi,1,3.0
Maxi,Nizikawa,3,5.0,8.5,10.8,12.8,-,Maxi,5,12.8
MilK,モリモリあつし,1,4.0,6.5,10.8,12.8,-,MilK,4,10.8
MilK,モリモリあつし,1,4.0,6.5,10.8,12.8,-,MilK,5,12.8
MilK,モリモリあつし,1,4.0,6.5,10.8,12.8,-,MilK,1,1.0
MilK,モリモリあつし,1,4.0,6.5,10.8,12.8,-,MilK,2,4.0
MilK,モリモリあつし,1,4.0,6.5,10.8,12.8,-,MilK,3,6.5
Money Money,暁Records,2,4.0,6.5,9.2,12,-,Money Money,1,2.0
Money Money,暁Records,2,4.0,6.5,9.2,12,-,Money Money,2,4.0
Money Money,暁Records,2,4.0,6.5,9.2,12,-,Money Money,3,6.5
Money Money,暁Records,2,4.0,6.5,9.2,12,-,Money Money,1,2.0
Money Money,暁Records,2,4.0,6.5,9.2,12,-,Money Money,4,9.2
Money Money,暁Records,2,4.0,6.5,9.2,12,-,Money Money,5,12.0
Money Money,暁Records,2,4.0,6.5,9.2,12,-,Money Money,4,9.2
Money Money,暁Records,2,4.0,6.5,9.2,12,-,Money Money,4,9.2
Money Money,暁Records,2,4.0,6.5,9.2,12,-,Money Money,5,12.0
Money Money,暁Records,2,4.0,6.5,9.2,12,-,Money Money,2,4.0
Money Money,暁Records,2,4.0,6.5,9.2,12,-,Money Money,3,6.5
Money Money,暁Records,2,4.0,6.5,9.2,12,-,Money Money,3,6.5
Money Money,暁Records,2,4.0,6.5,9.2,12,-,Money Money,5,12.0
Money Money,暁Records,2,4.0,6.5,9.2,12,-,Money Money,1,2.0
Money Money,暁Records,2,4.0,6.5,9.2,12,-,Money Money,2,4.0
Monochrome Rainbow,Sta/Call,2,4.0,7.8,9.4,11,-,Monochrome Rainbow,2,4.0
Monochrome Rainbow,Sta/Call,2,4.0,7.8,9.4,11,-,Monochrome Rainbow,4,9.4
Monochrome Rainbow,Sta/Call,2,4.0,7.8,9.4,11,-,Monochrome Rainbow,3,7.8
Monochrome Rainbow,Sta/Call,2,4.0,7.8,9.4,11,-,Monochrome Rainbow,3,7.8
Monochrome Rainbow,Sta/Call,2,4.0,7.8,9.4,11,-,Monochrome Rainbow,3,7.8
Monochrome Rainbow,Sta/Call,2,4.0,7.8,9.4,11,-,Monochrome Rainbow,1,2.0
Monochrome Rainbow,Sta/Call,2,4.0,7.8,9.4,11,-,Monochrome Rainbow,4,9.4
Monochrome Rainbow,Sta/Call,2,4.0,7.8,9.4,11,-,Monochrome Rainbow,5,11.0
Monochrome Rainbow,Sta/Call,2,4.0,7.8,9.4,11,-,Monochrome Rainbow,1,2.0
Monochrome Rainbow,Sta/Call,2,4.0,7.8,9.4,11,-,Monochrome Rainbow,4,9.4
Monochrome Rainbow,Sta/Call,2,4.0,7.8,9.4,11,-,Monochrome Rainbow,5,11.0
Monochrome Rainbow,Sta/Call,2,4.0,7.8,9.4,11,-,Monochrome Rainbow,1,2.0
Monochrome Rainbow,Sta/Call,2,4.0,7.8,9.4,11,-,Monochrome Rainbow,2,4.0
Monochrome Rainbow,Sta/Call,2,4.0,7.8,9.4,11,-,Monochrome Rainbow,2,4.0
Monochrome Rainbow,Sta/Call,2,4.0,7.8,9.4,11,-,Monochrome Rainbow,5,11.0
Moon of Noon,Sampling Masters MEGA,4,6.0,8.2,11.2,13.4,-,Moon of Noon,2,6.0
Moon of Noon,Sampling Masters MEGA,4,6.0,8.2,11.2,13.4,-,Moon of Noon,3,8.2
Moon of Noon,Sampling Masters MEGA,4,6.0,8.2,11.2,13.4,-,Moon of Noon,4,11.2
Moon of Noon,Sampling Masters MEGA,4,6.0,8.2,11.2,13.4,-,Moon of Noon,5,13.4
Moon of Noon,Sampling Masters MEGA,4,6.0,8.2,11.2,13.4,-,Moon of Noon,3,8.2
Moon of Noon,Sampling Masters MEGA,4,6.0,8.2,11.2,13.4,-,Moon of Noon,4,11.2
Moon of Noon,Sampling Masters MEGA,4,6.0,8.2,11.2,13.4,-,Moon of Noon,5,13.4
Moon of Noon,Sampling Masters MEGA,4,6.0,8.2,11.2,13.4,-,Moon of Noon,1,4.0
Moon of Noon,Sampling Masters MEGA,4,6.0,8.2,11.2,13.4,-,Moon of Noon,2,6.0
Moon of Noon,Sampling Masters MEGA,4,6.0,8.2,11.2,13.4,-,Moon of Noon,3,8.2
Moon of Noon,Sampling Masters MEGA,4,6.0,8.2,11.2,13.4,-,Moon of Noon,4,11.2
Moon of Noon,Sampling Masters MEGA,4,6.0,8.2,11.2,13.4,-,Moon of Noon,1,4.0
Moon of Noon,Sampling Masters MEGA,4,6.0,8.2,11.2,13.4,-,Moon of Noon,5,13.4
Moon of Noon,Sampling Masters MEGA,4,6.0,8.2,11.2,13.4,-,Moon of Noon,2,6.0
Moon of Noon,Sampling Masters MEGA,4,6.0,8.2,11.2,13.4,-,Moon of Noon,1,4.0
Mr. Wonderland,sasakure.UK,3,5.0,6.5,8.7,12,-,Mr. Wonderland,1,3.0
Mr. Wonderland,sasakure.UK,3,5.0,6.5,8.7,12,-,Mr. Wonderland,5,12.0
Mr. Wonderland,sasakure.UK,3,5.0,6.5,8.7,12,-,Mr. Wonderland,4,8.7
Mr. Wonderland,sasakure.UK,3,5.0,6.5,8.7,12,-,Mr. Wonderland,3,6.5
Mr. Wonderland,sasakure.UK,3,5.0,6.5,8.7,12,-,Mr. Wonderland,2,5.0
Mr. Wonderland,sasakure.UK,3,5.0,6.5,8.7,12,-,Mr. Wonderland,1,3.0
Mr. Wonderland,sasakure.UK,3,5.0,6.5,8.7,12,-,Mr. Wonderland,2,5.0
Mr. Wonderland,sasakure.UK,3,5.0,6.5,8.7,12,-,Mr. Wonderland,4,8.7
Mr. Wonderland,sasakure.UK,3,5.0,6.5,8.7,12,-,Mr. Wonderland,5,12.0
Mr. Wonderland,sasakure.UK,3,5.0,6.5,8.7,12,-,Mr. Wonderland,3,6.5
Mr. Wonderland,sasakure.UK,3,5.0,6.5,8.7,12,-,Mr. Wonderland,1,3.0
Mr. Wonderland,sasakure.UK,3,5.0,6.5,8.7,12,-,Mr. Wonderland,2,5.0
Mr. Wonderland,sasakure.UK,3,5.0,6.5,8.7,12,-,Mr. Wonderland,3,6.5
Mr. Wonderland,sasakure.UK,3,5.0,6.5,8.7,12,-,Mr. Wonderland,5,12.0
Mr. Wonderland,sasakure.UK,3,5.0,6.5,8.7,12,-,Mr. Wonderland,4,8.7
My Dearest Song,月鈴 白奈(CV:高野 麻里佳),3,4.0,7.5,10.2,12.5,-,My Dearest Song,1,3.0
My Dearest Song,月鈴 白奈(CV:高野 麻里佳),3,4.0,7.5,10.2,12.5,-,My Dearest Song,2,4.0
My Dearest Song,月鈴 白奈(CV:高野 麻里佳),3,4.0,7.5,10.2,12.5,-,My Dearest Song,3,7.5
My Dearest Song,月鈴 白奈(CV:高野 麻里佳),3,4.0,7.5,10.2,12.5,-,My Dearest Song,4,10.2
My Dearest Song,月鈴 白奈(CV:高野 麻里佳),3,4.0,7.5,10.2,12.5,-,My Dearest Song,5,12.5
My First Phone,cubesato,2,5.0,7.8,10.9,12.8,-,My First Phone,5,12.8
My First Phone,cubesato,2,5.0,7.8,10.9,12.8,-,My First Phone,1,2.0
My First Phone,cubesato,2,5.0,7.8,10.9,12.8,-,My First Phone,3,7.8
My First Phone,cubesato,2,5.0,7.8,10.9,12.8,-,My First Phone,2,5.0
My First Phone,cubesato,2,5.0,7.8,10.9,12.8,-,My First Phone,4,10.9
Mysterious Destiny,「BAYONETTA(ベヨネッタ)」,2,4.0,6.7,10.6,12.2,-,Mysterious Destiny,2,4.0
Mysterious Destiny,「BAYONETTA(ベヨネッタ)」,2,4.0,6.7,10.6,12.2,-,Mysterious Destiny,1,2.0
Mysterious Destiny,「BAYONETTA(ベヨネッタ)」,2,4.0,6.7,10.6,12.2,-,Mysterious Destiny,3,6.7
Mysterious Destiny,「BAYONETTA(ベヨネッタ)」,2,4.0,6.7,10.6,12.2,-,Mysterious Destiny,5,12.2
Mysterious Destiny,「BAYONETTA(ベヨネッタ)」,2,4.0,6.7,10.6,12.2,-,Mysterious Destiny,4,10.6
NIGHT OF FIRE,NIKO [cover],3,6.0,7.4,8.7,10.1,-,NIGHT OF FIRE,2,6.0
NIGHT OF FIRE,NIKO [cover],3,6.0,7.4,8.7,10.1,-,NIGHT OF FIRE,1,3.0
NIGHT OF FIRE,NIKO [cover],3,6.0,7.4,8.7,10.1,-,NIGHT OF FIRE,4,8.7
NIGHT OF FIRE,NIKO [cover],3,6.0,7.4,8.7,10.1,-,NIGHT OF FIRE,5,10.1
NIGHT OF FIRE,NIKO [cover],3,6.0,7.4,8.7,10.1,-,NIGHT OF FIRE,3,7.4
Natural Flow,KENTARO「Crackin 'DJ」,2,4.0,7.1,10.1,10.1,-,Natural Flow,2,4.0
Natural Flow,KENTARO「Crackin 'DJ」,2,4.0,7.1,10.1,10.1,-,Natural Flow,1,2.0
Natural Flow,KENTARO「Crackin 'DJ」,2,4.0,7.1,10.1,10.1,-,Natural Flow,4,10.1
Natural Flow,KENTARO「Crackin 'DJ」,2,4.0,7.1,10.1,10.1,-,Natural Flow,5,10.1
Natural Flow,KENTARO「Crackin 'DJ」,2,4.0,7.1,10.1,10.1,-,Natural Flow,3,7.1
Nerverakes,Taishi,3,6.0,7.6,10.3,12.8,-,Nerverakes,5,12.8
Nerverakes,Taishi,3,6.0,7.6,10.3,12.8,-,Nerverakes,1,3.0
Nerverakes,Taishi,3,6.0,7.6,10.3,12.8,-,Nerverakes,2,6.0
Nerverakes,Taishi,3,6.0,7.6,10.3,12.8,-,Nerverakes,3,7.6
Nerverakes,Taishi,3,6.0,7.6,10.3,12.8,-,Nerverakes,4,10.3
Night Fly,発熱巫女～ず,3,4.0,7.4,9.9,11.5,-,Night Fly,4,9.9
Night Fly,発熱巫女～ず,3,4.0,7.4,9.9,11.5,-,Night Fly,3,7.4
Night Fly,発熱巫女～ず,3,4.0,7.4,9.9,11.5,-,Night Fly,2,4.0
Night Fly,発熱巫女～ず,3,4.0,7.4,9.9,11.5,-,Night Fly,1,3.0
Night Fly,発熱巫女～ず,3,4.0,7.4,9.9,11.5,-,Night Fly,5,11.5
Nitrous Fury,Jun Senoue,3,6.0,7.7,10.3,12.9,-,Nitrous Fury,2,6.0
Nitrous Fury,Jun Senoue,3,6.0,7.7,10.3,12.9,-,Nitrous Fury,1,3.0
Nitrous Fury,Jun Senoue,3,6.0,7.7,10.3,12.9,-,Nitrous Fury,5,12.9
Nitrous Fury,Jun Senoue,3,6.0,7.7,10.3,12.9,-,Nitrous Fury,4,10.3
Nitrous Fury,Jun Senoue,3,6.0,7.7,10.3,12.9,-,Nitrous Fury,3,7.7
No Routine,A-One,2,5.0,6.5,9.5,12.1,-,No Routine,5,12.1
No Routine,A-One,2,5.0,6.5,9.5,12.1,-,No Routine,4,9.5
No Routine,A-One,2,5.0,6.5,9.5,12.1,-,No Routine,3,6.5
No Routine,A-One,2,5.0,6.5,9.5,12.1,-,No Routine,2,5.0
No Routine,A-One,2,5.0,6.5,9.5,12.1,-,No Routine,1,2.0
Now Loading!!!!,fourfolium「NEW GAME!」,2,4.0,7.4,8.8,11.2,-,Now Loading!!!!,2,4.0
Now Loading!!!!,fourfolium「NEW GAME!」,2,4.0,7.4,8.8,11.2,-,Now Loading!!!!,3,7.4
Now Loading!!!!,fourfolium「NEW GAME!」,2,4.0,7.4,8.8,11.2,-,Now Loading!!!!,4,8.8
Now Loading!!!!,fourfolium「NEW GAME!」,2,4.0,7.4,8.8,11.2,-,Now Loading!!!!,5,11.2
Now Loading!!!!,fourfolium「NEW GAME!」,2,4.0,7.4,8.8,11.2,-,Now Loading!!!!,1,2.0
Nyan Cat EX,daniwell,2,4.0,7.1,9.8,12.5,-,Nyan Cat EX,1,2.0
Nyan Cat EX,daniwell,2,4.0,7.1,9.8,12.5,-,Nyan Cat EX,2,4.0
Nyan Cat EX,daniwell,2,4.0,7.1,9.8,12.5,-,Nyan Cat EX,5,12.5
Nyan Cat EX,daniwell,2,4.0,7.1,9.8,12.5,-,Nyan Cat EX,4,9.8
Nyan Cat EX,daniwell,2,4.0,7.1,9.8,12.5,-,Nyan Cat EX,5,12.5
Nyan Cat EX,daniwell,2,4.0,7.1,9.8,12.5,-,Nyan Cat EX,1,2.0
Nyan Cat EX,daniwell,2,4.0,7.1,9.8,12.5,-,Nyan Cat EX,2,4.0
Nyan Cat EX,daniwell,2,4.0,7.1,9.8,12.5,-,Nyan Cat EX,3,7.1
Nyan Cat EX,daniwell,2,4.0,7.1,9.8,12.5,-,Nyan Cat EX,4,9.8
Nyan Cat EX,daniwell,2,4.0,7.1,9.8,12.5,-,Nyan Cat EX,5,12.5
Nyan Cat EX,daniwell,2,4.0,7.1,9.8,12.5,-,Nyan Cat EX,1,2.0
Nyan Cat EX,daniwell,2,4.0,7.1,9.8,12.5,-,Nyan Cat EX,2,4.0
Nyan Cat EX,daniwell,2,4.0,7.1,9.8,12.5,-,Nyan Cat EX,3,7.1
Nyan Cat EX,daniwell,2,4.0,7.1,9.8,12.5,-,Nyan Cat EX,4,9.8
Nyan Cat EX,daniwell,2,4.0,7.1,9.8,12.5,-,Nyan Cat EX,3,7.1
One Step Ahead,伊東歌詞太郎,2,4.0,6.7,9.6,10.7,-,One Step Ahead,5,10.7
One Step Ahead,伊東歌詞太郎,2,4.0,6.7,9.6,10.7,-,One Step Ahead,4,9.6
One Step Ahead,伊東歌詞太郎,2,4.0,6.7,9.6,10.7,-,One Step Ahead,1,2.0
One Step Ahead,伊東歌詞太郎,2,4.0,6.7,9.6,10.7,-,One Step Ahead,2,4.0
One Step Ahead,伊東歌詞太郎,2,4.0,6.7,9.6,10.7,-,One Step Ahead,3,6.7
Oshama Scramble!,t+pazolite,3,5.0,7.8,10,13.3,-,Oshama Scramble!,1,3.0
Oshama Scramble!,t+pazolite,3,5.0,7.8,10,13.3,-,Oshama Scramble!,1,3.0
Oshama Scramble!,t+pazolite,3,5.0,7.8,10,13.3,-,Oshama Scramble!,2,5.0
Oshama Scramble!,t+pazolite,3,5.0,7.8,10,13.3,-,Oshama Scramble!,3,7.8
Oshama Scramble!,t+pazolite,3,5.0,7.8,10,13.3,-,Oshama Scramble!,4,10.0
Oshama Scramble!,t+pazolite,3,5.0,7.8,10,13.3,-,Oshama Scramble!,5,13.3
Oshama Scramble!,t+pazolite,3,5.0,7.8,10,13.3,-,Oshama Scramble!,2,5.0
Oshama Scramble!,t+pazolite,3,5.0,7.8,10,13.3,-,Oshama Scramble!,5,13.3
Oshama Scramble!,t+pazolite,3,5.0,7.8,10,13.3,-,Oshama Scramble!,4,10.0
Oshama Scramble!,t+pazolite,3,5.0,7.8,10,13.3,-,Oshama Scramble!,1,3.0
Oshama Scramble!,t+pazolite,3,5.0,7.8,10,13.3,-,Oshama Scramble!,2,5.0
Oshama Scramble!,t+pazolite,3,5.0,7.8,10,13.3,-,Oshama Scramble!,3,7.8
Oshama Scramble!,t+pazolite,3,5.0,7.8,10,13.3,-,Oshama Scramble!,4,10.0
Oshama Scramble!,t+pazolite,3,5.0,7.8,10,13.3,-,Oshama Scramble!,5,13.3
Oshama Scramble!,t+pazolite,3,5.0,7.8,10,13.3,-,Oshama Scramble!,3,7.8
Our Fighting,クーナ(CV 喜多村英梨)「PHANTASY STAR ONLINE 2」,2,4.0,6.8,9.3,11.1,-,Our Fighting,3,6.8
Our Fighting,クーナ(CV 喜多村英梨)「PHANTASY STAR ONLINE 2」,2,4.0,6.8,9.3,11.1,-,Our Fighting,2,4.0
Our Fighting,クーナ(CV 喜多村英梨)「PHANTASY STAR ONLINE 2」,2,4.0,6.8,9.3,11.1,-,Our Fighting,1,2.0
Our Fighting,クーナ(CV 喜多村英梨)「PHANTASY STAR ONLINE 2」,2,4.0,6.8,9.3,11.1,-,Our Fighting,5,11.1
Our Fighting,クーナ(CV 喜多村英梨)「PHANTASY STAR ONLINE 2」,2,4.0,6.8,9.3,11.1,-,Our Fighting,3,6.8
Our Fighting,クーナ(CV 喜多村英梨)「PHANTASY STAR ONLINE 2」,2,4.0,6.8,9.3,11.1,-,Our Fighting,2,4.0
Our Fighting,クーナ(CV 喜多村英梨)「PHANTASY STAR ONLINE 2」,2,4.0,6.8,9.3,11.1,-,Our Fighting,4,9.3
Our Fighting,クーナ(CV 喜多村英梨)「PHANTASY STAR ONLINE 2」,2,4.0,6.8,9.3,11.1,-,Our Fighting,5,11.1
Our Fighting,クーナ(CV 喜多村英梨)「PHANTASY STAR ONLINE 2」,2,4.0,6.8,9.3,11.1,-,Our Fighting,3,6.8
Our Fighting,クーナ(CV 喜多村英梨)「PHANTASY STAR ONLINE 2」,2,4.0,6.8,9.3,11.1,-,Our Fighting,2,4.0
Our Fighting,クーナ(CV 喜多村英梨)「PHANTASY STAR ONLINE 2」,2,4.0,6.8,9.3,11.1,-,Our Fighting,1,2.0
Our Fighting,クーナ(CV 喜多村英梨)「PHANTASY STAR ONLINE 2」,2,4.0,6.8,9.3,11.1,-,Our Fighting,4,9.3
Our Fighting,クーナ(CV 喜多村英梨)「PHANTASY STAR ONLINE 2」,2,4.0,6.8,9.3,11.1,-,Our Fighting,1,2.0
Our Fighting,クーナ(CV 喜多村英梨)「PHANTASY STAR ONLINE 2」,2,4.0,6.8,9.3,11.1,-,Our Fighting,5,11.1
Our Fighting,クーナ(CV 喜多村英梨)「PHANTASY STAR ONLINE 2」,2,4.0,6.8,9.3,11.1,-,Our Fighting,4,9.3
Our Wrenally,t+pazolite,4,6.0,9,11.5,13.8,-,Our Wrenally,2,6.0
Our Wrenally,t+pazolite,4,6.0,9,11.5,13.8,-,Our Wrenally,1,4.0
Our Wrenally,t+pazolite,4,6.0,9,11.5,13.8,-,Our Wrenally,2,6.0
Our Wrenally,t+pazolite,4,6.0,9,11.5,13.8,-,Our Wrenally,3,9.0
Our Wrenally,t+pazolite,4,6.0,9,11.5,13.8,-,Our Wrenally,4,11.5
Our Wrenally,t+pazolite,4,6.0,9,11.5,13.8,-,Our Wrenally,5,13.8
Our Wrenally,t+pazolite,4,6.0,9,11.5,13.8,-,Our Wrenally,1,4.0
Our Wrenally,t+pazolite,4,6.0,9,11.5,13.8,-,Our Wrenally,2,6.0
Our Wrenally,t+pazolite,4,6.0,9,11.5,13.8,-,Our Wrenally,3,9.0
Our Wrenally,t+pazolite,4,6.0,9,11.5,13.8,-,Our Wrenally,4,11.5
Our Wrenally,t+pazolite,4,6.0,9,11.5,13.8,-,Our Wrenally,5,13.8
Our Wrenally,t+pazolite,4,6.0,9,11.5,13.8,-,Our Wrenally,1,4.0
Our Wrenally,t+pazolite,4,6.0,9,11.5,13.8,-,Our Wrenally,3,9.0
Our Wrenally,t+pazolite,4,6.0,9,11.5,13.8,-,Our Wrenally,4,11.5
Our Wrenally,t+pazolite,4,6.0,9,11.5,13.8,-,Our Wrenally,5,13.8
Outlaw's Lullaby,「龍が如く２」,2,4.0,7.8,9.1,12.9,-,Outlaw's Lullaby,5,12.9
Outlaw's Lullaby,「龍が如く２」,2,4.0,7.8,9.1,12.9,-,Outlaw's Lullaby,4,9.1
Outlaw's Lullaby,「龍が如く２」,2,4.0,7.8,9.1,12.9,-,Outlaw's Lullaby,2,4.0
Outlaw's Lullaby,「龍が如く２」,2,4.0,7.8,9.1,12.9,-,Outlaw's Lullaby,3,7.8
Outlaw's Lullaby,「龍が如く２」,2,4.0,7.8,9.1,12.9,-,Outlaw's Lullaby,1,2.0
PANDORA PARADOXXX,削除,6,7.7,10.7,12.7,13.9,14,PANDORA PARADOXXX,6,14.0
PANDORA PARADOXXX,削除,6,7.7,10.7,12.7,13.9,14,PANDORA PARADOXXX,1,6.0
PANDORA PARADOXXX,削除,6,7.7,10.7,12.7,13.9,14,PANDORA PARADOXXX,5,13.9
PANDORA PARADOXXX,削除,6,7.7,10.7,12.7,13.9,14,PANDORA PARADOXXX,4,12.7
PANDORA PARADOXXX,削除,6,7.7,10.7,12.7,13.9,14,PANDORA PARADOXXX,3,10.7
PANDORA PARADOXXX,削除,6,7.7,10.7,12.7,13.9,14,PANDORA PARADOXXX,1,6.0
PANDORA PARADOXXX,削除,6,7.7,10.7,12.7,13.9,14,PANDORA PARADOXXX,2,7.7
PANDORA PARADOXXX,削除,6,7.7,10.7,12.7,13.9,14,PANDORA PARADOXXX,2,7.7
PANDORA PARADOXXX,削除,6,7.7,10.7,12.7,13.9,14,PANDORA PARADOXXX,4,12.7
PANDORA PARADOXXX,削除,6,7.7,10.7,12.7,13.9,14,PANDORA PARADOXXX,5,13.9
PANDORA PARADOXXX,削除,6,7.7,10.7,12.7,13.9,14,PANDORA PARADOXXX,6,14.0
PANDORA PARADOXXX,削除,6,7.7,10.7,12.7,13.9,14,PANDORA PARADOXXX,1,6.0
PANDORA PARADOXXX,削除,6,7.7,10.7,12.7,13.9,14,PANDORA PARADOXXX,2,7.7
PANDORA PARADOXXX,削除,6,7.7,10.7,12.7,13.9,14,PANDORA PARADOXXX,3,10.7
PANDORA PARADOXXX,削除,6,7.7,10.7,12.7,13.9,14,PANDORA PARADOXXX,4,12.7
PANDORA PARADOXXX,削除,6,7.7,10.7,12.7,13.9,14,PANDORA PARADOXXX,5,13.9
PANDORA PARADOXXX,削除,6,7.7,10.7,12.7,13.9,14,PANDORA PARADOXXX,3,10.7
PANDORA PARADOXXX,削除,6,7.7,10.7,12.7,13.9,14,PANDORA PARADOXXX,6,14.0
PERFECT HUMAN,RADIO FISH,1,4.0,6,8.5,11.2,-,PERFECT HUMAN,1,1.0
PERFECT HUMAN,RADIO FISH,1,4.0,6,8.5,11.2,-,PERFECT HUMAN,2,4.0
PERFECT HUMAN,RADIO FISH,1,4.0,6,8.5,11.2,-,PERFECT HUMAN,3,6.0
PERFECT HUMAN,RADIO FISH,1,4.0,6,8.5,11.2,-,PERFECT HUMAN,4,8.5
PERFECT HUMAN,RADIO FISH,1,4.0,6,8.5,11.2,-,PERFECT HUMAN,5,11.2
POP STAR,平井堅 ［cover］,1,4.0,6.2,7.9,10.4,-,POP STAR,2,4.0
POP STAR,平井堅 ［cover］,1,4.0,6.2,7.9,10.4,-,POP STAR,4,7.9
POP STAR,平井堅 ［cover］,1,4.0,6.2,7.9,10.4,-,POP STAR,5,10.4
POP STAR,平井堅 ［cover］,1,4.0,6.2,7.9,10.4,-,POP STAR,1,1.0
POP STAR,平井堅 ［cover］,1,4.0,6.2,7.9,10.4,-,POP STAR,3,6.2
POP TEAM EPIC,上坂すみれ「ポプテピピック」,1,4.0,6.4,8.8,10.7,12.7,POP TEAM EPIC,1,1.0
POP TEAM EPIC,上坂すみれ「ポプテピピック」,1,4.0,6.4,8.8,10.7,12.7,POP TEAM EPIC,2,4.0
POP TEAM EPIC,上坂すみれ「ポプテピピック」,1,4.0,6.4,8.8,10.7,12.7,POP TEAM EPIC,3,6.4
POP TEAM EPIC,上坂すみれ「ポプテピピック」,1,4.0,6.4,8.8,10.7,12.7,POP TEAM EPIC,4,8.8
POP TEAM EPIC,上坂すみれ「ポプテピピック」,1,4.0,6.4,8.8,10.7,12.7,POP TEAM EPIC,5,10.7
POP TEAM EPIC,上坂すみれ「ポプテピピック」,1,4.0,6.4,8.8,10.7,12.7,POP TEAM EPIC,6,12.7
Panopticon,cybermiso,4,5.0,8.7,11.5,13.4,13.4,Panopticon,5,13.4
Panopticon,cybermiso,4,5.0,8.7,11.5,13.4,13.4,Panopticon,4,11.5
Panopticon,cybermiso,4,5.0,8.7,11.5,13.4,13.4,Panopticon,6,13.4
Panopticon,cybermiso,4,5.0,8.7,11.5,13.4,13.4,Panopticon,4,11.5
Panopticon,cybermiso,4,5.0,8.7,11.5,13.4,13.4,Panopticon,6,13.4
Panopticon,cybermiso,4,5.0,8.7,11.5,13.4,13.4,Panopticon,5,13.4
Panopticon,cybermiso,4,5.0,8.7,11.5,13.4,13.4,Panopticon,3,8.7
Panopticon,cybermiso,4,5.0,8.7,11.5,13.4,13.4,Panopticon,2,5.0
Panopticon,cybermiso,4,5.0,8.7,11.5,13.4,13.4,Panopticon,1,4.0
Panopticon,cybermiso,4,5.0,8.7,11.5,13.4,13.4,Panopticon,1,4.0
Panopticon,cybermiso,4,5.0,8.7,11.5,13.4,13.4,Panopticon,1,4.0
Panopticon,cybermiso,4,5.0,8.7,11.5,13.4,13.4,Panopticon,3,8.7
Panopticon,cybermiso,4,5.0,8.7,11.5,13.4,13.4,Panopticon,3,8.7
Panopticon,cybermiso,4,5.0,8.7,11.5,13.4,13.4,Panopticon,4,11.5
Panopticon,cybermiso,4,5.0,8.7,11.5,13.4,13.4,Panopticon,5,13.4
Panopticon,cybermiso,4,5.0,8.7,11.5,13.4,13.4,Panopticon,6,13.4
Panopticon,cybermiso,4,5.0,8.7,11.5,13.4,13.4,Panopticon,2,5.0
Panopticon,cybermiso,4,5.0,8.7,11.5,13.4,13.4,Panopticon,2,5.0
Paradisus-Paradoxum,MYTH & ROID 「Re:ゼロから始める異世界生活」,2,4.0,7.3,9.2,12.2,-,Paradisus-Paradoxum,1,2.0
Paradisus-Paradoxum,MYTH & ROID 「Re:ゼロから始める異世界生活」,2,4.0,7.3,9.2,12.2,-,Paradisus-Paradoxum,2,4.0
Paradisus-Paradoxum,MYTH & ROID 「Re:ゼロから始める異世界生活」,2,4.0,7.3,9.2,12.2,-,Paradisus-Paradoxum,3,7.3
Paradisus-Paradoxum,MYTH & ROID 「Re:ゼロから始める異世界生活」,2,4.0,7.3,9.2,12.2,-,Paradisus-Paradoxum,4,9.2
Paradisus-Paradoxum,MYTH & ROID 「Re:ゼロから始める異世界生活」,2,4.0,7.3,9.2,12.2,-,Paradisus-Paradoxum,5,12.2
Paradisus-Paradoxum,MYTH & ROID 「Re:ゼロから始める異世界生活」,2,4.0,7.3,9.2,12.2,-,Paradisus-Paradoxum,2,4.0
Paradisus-Paradoxum,MYTH & ROID 「Re:ゼロから始める異世界生活」,2,4.0,7.3,9.2,12.2,-,Paradisus-Paradoxum,3,7.3
Paradisus-Paradoxum,MYTH & ROID 「Re:ゼロから始める異世界生活」,2,4.0,7.3,9.2,12.2,-,Paradisus-Paradoxum,4,9.2
Paradisus-Paradoxum,MYTH & ROID 「Re:ゼロから始める異世界生活」,2,4.0,7.3,9.2,12.2,-,Paradisus-Paradoxum,5,12.2
Paradisus-Paradoxum,MYTH & ROID 「Re:ゼロから始める異世界生活」,2,4.0,7.3,9.2,12.2,-,Paradisus-Paradoxum,1,2.0
Paradisus-Paradoxum,MYTH & ROID 「Re:ゼロから始める異世界生活」,2,4.0,7.3,9.2,12.2,-,Paradisus-Paradoxum,1,2.0
Paradisus-Paradoxum,MYTH & ROID 「Re:ゼロから始める異世界生活」,2,4.0,7.3,9.2,12.2,-,Paradisus-Paradoxum,3,7.3
Paradisus-Paradoxum,MYTH & ROID 「Re:ゼロから始める異世界生活」,2,4.0,7.3,9.2,12.2,-,Paradisus-Paradoxum,4,9.2
Paradisus-Paradoxum,MYTH & ROID 「Re:ゼロから始める異世界生活」,2,4.0,7.3,9.2,12.2,-,Paradisus-Paradoxum,5,12.2
Paradisus-Paradoxum,MYTH & ROID 「Re:ゼロから始める異世界生活」,2,4.0,7.3,9.2,12.2,-,Paradisus-Paradoxum,2,4.0
Phantasm Brigade,Silver Forest,2,5.0,7.4,9.8,12.2,-,Phantasm Brigade,1,2.0
Phantasm Brigade,Silver Forest,2,5.0,7.4,9.8,12.2,-,Phantasm Brigade,2,5.0
Phantasm Brigade,Silver Forest,2,5.0,7.4,9.8,12.2,-,Phantasm Brigade,3,7.4
Phantasm Brigade,Silver Forest,2,5.0,7.4,9.8,12.2,-,Phantasm Brigade,4,9.8
Phantasm Brigade,Silver Forest,2,5.0,7.4,9.8,12.2,-,Phantasm Brigade,5,12.2
Phantasm Brigade,Silver Forest,2,5.0,7.4,9.8,12.2,-,Phantasm Brigade,1,2.0
Phantasm Brigade,Silver Forest,2,5.0,7.4,9.8,12.2,-,Phantasm Brigade,2,5.0
Phantasm Brigade,Silver Forest,2,5.0,7.4,9.8,12.2,-,Phantasm Brigade,3,7.4
Phantasm Brigade,Silver Forest,2,5.0,7.4,9.8,12.2,-,Phantasm Brigade,4,9.8
Phantasm Brigade,Silver Forest,2,5.0,7.4,9.8,12.2,-,Phantasm Brigade,5,12.2
Phantasm Brigade,Silver Forest,2,5.0,7.4,9.8,12.2,-,Phantasm Brigade,1,2.0
Phantasm Brigade,Silver Forest,2,5.0,7.4,9.8,12.2,-,Phantasm Brigade,3,7.4
Phantasm Brigade,Silver Forest,2,5.0,7.4,9.8,12.2,-,Phantasm Brigade,4,9.8
Phantasm Brigade,Silver Forest,2,5.0,7.4,9.8,12.2,-,Phantasm Brigade,5,12.2
Phantasm Brigade,Silver Forest,2,5.0,7.4,9.8,12.2,-,Phantasm Brigade,2,5.0
Pixel Voyage,YMCK,1,3.0,6,8.1,11,-,Pixel Voyage,1,1.0
Pixel Voyage,YMCK,1,3.0,6,8.1,11,-,Pixel Voyage,2,3.0
Pixel Voyage,YMCK,1,3.0,6,8.1,11,-,Pixel Voyage,3,6.0
Pixel Voyage,YMCK,1,3.0,6,8.1,11,-,Pixel Voyage,4,8.1
Pixel Voyage,YMCK,1,3.0,6,8.1,11,-,Pixel Voyage,1,1.0
Pixel Voyage,YMCK,1,3.0,6,8.1,11,-,Pixel Voyage,2,3.0
Pixel Voyage,YMCK,1,3.0,6,8.1,11,-,Pixel Voyage,3,6.0
Pixel Voyage,YMCK,1,3.0,6,8.1,11,-,Pixel Voyage,4,8.1
Pixel Voyage,YMCK,1,3.0,6,8.1,11,-,Pixel Voyage,5,11.0
Pixel Voyage,YMCK,1,3.0,6,8.1,11,-,Pixel Voyage,5,11.0
Pixel Voyage,YMCK,1,3.0,6,8.1,11,-,Pixel Voyage,3,6.0
Pixel Voyage,YMCK,1,3.0,6,8.1,11,-,Pixel Voyage,2,3.0
Pixel Voyage,YMCK,1,3.0,6,8.1,11,-,Pixel Voyage,1,1.0
Pixel Voyage,YMCK,1,3.0,6,8.1,11,-,Pixel Voyage,4,8.1
Pixel Voyage,YMCK,1,3.0,6,8.1,11,-,Pixel Voyage,5,11.0
Prophesy One,vox2（小野秀幸）,4,6.0,8.5,10.5,13.6,-,Prophesy One,1,4.0
Prophesy One,vox2（小野秀幸）,4,6.0,8.5,10.5,13.6,-,Prophesy One,3,8.5
Prophesy One,vox2（小野秀幸）,4,6.0,8.5,10.5,13.6,-,Prophesy One,4,10.5
Prophesy One,vox2（小野秀幸）,4,6.0,8.5,10.5,13.6,-,Prophesy One,5,13.6
Prophesy One,vox2（小野秀幸）,4,6.0,8.5,10.5,13.6,-,Prophesy One,1,4.0
Prophesy One,vox2（小野秀幸）,4,6.0,8.5,10.5,13.6,-,Prophesy One,2,6.0
Prophesy One,vox2（小野秀幸）,4,6.0,8.5,10.5,13.6,-,Prophesy One,4,10.5
Prophesy One,vox2（小野秀幸）,4,6.0,8.5,10.5,13.6,-,Prophesy One,5,13.6
Prophesy One,vox2（小野秀幸）,4,6.0,8.5,10.5,13.6,-,Prophesy One,1,4.0
Prophesy One,vox2（小野秀幸）,4,6.0,8.5,10.5,13.6,-,Prophesy One,2,6.0
Prophesy One,vox2（小野秀幸）,4,6.0,8.5,10.5,13.6,-,Prophesy One,3,8.5
Prophesy One,vox2（小野秀幸）,4,6.0,8.5,10.5,13.6,-,Prophesy One,4,10.5
Prophesy One,vox2（小野秀幸）,4,6.0,8.5,10.5,13.6,-,Prophesy One,5,13.6
Prophesy One,vox2（小野秀幸）,4,6.0,8.5,10.5,13.6,-,Prophesy One,3,8.5
Prophesy One,vox2（小野秀幸）,4,6.0,8.5,10.5,13.6,-,Prophesy One,2,6.0
Pursuing My True Self,目黒 将司,2,4.0,7,9.7,11.4,-,Pursuing My True Self,2,4.0
Pursuing My True Self,目黒 将司,2,4.0,7,9.7,11.4,-,Pursuing My True Self,5,11.4
Pursuing My True Self,目黒 将司,2,4.0,7,9.7,11.4,-,Pursuing My True Self,4,9.7
Pursuing My True Self,目黒 将司,2,4.0,7,9.7,11.4,-,Pursuing My True Self,3,7.0
Pursuing My True Self,目黒 将司,2,4.0,7,9.7,11.4,-,Pursuing My True Self,1,2.0
QZKago Requiem,t+pazolite,5,6.0,9.9,11.7,13.7,13.9,QZKago Requiem,5,13.7
QZKago Requiem,t+pazolite,5,6.0,9.9,11.7,13.7,13.9,QZKago Requiem,6,13.9
QZKago Requiem,t+pazolite,5,6.0,9.9,11.7,13.7,13.9,QZKago Requiem,1,5.0
QZKago Requiem,t+pazolite,5,6.0,9.9,11.7,13.7,13.9,QZKago Requiem,2,6.0
QZKago Requiem,t+pazolite,5,6.0,9.9,11.7,13.7,13.9,QZKago Requiem,3,9.9
QZKago Requiem,t+pazolite,5,6.0,9.9,11.7,13.7,13.9,QZKago Requiem,4,11.7
QZKago Requiem,t+pazolite,5,6.0,9.9,11.7,13.7,13.9,QZKago Requiem,2,6.0
QZKago Requiem,t+pazolite,5,6.0,9.9,11.7,13.7,13.9,QZKago Requiem,1,5.0
QZKago Requiem,t+pazolite,5,6.0,9.9,11.7,13.7,13.9,QZKago Requiem,4,11.7
QZKago Requiem,t+pazolite,5,6.0,9.9,11.7,13.7,13.9,QZKago Requiem,3,9.9
QZKago Requiem,t+pazolite,5,6.0,9.9,11.7,13.7,13.9,QZKago Requiem,4,11.7
QZKago Requiem,t+pazolite,5,6.0,9.9,11.7,13.7,13.9,QZKago Requiem,5,13.7
QZKago Requiem,t+pazolite,5,6.0,9.9,11.7,13.7,13.9,QZKago Requiem,6,13.9
QZKago Requiem,t+pazolite,5,6.0,9.9,11.7,13.7,13.9,QZKago Requiem,6,13.9
QZKago Requiem,t+pazolite,5,6.0,9.9,11.7,13.7,13.9,QZKago Requiem,3,9.9
QZKago Requiem,t+pazolite,5,6.0,9.9,11.7,13.7,13.9,QZKago Requiem,5,13.7
QZKago Requiem,t+pazolite,5,6.0,9.9,11.7,13.7,13.9,QZKago Requiem,1,5.0
QZKago Requiem,t+pazolite,5,6.0,9.9,11.7,13.7,13.9,QZKago Requiem,2,6.0
RIDGE RACER STEPS -GMT remix-,Yuji Masubuchi(BNSI)「RIDGE RACER」,2,5.0,7.2,10,12,-,RIDGE RACER STEPS -GMT remix-,1,2.0
RIDGE RACER STEPS -GMT remix-,Yuji Masubuchi(BNSI)「RIDGE RACER」,2,5.0,7.2,10,12,-,RIDGE RACER STEPS -GMT remix-,2,5.0
RIDGE RACER STEPS -GMT remix-,Yuji Masubuchi(BNSI)「RIDGE RACER」,2,5.0,7.2,10,12,-,RIDGE RACER STEPS -GMT remix-,3,7.2
RIDGE RACER STEPS -GMT remix-,Yuji Masubuchi(BNSI)「RIDGE RACER」,2,5.0,7.2,10,12,-,RIDGE RACER STEPS -GMT remix-,4,10.0
RIDGE RACER STEPS -GMT remix-,Yuji Masubuchi(BNSI)「RIDGE RACER」,2,5.0,7.2,10,12,-,RIDGE RACER STEPS -GMT remix-,5,12.0
Ragnarok,sky_delta,4,6.0,8.5,10.9,13.1,-,Ragnarok,1,4.0
Ragnarok,sky_delta,4,6.0,8.5,10.9,13.1,-,Ragnarok,1,4.0
Ragnarok,sky_delta,4,6.0,8.5,10.9,13.1,-,Ragnarok,2,6.0
Ragnarok,sky_delta,4,6.0,8.5,10.9,13.1,-,Ragnarok,3,8.5
Ragnarok,sky_delta,4,6.0,8.5,10.9,13.1,-,Ragnarok,4,10.9
Ragnarok,sky_delta,4,6.0,8.5,10.9,13.1,-,Ragnarok,5,13.1
Ragnarok,sky_delta,4,6.0,8.5,10.9,13.1,-,Ragnarok,4,10.9
Ragnarok,sky_delta,4,6.0,8.5,10.9,13.1,-,Ragnarok,2,6.0
Ragnarok,sky_delta,4,6.0,8.5,10.9,13.1,-,Ragnarok,5,13.1
Ragnarok,sky_delta,4,6.0,8.5,10.9,13.1,-,Ragnarok,5,13.1
Ragnarok,sky_delta,4,6.0,8.5,10.9,13.1,-,Ragnarok,3,8.5
Ragnarok,sky_delta,4,6.0,8.5,10.9,13.1,-,Ragnarok,1,4.0
Ragnarok,sky_delta,4,6.0,8.5,10.9,13.1,-,Ragnarok,3,8.5
Ragnarok,sky_delta,4,6.0,8.5,10.9,13.1,-,Ragnarok,4,10.9
Ragnarok,sky_delta,4,6.0,8.5,10.9,13.1,-,Ragnarok,2,6.0
Reach For The Stars,"大谷智哉, Jean Paul Makhlouf of Cash Cash「ソニック カラーズ」",2,5.0,7.8,9.4,12.7,-,Reach For The Stars,5,12.7
Reach For The Stars,"大谷智哉, Jean Paul Makhlouf of Cash Cash「ソニック カラーズ」",2,5.0,7.8,9.4,12.7,-,Reach For The Stars,4,9.4
Reach For The Stars,"大谷智哉, Jean Paul Makhlouf of Cash Cash「ソニック カラーズ」",2,5.0,7.8,9.4,12.7,-,Reach For The Stars,3,7.8
Reach For The Stars,"大谷智哉, Jean Paul Makhlouf of Cash Cash「ソニック カラーズ」",2,5.0,7.8,9.4,12.7,-,Reach For The Stars,2,5.0
Reach For The Stars,"大谷智哉, Jean Paul Makhlouf of Cash Cash「ソニック カラーズ」",2,5.0,7.8,9.4,12.7,-,Reach For The Stars,5,12.7
Reach For The Stars,"大谷智哉, Jean Paul Makhlouf of Cash Cash「ソニック カラーズ」",2,5.0,7.8,9.4,12.7,-,Reach For The Stars,3,7.8
Reach For The Stars,"大谷智哉, Jean Paul Makhlouf of Cash Cash「ソニック カラーズ」",2,5.0,7.8,9.4,12.7,-,Reach For The Stars,2,5.0
Reach For The Stars,"大谷智哉, Jean Paul Makhlouf of Cash Cash「ソニック カラーズ」",2,5.0,7.8,9.4,12.7,-,Reach For The Stars,1,2.0
Reach For The Stars,"大谷智哉, Jean Paul Makhlouf of Cash Cash「ソニック カラーズ」",2,5.0,7.8,9.4,12.7,-,Reach For The Stars,4,9.4
Reach For The Stars,"大谷智哉, Jean Paul Makhlouf of Cash Cash「ソニック カラーズ」",2,5.0,7.8,9.4,12.7,-,Reach For The Stars,2,5.0
Reach For The Stars,"大谷智哉, Jean Paul Makhlouf of Cash Cash「ソニック カラーズ」",2,5.0,7.8,9.4,12.7,-,Reach For The Stars,3,7.8
Reach For The Stars,"大谷智哉, Jean Paul Makhlouf of Cash Cash「ソニック カラーズ」",2,5.0,7.8,9.4,12.7,-,Reach For The Stars,5,12.7
Reach For The Stars,"大谷智哉, Jean Paul Makhlouf of Cash Cash「ソニック カラーズ」",2,5.0,7.8,9.4,12.7,-,Reach For The Stars,1,2.0
Reach For The Stars,"大谷智哉, Jean Paul Makhlouf of Cash Cash「ソニック カラーズ」",2,5.0,7.8,9.4,12.7,-,Reach For The Stars,1,2.0
Reach For The Stars,"大谷智哉, Jean Paul Makhlouf of Cash Cash「ソニック カラーズ」",2,5.0,7.8,9.4,12.7,-,Reach For The Stars,4,9.4
Revive The Rave,void(Mournfinale),4,6.0,8,10.6,12.4,-,Revive The Rave,5,12.4
Revive The Rave,void(Mournfinale),4,6.0,8,10.6,12.4,-,Revive The Rave,4,10.6
Revive The Rave,void(Mournfinale),4,6.0,8,10.6,12.4,-,Revive The Rave,3,8.0
Revive The Rave,void(Mournfinale),4,6.0,8,10.6,12.4,-,Revive The Rave,2,6.0
Revive The Rave,void(Mournfinale),4,6.0,8,10.6,12.4,-,Revive The Rave,1,4.0
Riders Of The Light,「BAYONETTA(ベヨネッタ)」,3,3.0,6.6,9.9,10.2,-,Riders Of The Light,2,3.0
Riders Of The Light,「BAYONETTA(ベヨネッタ)」,3,3.0,6.6,9.9,10.2,-,Riders Of The Light,4,9.9
Riders Of The Light,「BAYONETTA(ベヨネッタ)」,3,3.0,6.6,9.9,10.2,-,Riders Of The Light,3,6.6
Riders Of The Light,「BAYONETTA(ベヨネッタ)」,3,3.0,6.6,9.9,10.2,-,Riders Of The Light,1,3.0
Riders Of The Light,「BAYONETTA(ベヨネッタ)」,3,3.0,6.6,9.9,10.2,-,Riders Of The Light,5,10.2
Rodeo Machine,HALFBY,1,3.0,6.5,9.7,12.3,-,Rodeo Machine,1,1.0
Rodeo Machine,HALFBY,1,3.0,6.5,9.7,12.3,-,Rodeo Machine,2,3.0
Rodeo Machine,HALFBY,1,3.0,6.5,9.7,12.3,-,Rodeo Machine,5,12.3
Rodeo Machine,HALFBY,1,3.0,6.5,9.7,12.3,-,Rodeo Machine,4,9.7
Rodeo Machine,HALFBY,1,3.0,6.5,9.7,12.3,-,Rodeo Machine,3,6.5
Rodeo Machine,HALFBY,1,3.0,6.5,9.7,12.3,-,Rodeo Machine,4,9.7
Rodeo Machine,HALFBY,1,3.0,6.5,9.7,12.3,-,Rodeo Machine,3,6.5
Rodeo Machine,HALFBY,1,3.0,6.5,9.7,12.3,-,Rodeo Machine,1,1.0
Rodeo Machine,HALFBY,1,3.0,6.5,9.7,12.3,-,Rodeo Machine,5,12.3
Rodeo Machine,HALFBY,1,3.0,6.5,9.7,12.3,-,Rodeo Machine,2,3.0
Rodeo Machine,HALFBY,1,3.0,6.5,9.7,12.3,-,Rodeo Machine,3,6.5
Rodeo Machine,HALFBY,1,3.0,6.5,9.7,12.3,-,Rodeo Machine,2,3.0
Rodeo Machine,HALFBY,1,3.0,6.5,9.7,12.3,-,Rodeo Machine,1,1.0
Rodeo Machine,HALFBY,1,3.0,6.5,9.7,12.3,-,Rodeo Machine,5,12.3
Rodeo Machine,HALFBY,1,3.0,6.5,9.7,12.3,-,Rodeo Machine,4,9.7
Rooftop Run: Act1,「ソニック ジェネレーションズ」,2,4.0,6.6,9.7,10.1,11.7,Rooftop Run: Act1,2,4.0
Rooftop Run: Act1,「ソニック ジェネレーションズ」,2,4.0,6.6,9.7,10.1,11.7,Rooftop Run: Act1,5,10.1
Rooftop Run: Act1,「ソニック ジェネレーションズ」,2,4.0,6.6,9.7,10.1,11.7,Rooftop Run: Act1,4,9.7
Rooftop Run: Act1,「ソニック ジェネレーションズ」,2,4.0,6.6,9.7,10.1,11.7,Rooftop Run: Act1,3,6.6
Rooftop Run: Act1,「ソニック ジェネレーションズ」,2,4.0,6.6,9.7,10.1,11.7,Rooftop Run: Act1,1,2.0
Rooftop Run: Act1,「ソニック ジェネレーションズ」,2,4.0,6.6,9.7,10.1,11.7,Rooftop Run: Act1,6,11.7
Rooftop Run: Act1,「ソニック ジェネレーションズ」,2,4.0,6.6,9.7,10.1,11.7,Rooftop Run: Act1,4,9.7
Rooftop Run: Act1,「ソニック ジェネレーションズ」,2,4.0,6.6,9.7,10.1,11.7,Rooftop Run: Act1,3,6.6
Rooftop Run: Act1,「ソニック ジェネレーションズ」,2,4.0,6.6,9.7,10.1,11.7,Rooftop Run: Act1,2,4.0
Rooftop Run: Act1,「ソニック ジェネレーションズ」,2,4.0,6.6,9.7,10.1,11.7,Rooftop Run: Act1,1,2.0
Rooftop Run: Act1,「ソニック ジェネレーションズ」,2,4.0,6.6,9.7,10.1,11.7,Rooftop Run: Act1,6,11.7
Rooftop Run: Act1,「ソニック ジェネレーションズ」,2,4.0,6.6,9.7,10.1,11.7,Rooftop Run: Act1,5,10.1
Rooftop Run: Act1,「ソニック ジェネレーションズ」,2,4.0,6.6,9.7,10.1,11.7,Rooftop Run: Act1,1,2.0
Rooftop Run: Act1,「ソニック ジェネレーションズ」,2,4.0,6.6,9.7,10.1,11.7,Rooftop Run: Act1,4,9.7
Rooftop Run: Act1,「ソニック ジェネレーションズ」,2,4.0,6.6,9.7,10.1,11.7,Rooftop Run: Act1,3,6.6
Rooftop Run: Act1,「ソニック ジェネレーションズ」,2,4.0,6.6,9.7,10.1,11.7,Rooftop Run: Act1,5,10.1
Rooftop Run: Act1,「ソニック ジェネレーションズ」,2,4.0,6.6,9.7,10.1,11.7,Rooftop Run: Act1,6,11.7
Rooftop Run: Act1,「ソニック ジェネレーションズ」,2,4.0,6.6,9.7,10.1,11.7,Rooftop Run: Act1,2,4.0
SAKURAスキップ,fourfolium 「NEW GAME!」,2,4.0,6.2,7.8,10.9,-,SAKURAスキップ,3,6.2
SAKURAスキップ,fourfolium 「NEW GAME!」,2,4.0,6.2,7.8,10.9,-,SAKURAスキップ,4,7.8
SAKURAスキップ,fourfolium 「NEW GAME!」,2,4.0,6.2,7.8,10.9,-,SAKURAスキップ,5,10.9
SAKURAスキップ,fourfolium 「NEW GAME!」,2,4.0,6.2,7.8,10.9,-,SAKURAスキップ,1,2.0
SAKURAスキップ,fourfolium 「NEW GAME!」,2,4.0,6.2,7.8,10.9,-,SAKURAスキップ,2,4.0
SAKURAスキップ,fourfolium 「NEW GAME!」,2,4.0,6.2,7.8,10.9,-,SAKURAスキップ,5,10.9
SAKURAスキップ,fourfolium 「NEW GAME!」,2,4.0,6.2,7.8,10.9,-,SAKURAスキップ,2,4.0
SAKURAスキップ,fourfolium 「NEW GAME!」,2,4.0,6.2,7.8,10.9,-,SAKURAスキップ,1,2.0
SAKURAスキップ,fourfolium 「NEW GAME!」,2,4.0,6.2,7.8,10.9,-,SAKURAスキップ,2,4.0
SAKURAスキップ,fourfolium 「NEW GAME!」,2,4.0,6.2,7.8,10.9,-,SAKURAスキップ,3,6.2
SAKURAスキップ,fourfolium 「NEW GAME!」,2,4.0,6.2,7.8,10.9,-,SAKURAスキップ,4,7.8
SAKURAスキップ,fourfolium 「NEW GAME!」,2,4.0,6.2,7.8,10.9,-,SAKURAスキップ,5,10.9
SAKURAスキップ,fourfolium 「NEW GAME!」,2,4.0,6.2,7.8,10.9,-,SAKURAスキップ,4,7.8
SAKURAスキップ,fourfolium 「NEW GAME!」,2,4.0,6.2,7.8,10.9,-,SAKURAスキップ,1,2.0
SAKURAスキップ,fourfolium 「NEW GAME!」,2,4.0,6.2,7.8,10.9,-,SAKURAスキップ,3,6.2
SAVIOR OF SONG,ナノ feat.MY FIRST STORY,3,4.0,7.4,9,12.4,-,SAVIOR OF SONG,3,7.4
SAVIOR OF SONG,ナノ feat.MY FIRST STORY,3,4.0,7.4,9,12.4,-,SAVIOR OF SONG,4,9.0
SAVIOR OF SONG,ナノ feat.MY FIRST STORY,3,4.0,7.4,9,12.4,-,SAVIOR OF SONG,5,12.4
SAVIOR OF SONG,ナノ feat.MY FIRST STORY,3,4.0,7.4,9,12.4,-,SAVIOR OF SONG,2,4.0
SAVIOR OF SONG,ナノ feat.MY FIRST STORY,3,4.0,7.4,9,12.4,-,SAVIOR OF SONG,1,3.0
SILENT BLUE,かねこちはる,4,5.0,8,11.4,13.8,-,SILENT BLUE,3,8.0
SILENT BLUE,かねこちはる,4,5.0,8,11.4,13.8,-,SILENT BLUE,1,4.0
SILENT BLUE,かねこちはる,4,5.0,8,11.4,13.8,-,SILENT BLUE,2,5.0
SILENT BLUE,かねこちはる,4,5.0,8,11.4,13.8,-,SILENT BLUE,3,8.0
SILENT BLUE,かねこちはる,4,5.0,8,11.4,13.8,-,SILENT BLUE,4,11.4
SILENT BLUE,かねこちはる,4,5.0,8,11.4,13.8,-,SILENT BLUE,5,13.8
SILENT BLUE,かねこちはる,4,5.0,8,11.4,13.8,-,SILENT BLUE,1,4.0
SILENT BLUE,かねこちはる,4,5.0,8,11.4,13.8,-,SILENT BLUE,2,5.0
SILENT BLUE,かねこちはる,4,5.0,8,11.4,13.8,-,SILENT BLUE,4,11.4
SILENT BLUE,かねこちはる,4,5.0,8,11.4,13.8,-,SILENT BLUE,1,4.0
SILENT BLUE,かねこちはる,4,5.0,8,11.4,13.8,-,SILENT BLUE,5,13.8
SILENT BLUE,かねこちはる,4,5.0,8,11.4,13.8,-,SILENT BLUE,3,8.0
SILENT BLUE,かねこちはる,4,5.0,8,11.4,13.8,-,SILENT BLUE,4,11.4
SILENT BLUE,かねこちはる,4,5.0,8,11.4,13.8,-,SILENT BLUE,5,13.8
SILENT BLUE,かねこちはる,4,5.0,8,11.4,13.8,-,SILENT BLUE,2,5.0
SPICY SWINGY STYLE,明坂 芹菜(CV:新田 恵海),3,5.0,7.8,10,12.1,-,SPICY SWINGY STYLE,4,10.0
SPICY SWINGY STYLE,明坂 芹菜(CV:新田 恵海),3,5.0,7.8,10,12.1,-,SPICY SWINGY STYLE,1,3.0
SPICY SWINGY STYLE,明坂 芹菜(CV:新田 恵海),3,5.0,7.8,10,12.1,-,SPICY SWINGY STYLE,2,5.0
SPICY SWINGY STYLE,明坂 芹菜(CV:新田 恵海),3,5.0,7.8,10,12.1,-,SPICY SWINGY STYLE,3,7.8
SPICY SWINGY STYLE,明坂 芹菜(CV:新田 恵海),3,5.0,7.8,10,12.1,-,SPICY SWINGY STYLE,5,12.1
SPILL OVER COLORS,矢鴇つかさ feat. kalon.,3,4.0,7.7,10,12.2,-,SPILL OVER COLORS,5,12.2
SPILL OVER COLORS,矢鴇つかさ feat. kalon.,3,4.0,7.7,10,12.2,-,SPILL OVER COLORS,4,10.0
SPILL OVER COLORS,矢鴇つかさ feat. kalon.,3,4.0,7.7,10,12.2,-,SPILL OVER COLORS,3,7.7
SPILL OVER COLORS,矢鴇つかさ feat. kalon.,3,4.0,7.7,10,12.2,-,SPILL OVER COLORS,2,4.0
SPILL OVER COLORS,矢鴇つかさ feat. kalon.,3,4.0,7.7,10,12.2,-,SPILL OVER COLORS,1,3.0
SPiCa,とくP,2,4.0,6.4,8.4,11.3,-,SPiCa,5,11.3
SPiCa,とくP,2,4.0,6.4,8.4,11.3,-,SPiCa,1,2.0
SPiCa,とくP,2,4.0,6.4,8.4,11.3,-,SPiCa,4,8.4
SPiCa,とくP,2,4.0,6.4,8.4,11.3,-,SPiCa,3,6.4
SPiCa,とくP,2,4.0,6.4,8.4,11.3,-,SPiCa,2,4.0
STAIRWAY TO GENERATION,Yosh(Survive Said The Prophet),2,5.0,7,9.8,12.2,-,STAIRWAY TO GENERATION,1,2.0
STAIRWAY TO GENERATION,Yosh(Survive Said The Prophet),2,5.0,7,9.8,12.2,-,STAIRWAY TO GENERATION,2,5.0
STAIRWAY TO GENERATION,Yosh(Survive Said The Prophet),2,5.0,7,9.8,12.2,-,STAIRWAY TO GENERATION,3,7.0
STAIRWAY TO GENERATION,Yosh(Survive Said The Prophet),2,5.0,7,9.8,12.2,-,STAIRWAY TO GENERATION,4,9.8
STAIRWAY TO GENERATION,Yosh(Survive Said The Prophet),2,5.0,7,9.8,12.2,-,STAIRWAY TO GENERATION,5,12.2
Sakura Fubuki,Street,3,4.0,7.5,10.7,12.7,-,Sakura Fubuki,3,7.5
Sakura Fubuki,Street,3,4.0,7.5,10.7,12.7,-,Sakura Fubuki,1,3.0
Sakura Fubuki,Street,3,4.0,7.5,10.7,12.7,-,Sakura Fubuki,5,12.7
Sakura Fubuki,Street,3,4.0,7.5,10.7,12.7,-,Sakura Fubuki,4,10.7
Sakura Fubuki,Street,3,4.0,7.5,10.7,12.7,-,Sakura Fubuki,2,4.0
Sakura Fubuki,Street,3,4.0,7.5,10.7,12.7,-,Sakura Fubuki,1,3.0
Sakura Fubuki,Street,3,4.0,7.5,10.7,12.7,-,Sakura Fubuki,4,10.7
Sakura Fubuki,Street,3,4.0,7.5,10.7,12.7,-,Sakura Fubuki,5,12.7
Sakura Fubuki,Street,3,4.0,7.5,10.7,12.7,-,Sakura Fubuki,3,7.5
Sakura Fubuki,Street,3,4.0,7.5,10.7,12.7,-,Sakura Fubuki,2,4.0
Sakura Fubuki,Street,3,4.0,7.5,10.7,12.7,-,Sakura Fubuki,2,4.0
Sakura Fubuki,Street,3,4.0,7.5,10.7,12.7,-,Sakura Fubuki,4,10.7
Sakura Fubuki,Street,3,4.0,7.5,10.7,12.7,-,Sakura Fubuki,5,12.7
Sakura Fubuki,Street,3,4.0,7.5,10.7,12.7,-,Sakura Fubuki,1,3.0
Sakura Fubuki,Street,3,4.0,7.5,10.7,12.7,-,Sakura Fubuki,3,7.5
Save This World νMIX,「PHANTASY STAR PORTABLE」,3,5.0,7.3,8.9,11.9,11.9,Save This World νMIX,1,3.0
Save This World νMIX,「PHANTASY STAR PORTABLE」,3,5.0,7.3,8.9,11.9,11.9,Save This World νMIX,2,5.0
Save This World νMIX,「PHANTASY STAR PORTABLE」,3,5.0,7.3,8.9,11.9,11.9,Save This World νMIX,6,11.9
Save This World νMIX,「PHANTASY STAR PORTABLE」,3,5.0,7.3,8.9,11.9,11.9,Save This World νMIX,5,11.9
Save This World νMIX,「PHANTASY STAR PORTABLE」,3,5.0,7.3,8.9,11.9,11.9,Save This World νMIX,1,3.0
Save This World νMIX,「PHANTASY STAR PORTABLE」,3,5.0,7.3,8.9,11.9,11.9,Save This World νMIX,5,11.9
Save This World νMIX,「PHANTASY STAR PORTABLE」,3,5.0,7.3,8.9,11.9,11.9,Save This World νMIX,4,8.9
Save This World νMIX,「PHANTASY STAR PORTABLE」,3,5.0,7.3,8.9,11.9,11.9,Save This World νMIX,3,7.3
Save This World νMIX,「PHANTASY STAR PORTABLE」,3,5.0,7.3,8.9,11.9,11.9,Save This World νMIX,2,5.0
Save This World νMIX,「PHANTASY STAR PORTABLE」,3,5.0,7.3,8.9,11.9,11.9,Save This World νMIX,1,3.0
Save This World νMIX,「PHANTASY STAR PORTABLE」,3,5.0,7.3,8.9,11.9,11.9,Save This World νMIX,6,11.9
Save This World νMIX,「PHANTASY STAR PORTABLE」,3,5.0,7.3,8.9,11.9,11.9,Save This World νMIX,5,11.9
Save This World νMIX,「PHANTASY STAR PORTABLE」,3,5.0,7.3,8.9,11.9,11.9,Save This World νMIX,4,8.9
Save This World νMIX,「PHANTASY STAR PORTABLE」,3,5.0,7.3,8.9,11.9,11.9,Save This World νMIX,3,7.3
Save This World νMIX,「PHANTASY STAR PORTABLE」,3,5.0,7.3,8.9,11.9,11.9,Save This World νMIX,3,7.3
Save This World νMIX,「PHANTASY STAR PORTABLE」,3,5.0,7.3,8.9,11.9,11.9,Save This World νMIX,2,5.0
Save This World νMIX,「PHANTASY STAR PORTABLE」,3,5.0,7.3,8.9,11.9,11.9,Save This World νMIX,6,11.9
Save This World νMIX,「PHANTASY STAR PORTABLE」,3,5.0,7.3,8.9,11.9,11.9,Save This World νMIX,4,8.9
Scarlet Lance,MASAKI(ZUNTATA)「グルーヴコースター 3EX ドリームパーティー」より,3,6.0,8.5,11.2,13,-,Scarlet Lance,3,8.5
Scarlet Lance,MASAKI(ZUNTATA)「グルーヴコースター 3EX ドリームパーティー」より,3,6.0,8.5,11.2,13,-,Scarlet Lance,5,13.0
Scarlet Lance,MASAKI(ZUNTATA)「グルーヴコースター 3EX ドリームパーティー」より,3,6.0,8.5,11.2,13,-,Scarlet Lance,4,11.2
Scarlet Lance,MASAKI(ZUNTATA)「グルーヴコースター 3EX ドリームパーティー」より,3,6.0,8.5,11.2,13,-,Scarlet Lance,3,8.5
Scarlet Lance,MASAKI(ZUNTATA)「グルーヴコースター 3EX ドリームパーティー」より,3,6.0,8.5,11.2,13,-,Scarlet Lance,2,6.0
Scarlet Lance,MASAKI(ZUNTATA)「グルーヴコースター 3EX ドリームパーティー」より,3,6.0,8.5,11.2,13,-,Scarlet Lance,1,3.0
Scarlet Lance,MASAKI(ZUNTATA)「グルーヴコースター 3EX ドリームパーティー」より,3,6.0,8.5,11.2,13,-,Scarlet Lance,4,11.2
Scarlet Lance,MASAKI(ZUNTATA)「グルーヴコースター 3EX ドリームパーティー」より,3,6.0,8.5,11.2,13,-,Scarlet Lance,5,13.0
Scarlet Lance,MASAKI(ZUNTATA)「グルーヴコースター 3EX ドリームパーティー」より,3,6.0,8.5,11.2,13,-,Scarlet Lance,2,6.0
Scarlet Lance,MASAKI(ZUNTATA)「グルーヴコースター 3EX ドリームパーティー」より,3,6.0,8.5,11.2,13,-,Scarlet Lance,5,13.0
Scarlet Lance,MASAKI(ZUNTATA)「グルーヴコースター 3EX ドリームパーティー」より,3,6.0,8.5,11.2,13,-,Scarlet Lance,4,11.2
Scarlet Lance,MASAKI(ZUNTATA)「グルーヴコースター 3EX ドリームパーティー」より,3,6.0,8.5,11.2,13,-,Scarlet Lance,3,8.5
Scarlet Lance,MASAKI(ZUNTATA)「グルーヴコースター 3EX ドリームパーティー」より,3,6.0,8.5,11.2,13,-,Scarlet Lance,2,6.0
Scarlet Lance,MASAKI(ZUNTATA)「グルーヴコースター 3EX ドリームパーティー」より,3,6.0,8.5,11.2,13,-,Scarlet Lance,1,3.0
Scarlet Lance,MASAKI(ZUNTATA)「グルーヴコースター 3EX ドリームパーティー」より,3,6.0,8.5,11.2,13,-,Scarlet Lance,1,3.0
Scars of FAUNA,猫叉Master 「jubeat」より,2,5.0,7,9.6,12.7,-,Scars of FAUNA,2,5.0
Scars of FAUNA,猫叉Master 「jubeat」より,2,5.0,7,9.6,12.7,-,Scars of FAUNA,1,2.0
Scars of FAUNA,猫叉Master 「jubeat」より,2,5.0,7,9.6,12.7,-,Scars of FAUNA,3,7.0
Scars of FAUNA,猫叉Master 「jubeat」より,2,5.0,7,9.6,12.7,-,Scars of FAUNA,5,12.7
Scars of FAUNA,猫叉Master 「jubeat」より,2,5.0,7,9.6,12.7,-,Scars of FAUNA,4,9.6
Scars of FAUNA,猫叉Master 「jubeat」より,2,5.0,7,9.6,12.7,-,Scars of FAUNA,5,12.7
Scars of FAUNA,猫叉Master 「jubeat」より,2,5.0,7,9.6,12.7,-,Scars of FAUNA,4,9.6
Scars of FAUNA,猫叉Master 「jubeat」より,2,5.0,7,9.6,12.7,-,Scars of FAUNA,3,7.0
Scars of FAUNA,猫叉Master 「jubeat」より,2,5.0,7,9.6,12.7,-,Scars of FAUNA,3,7.0
Scars of FAUNA,猫叉Master 「jubeat」より,2,5.0,7,9.6,12.7,-,Scars of FAUNA,1,2.0
Scars of FAUNA,猫叉Master 「jubeat」より,2,5.0,7,9.6,12.7,-,Scars of FAUNA,5,12.7
Scars of FAUNA,猫叉Master 「jubeat」より,2,5.0,7,9.6,12.7,-,Scars of FAUNA,4,9.6
Scars of FAUNA,猫叉Master 「jubeat」より,2,5.0,7,9.6,12.7,-,Scars of FAUNA,2,5.0
Scars of FAUNA,猫叉Master 「jubeat」より,2,5.0,7,9.6,12.7,-,Scars of FAUNA,1,2.0
Scars of FAUNA,猫叉Master 「jubeat」より,2,5.0,7,9.6,12.7,-,Scars of FAUNA,2,5.0
Schwarzschild,Tsukasa,4,6.0,8.9,11.5,13.5,13.9,Schwarzschild,1,4.0
Schwarzschild,Tsukasa,4,6.0,8.9,11.5,13.5,13.9,Schwarzschild,3,8.9
Schwarzschild,Tsukasa,4,6.0,8.9,11.5,13.5,13.9,Schwarzschild,2,6.0
Schwarzschild,Tsukasa,4,6.0,8.9,11.5,13.5,13.9,Schwarzschild,3,8.9
Schwarzschild,Tsukasa,4,6.0,8.9,11.5,13.5,13.9,Schwarzschild,4,11.5
Schwarzschild,Tsukasa,4,6.0,8.9,11.5,13.5,13.9,Schwarzschild,6,13.9
Schwarzschild,Tsukasa,4,6.0,8.9,11.5,13.5,13.9,Schwarzschild,5,13.5
Schwarzschild,Tsukasa,4,6.0,8.9,11.5,13.5,13.9,Schwarzschild,4,11.5
Schwarzschild,Tsukasa,4,6.0,8.9,11.5,13.5,13.9,Schwarzschild,1,4.0
Schwarzschild,Tsukasa,4,6.0,8.9,11.5,13.5,13.9,Schwarzschild,2,6.0
Schwarzschild,Tsukasa,4,6.0,8.9,11.5,13.5,13.9,Schwarzschild,5,13.5
Schwarzschild,Tsukasa,4,6.0,8.9,11.5,13.5,13.9,Schwarzschild,4,11.5
Schwarzschild,Tsukasa,4,6.0,8.9,11.5,13.5,13.9,Schwarzschild,3,8.9
Schwarzschild,Tsukasa,4,6.0,8.9,11.5,13.5,13.9,Schwarzschild,2,6.0
Schwarzschild,Tsukasa,4,6.0,8.9,11.5,13.5,13.9,Schwarzschild,1,4.0
Schwarzschild,Tsukasa,4,6.0,8.9,11.5,13.5,13.9,Schwarzschild,5,13.5
Schwarzschild,Tsukasa,4,6.0,8.9,11.5,13.5,13.9,Schwarzschild,6,13.9
Schwarzschild,Tsukasa,4,6.0,8.9,11.5,13.5,13.9,Schwarzschild,6,13.9
Scream out! -maimai SONIC WASHER Edit-,A-One,3,5.0,7.8,10.8,12.8,-,Scream out! -maimai SONIC WASHER Edit-,2,5.0
Scream out! -maimai SONIC WASHER Edit-,A-One,3,5.0,7.8,10.8,12.8,-,Scream out! -maimai SONIC WASHER Edit-,5,12.8
Scream out! -maimai SONIC WASHER Edit-,A-One,3,5.0,7.8,10.8,12.8,-,Scream out! -maimai SONIC WASHER Edit-,4,10.8
Scream out! -maimai SONIC WASHER Edit-,A-One,3,5.0,7.8,10.8,12.8,-,Scream out! -maimai SONIC WASHER Edit-,1,3.0
Scream out! -maimai SONIC WASHER Edit-,A-One,3,5.0,7.8,10.8,12.8,-,Scream out! -maimai SONIC WASHER Edit-,3,7.8
Selector,Aliesrite*（Ym1024 fear. lamie*）,2,5.0,7,10.2,12.6,-,Selector,1,2.0
Selector,Aliesrite*（Ym1024 fear. lamie*）,2,5.0,7,10.2,12.6,-,Selector,3,7.0
Selector,Aliesrite*（Ym1024 fear. lamie*）,2,5.0,7,10.2,12.6,-,Selector,4,10.2
Selector,Aliesrite*（Ym1024 fear. lamie*）,2,5.0,7,10.2,12.6,-,Selector,5,12.6
Selector,Aliesrite*（Ym1024 fear. lamie*）,2,5.0,7,10.2,12.6,-,Selector,2,5.0
Signature,Palme,3,4.0,7.8,10.8,12.2,-,Signature,1,3.0
Signature,Palme,3,4.0,7.8,10.8,12.2,-,Signature,2,4.0
Signature,Palme,3,4.0,7.8,10.8,12.2,-,Signature,3,7.8
Signature,Palme,3,4.0,7.8,10.8,12.2,-,Signature,4,10.8
Signature,Palme,3,4.0,7.8,10.8,12.2,-,Signature,5,12.2
Signature,Palme,3,4.0,7.8,10.8,12.2,-,Signature,1,3.0
Signature,Palme,3,4.0,7.8,10.8,12.2,-,Signature,2,4.0
Signature,Palme,3,4.0,7.8,10.8,12.2,-,Signature,3,7.8
Signature,Palme,3,4.0,7.8,10.8,12.2,-,Signature,4,10.8
Signature,Palme,3,4.0,7.8,10.8,12.2,-,Signature,5,12.2
Signature,Palme,3,4.0,7.8,10.8,12.2,-,Signature,1,3.0
Signature,Palme,3,4.0,7.8,10.8,12.2,-,Signature,2,4.0
Signature,Palme,3,4.0,7.8,10.8,12.2,-,Signature,4,10.8
Signature,Palme,3,4.0,7.8,10.8,12.2,-,Signature,5,12.2
Signature,Palme,3,4.0,7.8,10.8,12.2,-,Signature,3,7.8
Spin me harder,D.watt (IOSYS) feat. Asana,3,6.0,7.6,10.7,12.5,-,Spin me harder,1,3.0
Spin me harder,D.watt (IOSYS) feat. Asana,3,6.0,7.6,10.7,12.5,-,Spin me harder,2,6.0
Spin me harder,D.watt (IOSYS) feat. Asana,3,6.0,7.6,10.7,12.5,-,Spin me harder,3,7.6
Spin me harder,D.watt (IOSYS) feat. Asana,3,6.0,7.6,10.7,12.5,-,Spin me harder,4,10.7
Spin me harder,D.watt (IOSYS) feat. Asana,3,6.0,7.6,10.7,12.5,-,Spin me harder,5,12.5
Sprintrances,Taishi,3,5.0,7.8,9.6,11.7,-,Sprintrances,5,11.7
Sprintrances,Taishi,3,5.0,7.8,9.6,11.7,-,Sprintrances,1,3.0
Sprintrances,Taishi,3,5.0,7.8,9.6,11.7,-,Sprintrances,2,5.0
Sprintrances,Taishi,3,5.0,7.8,9.6,11.7,-,Sprintrances,3,7.8
Sprintrances,Taishi,3,5.0,7.8,9.6,11.7,-,Sprintrances,4,9.6
Sprintrances,Taishi,3,5.0,7.8,9.6,11.7,-,Sprintrances,5,11.7
Sprintrances,Taishi,3,5.0,7.8,9.6,11.7,-,Sprintrances,2,5.0
Sprintrances,Taishi,3,5.0,7.8,9.6,11.7,-,Sprintrances,4,9.6
Sprintrances,Taishi,3,5.0,7.8,9.6,11.7,-,Sprintrances,1,3.0
Sprintrances,Taishi,3,5.0,7.8,9.6,11.7,-,Sprintrances,1,3.0
Sprintrances,Taishi,3,5.0,7.8,9.6,11.7,-,Sprintrances,5,11.7
Sprintrances,Taishi,3,5.0,7.8,9.6,11.7,-,Sprintrances,3,7.8
Sprintrances,Taishi,3,5.0,7.8,9.6,11.7,-,Sprintrances,3,7.8
Sprintrances,Taishi,3,5.0,7.8,9.6,11.7,-,Sprintrances,2,5.0
Sprintrances,Taishi,3,5.0,7.8,9.6,11.7,-,Sprintrances,4,9.6
Stand Up!!!!,鈴木結愛（CV:西 明日香）/ 佐藤陽菜（CV:明坂聡美）/高橋 葵（CV:荻野可鈴）/田中心春（CV:大橋彩香）/「てさぐれ！部活もの」 ［アニメPV］,2,4.0,6.5,8.8,11,-,Stand Up!!!!,5,11.0
Stand Up!!!!,鈴木結愛（CV:西 明日香）/ 佐藤陽菜（CV:明坂聡美）/高橋 葵（CV:荻野可鈴）/田中心春（CV:大橋彩香）/「てさぐれ！部活もの」 ［アニメPV］,2,4.0,6.5,8.8,11,-,Stand Up!!!!,4,8.8
Stand Up!!!!,鈴木結愛（CV:西 明日香）/ 佐藤陽菜（CV:明坂聡美）/高橋 葵（CV:荻野可鈴）/田中心春（CV:大橋彩香）/「てさぐれ！部活もの」 ［アニメPV］,2,4.0,6.5,8.8,11,-,Stand Up!!!!,3,6.5
Stand Up!!!!,鈴木結愛（CV:西 明日香）/ 佐藤陽菜（CV:明坂聡美）/高橋 葵（CV:荻野可鈴）/田中心春（CV:大橋彩香）/「てさぐれ！部活もの」 ［アニメPV］,2,4.0,6.5,8.8,11,-,Stand Up!!!!,1,2.0
Stand Up!!!!,鈴木結愛（CV:西 明日香）/ 佐藤陽菜（CV:明坂聡美）/高橋 葵（CV:荻野可鈴）/田中心春（CV:大橋彩香）/「てさぐれ！部活もの」 ［アニメPV］,2,4.0,6.5,8.8,11,-,Stand Up!!!!,2,4.0
StargazeR,骨盤P,2,4.0,6.8,9.2,11,-,StargazeR,3,6.8
StargazeR,骨盤P,2,4.0,6.8,9.2,11,-,StargazeR,1,2.0
StargazeR,骨盤P,2,4.0,6.8,9.2,11,-,StargazeR,2,4.0
StargazeR,骨盤P,2,4.0,6.8,9.2,11,-,StargazeR,3,6.8
StargazeR,骨盤P,2,4.0,6.8,9.2,11,-,StargazeR,4,9.2
StargazeR,骨盤P,2,4.0,6.8,9.2,11,-,StargazeR,5,11.0
StargazeR,骨盤P,2,4.0,6.8,9.2,11,-,StargazeR,1,2.0
StargazeR,骨盤P,2,4.0,6.8,9.2,11,-,StargazeR,2,4.0
StargazeR,骨盤P,2,4.0,6.8,9.2,11,-,StargazeR,4,9.2
StargazeR,骨盤P,2,4.0,6.8,9.2,11,-,StargazeR,3,6.8
StargazeR,骨盤P,2,4.0,6.8,9.2,11,-,StargazeR,5,11.0
StargazeR,骨盤P,2,4.0,6.8,9.2,11,-,StargazeR,5,11.0
StargazeR,骨盤P,2,4.0,6.8,9.2,11,-,StargazeR,1,2.0
StargazeR,骨盤P,2,4.0,6.8,9.2,11,-,StargazeR,2,4.0
StargazeR,骨盤P,2,4.0,6.8,9.2,11,-,StargazeR,4,9.2
Starlight Dance Floor,発熱巫女～ず,1,4.0,6.8,8.8,11.1,-,Starlight Dance Floor,2,4.0
Starlight Dance Floor,発熱巫女～ず,1,4.0,6.8,8.8,11.1,-,Starlight Dance Floor,3,6.8
Starlight Dance Floor,発熱巫女～ず,1,4.0,6.8,8.8,11.1,-,Starlight Dance Floor,4,8.8
Starlight Dance Floor,発熱巫女～ず,1,4.0,6.8,8.8,11.1,-,Starlight Dance Floor,1,1.0
Starlight Dance Floor,発熱巫女～ず,1,4.0,6.8,8.8,11.1,-,Starlight Dance Floor,5,11.1
Starlight Dance Floor,発熱巫女～ず,1,4.0,6.8,8.8,11.1,-,Starlight Dance Floor,1,1.0
Starlight Dance Floor,発熱巫女～ず,1,4.0,6.8,8.8,11.1,-,Starlight Dance Floor,2,4.0
Starlight Dance Floor,発熱巫女～ず,1,4.0,6.8,8.8,11.1,-,Starlight Dance Floor,3,6.8
Starlight Dance Floor,発熱巫女～ず,1,4.0,6.8,8.8,11.1,-,Starlight Dance Floor,4,8.8
Starlight Dance Floor,発熱巫女～ず,1,4.0,6.8,8.8,11.1,-,Starlight Dance Floor,5,11.1
Starlight Dance Floor,発熱巫女～ず,1,4.0,6.8,8.8,11.1,-,Starlight Dance Floor,1,1.0
Starlight Dance Floor,発熱巫女～ず,1,4.0,6.8,8.8,11.1,-,Starlight Dance Floor,2,4.0
Starlight Dance Floor,発熱巫女～ず,1,4.0,6.8,8.8,11.1,-,Starlight Dance Floor,3,6.8
Starlight Dance Floor,発熱巫女～ず,1,4.0,6.8,8.8,11.1,-,Starlight Dance Floor,4,8.8
Starlight Dance Floor,発熱巫女～ず,1,4.0,6.8,8.8,11.1,-,Starlight Dance Floor,5,11.1
Starlight Disco,loos feat. Meramipop,2,4.0,7,10.4,10.6,11.6,Starlight Disco,2,4.0
Starlight Disco,loos feat. Meramipop,2,4.0,7,10.4,10.6,11.6,Starlight Disco,1,2.0
Starlight Disco,loos feat. Meramipop,2,4.0,7,10.4,10.6,11.6,Starlight Disco,4,10.4
Starlight Disco,loos feat. Meramipop,2,4.0,7,10.4,10.6,11.6,Starlight Disco,5,10.6
Starlight Disco,loos feat. Meramipop,2,4.0,7,10.4,10.6,11.6,Starlight Disco,6,11.6
Starlight Disco,loos feat. Meramipop,2,4.0,7,10.4,10.6,11.6,Starlight Disco,3,7.0
Starlight Vision,矢鴇つかさ feat. 三澤秋,2,4.0,7,9.8,11.4,-,Starlight Vision,5,11.4
Starlight Vision,矢鴇つかさ feat. 三澤秋,2,4.0,7,9.8,11.4,-,Starlight Vision,2,4.0
Starlight Vision,矢鴇つかさ feat. 三澤秋,2,4.0,7,9.8,11.4,-,Starlight Vision,4,9.8
Starlight Vision,矢鴇つかさ feat. 三澤秋,2,4.0,7,9.8,11.4,-,Starlight Vision,1,2.0
Starlight Vision,矢鴇つかさ feat. 三澤秋,2,4.0,7,9.8,11.4,-,Starlight Vision,3,7.0
Star☆Glitter,セブンスシスターズ,2,4.0,7,9.5,11.3,-,Star☆Glitter,4,9.5
Star☆Glitter,セブンスシスターズ,2,4.0,7,9.5,11.3,-,Star☆Glitter,3,7.0
Star☆Glitter,セブンスシスターズ,2,4.0,7,9.5,11.3,-,Star☆Glitter,1,2.0
Star☆Glitter,セブンスシスターズ,2,4.0,7,9.5,11.3,-,Star☆Glitter,5,11.3
Star☆Glitter,セブンスシスターズ,2,4.0,7,9.5,11.3,-,Star☆Glitter,2,4.0
Still,イロドリミドリ「CHUNITHM」,2,4.0,6.8,9.7,12.4,-,Still,1,2.0
Still,イロドリミドリ「CHUNITHM」,2,4.0,6.8,9.7,12.4,-,Still,2,4.0
Still,イロドリミドリ「CHUNITHM」,2,4.0,6.8,9.7,12.4,-,Still,3,6.8
Still,イロドリミドリ「CHUNITHM」,2,4.0,6.8,9.7,12.4,-,Still,4,9.7
Still,イロドリミドリ「CHUNITHM」,2,4.0,6.8,9.7,12.4,-,Still,5,12.4
Streak,ARM (IOSYS),3,6.0,7.3,10.8,12.3,-,Streak,4,10.8
Streak,ARM (IOSYS),3,6.0,7.3,10.8,12.3,-,Streak,3,7.3
Streak,ARM (IOSYS),3,6.0,7.3,10.8,12.3,-,Streak,2,6.0
Streak,ARM (IOSYS),3,6.0,7.3,10.8,12.3,-,Streak,1,3.0
Streak,ARM (IOSYS),3,6.0,7.3,10.8,12.3,-,Streak,5,12.3
Streak,ARM (IOSYS),3,6.0,7.3,10.8,12.3,-,Streak,2,6.0
Streak,ARM (IOSYS),3,6.0,7.3,10.8,12.3,-,Streak,4,10.8
Streak,ARM (IOSYS),3,6.0,7.3,10.8,12.3,-,Streak,3,7.3
Streak,ARM (IOSYS),3,6.0,7.3,10.8,12.3,-,Streak,5,12.3
Streak,ARM (IOSYS),3,6.0,7.3,10.8,12.3,-,Streak,1,3.0
Streak,ARM (IOSYS),3,6.0,7.3,10.8,12.3,-,Streak,2,6.0
Streak,ARM (IOSYS),3,6.0,7.3,10.8,12.3,-,Streak,4,10.8
Streak,ARM (IOSYS),3,6.0,7.3,10.8,12.3,-,Streak,3,7.3
Streak,ARM (IOSYS),3,6.0,7.3,10.8,12.3,-,Streak,1,3.0
Streak,ARM (IOSYS),3,6.0,7.3,10.8,12.3,-,Streak,5,12.3
Sun Dance,Hiro「Crackin'DJ」,2,4.0,6.8,7.7,9.1,12.9,Sun Dance,5,9.1
Sun Dance,Hiro「Crackin'DJ」,2,4.0,6.8,7.7,9.1,12.9,Sun Dance,6,12.9
Sun Dance,Hiro「Crackin'DJ」,2,4.0,6.8,7.7,9.1,12.9,Sun Dance,4,7.7
Sun Dance,Hiro「Crackin'DJ」,2,4.0,6.8,7.7,9.1,12.9,Sun Dance,2,4.0
Sun Dance,Hiro「Crackin'DJ」,2,4.0,6.8,7.7,9.1,12.9,Sun Dance,1,2.0
Sun Dance,Hiro「Crackin'DJ」,2,4.0,6.8,7.7,9.1,12.9,Sun Dance,3,6.8
Sunshine world tour,夢色キャスト,2,4.0,7,8.8,11,-,Sunshine world tour,1,2.0
Sunshine world tour,夢色キャスト,2,4.0,7,8.8,11,-,Sunshine world tour,2,4.0
Sunshine world tour,夢色キャスト,2,4.0,7,8.8,11,-,Sunshine world tour,5,11.0
Sunshine world tour,夢色キャスト,2,4.0,7,8.8,11,-,Sunshine world tour,4,8.8
Sunshine world tour,夢色キャスト,2,4.0,7,8.8,11,-,Sunshine world tour,3,7.0
Sweet Devil,八王子P,2,4.0,6.6,9.8,11.3,-,Sweet Devil,4,9.8
Sweet Devil,八王子P,2,4.0,6.6,9.8,11.3,-,Sweet Devil,5,11.3
Sweet Devil,八王子P,2,4.0,6.6,9.8,11.3,-,Sweet Devil,3,6.6
Sweet Devil,八王子P,2,4.0,6.6,9.8,11.3,-,Sweet Devil,2,4.0
Sweet Devil,八王子P,2,4.0,6.6,9.8,11.3,-,Sweet Devil,1,2.0
Sweetiex2,Dixie Flatline,2,4.0,6.1,7.3,9.9,-,Sweetiex2,5,9.9
Sweetiex2,Dixie Flatline,2,4.0,6.1,7.3,9.9,-,Sweetiex2,4,7.3
Sweetiex2,Dixie Flatline,2,4.0,6.1,7.3,9.9,-,Sweetiex2,3,6.1
Sweetiex2,Dixie Flatline,2,4.0,6.1,7.3,9.9,-,Sweetiex2,2,4.0
Sweetiex2,Dixie Flatline,2,4.0,6.1,7.3,9.9,-,Sweetiex2,1,2.0
Sweets×Sweets,Team-D,2,5.0,6.6,8,9.7,-,Sweets×Sweets,5,9.7
Sweets×Sweets,Team-D,2,5.0,6.6,8,9.7,-,Sweets×Sweets,4,8.0
Sweets×Sweets,Team-D,2,5.0,6.6,8,9.7,-,Sweets×Sweets,3,6.6
Sweets×Sweets,Team-D,2,5.0,6.6,8,9.7,-,Sweets×Sweets,1,2.0
Sweets×Sweets,Team-D,2,5.0,6.6,8,9.7,-,Sweets×Sweets,2,5.0
TRUST,小仏 凪(CV:佐倉 薫),3,5.0,7,9.8,12.1,-,TRUST,4,9.8
TRUST,小仏 凪(CV:佐倉 薫),3,5.0,7,9.8,12.1,-,TRUST,2,5.0
TRUST,小仏 凪(CV:佐倉 薫),3,5.0,7,9.8,12.1,-,TRUST,1,3.0
TRUST,小仏 凪(CV:佐倉 薫),3,5.0,7,9.8,12.1,-,TRUST,3,7.0
TRUST,小仏 凪(CV:佐倉 薫),3,5.0,7,9.8,12.1,-,TRUST,4,9.8
TRUST,小仏 凪(CV:佐倉 薫),3,5.0,7,9.8,12.1,-,TRUST,5,12.1
TRUST,小仏 凪(CV:佐倉 薫),3,5.0,7,9.8,12.1,-,TRUST,4,9.8
TRUST,小仏 凪(CV:佐倉 薫),3,5.0,7,9.8,12.1,-,TRUST,3,7.0
TRUST,小仏 凪(CV:佐倉 薫),3,5.0,7,9.8,12.1,-,TRUST,2,5.0
TRUST,小仏 凪(CV:佐倉 薫),3,5.0,7,9.8,12.1,-,TRUST,1,3.0
TRUST,小仏 凪(CV:佐倉 薫),3,5.0,7,9.8,12.1,-,TRUST,5,12.1
TRUST,小仏 凪(CV:佐倉 薫),3,5.0,7,9.8,12.1,-,TRUST,3,7.0
TRUST,小仏 凪(CV:佐倉 薫),3,5.0,7,9.8,12.1,-,TRUST,2,5.0
TRUST,小仏 凪(CV:佐倉 薫),3,5.0,7,9.8,12.1,-,TRUST,1,3.0
TRUST,小仏 凪(CV:佐倉 薫),3,5.0,7,9.8,12.1,-,TRUST,5,12.1
Tell Your World,livetune,1,4.0,6.7,8.9,10.7,11.2,Tell Your World,6,11.2
Tell Your World,livetune,1,4.0,6.7,8.9,10.7,11.2,Tell Your World,5,10.7
Tell Your World,livetune,1,4.0,6.7,8.9,10.7,11.2,Tell Your World,2,4.0
Tell Your World,livetune,1,4.0,6.7,8.9,10.7,11.2,Tell Your World,3,6.7
Tell Your World,livetune,1,4.0,6.7,8.9,10.7,11.2,Tell Your World,4,8.9
Tell Your World,livetune,1,4.0,6.7,8.9,10.7,11.2,Tell Your World,1,1.0
Terminal Storm,三草康二郎「CODE OF JOKER」,2,4.0,7,9.7,12.1,-,Terminal Storm,1,2.0
Terminal Storm,三草康二郎「CODE OF JOKER」,2,4.0,7,9.7,12.1,-,Terminal Storm,2,4.0
Terminal Storm,三草康二郎「CODE OF JOKER」,2,4.0,7,9.7,12.1,-,Terminal Storm,3,7.0
Terminal Storm,三草康二郎「CODE OF JOKER」,2,4.0,7,9.7,12.1,-,Terminal Storm,4,9.7
Terminal Storm,三草康二郎「CODE OF JOKER」,2,4.0,7,9.7,12.1,-,Terminal Storm,5,12.1
The Great Journey,光吉猛修 「ホルカ・トルカ」,2,4.0,6,8.9,10,-,The Great Journey,1,2.0
The Great Journey,光吉猛修 「ホルカ・トルカ」,2,4.0,6,8.9,10,-,The Great Journey,2,4.0
The Great Journey,光吉猛修 「ホルカ・トルカ」,2,4.0,6,8.9,10,-,The Great Journey,5,10.0
The Great Journey,光吉猛修 「ホルカ・トルカ」,2,4.0,6,8.9,10,-,The Great Journey,4,8.9
The Great Journey,光吉猛修 「ホルカ・トルカ」,2,4.0,6,8.9,10,-,The Great Journey,3,6.0
The wheel to the right,Sampling Masters MEGA,4,6.0,8.1,11,12.9,-,The wheel to the right,3,8.1
The wheel to the right,Sampling Masters MEGA,4,6.0,8.1,11,12.9,-,The wheel to the right,4,11.0
The wheel to the right,Sampling Masters MEGA,4,6.0,8.1,11,12.9,-,The wheel to the right,5,12.9
The wheel to the right,Sampling Masters MEGA,4,6.0,8.1,11,12.9,-,The wheel to the right,1,4.0
The wheel to the right,Sampling Masters MEGA,4,6.0,8.1,11,12.9,-,The wheel to the right,2,6.0
The wheel to the right,Sampling Masters MEGA,4,6.0,8.1,11,12.9,-,The wheel to the right,2,6.0
The wheel to the right,Sampling Masters MEGA,4,6.0,8.1,11,12.9,-,The wheel to the right,3,8.1
The wheel to the right,Sampling Masters MEGA,4,6.0,8.1,11,12.9,-,The wheel to the right,5,12.9
The wheel to the right,Sampling Masters MEGA,4,6.0,8.1,11,12.9,-,The wheel to the right,4,11.0
The wheel to the right,Sampling Masters MEGA,4,6.0,8.1,11,12.9,-,The wheel to the right,3,8.1
The wheel to the right,Sampling Masters MEGA,4,6.0,8.1,11,12.9,-,The wheel to the right,1,4.0
The wheel to the right,Sampling Masters MEGA,4,6.0,8.1,11,12.9,-,The wheel to the right,5,12.9
The wheel to the right,Sampling Masters MEGA,4,6.0,8.1,11,12.9,-,The wheel to the right,1,4.0
The wheel to the right,Sampling Masters MEGA,4,6.0,8.1,11,12.9,-,The wheel to the right,2,6.0
The wheel to the right,Sampling Masters MEGA,4,6.0,8.1,11,12.9,-,The wheel to the right,4,11.0
This game,鈴木このみ「ノーゲーム・ノーライフ」,2,4.0,6.6,9.9,12,-,This game,1,2.0
This game,鈴木このみ「ノーゲーム・ノーライフ」,2,4.0,6.6,9.9,12,-,This game,2,4.0
This game,鈴木このみ「ノーゲーム・ノーライフ」,2,4.0,6.6,9.9,12,-,This game,3,6.6
This game,鈴木このみ「ノーゲーム・ノーライフ」,2,4.0,6.6,9.9,12,-,This game,4,9.9
This game,鈴木このみ「ノーゲーム・ノーライフ」,2,4.0,6.6,9.9,12,-,This game,5,12.0
TiamaT:F minor,Team Grimoire,3,6.0,9.5,11.8,13.2,-,TiamaT:F minor,5,13.2
TiamaT:F minor,Team Grimoire,3,6.0,9.5,11.8,13.2,-,TiamaT:F minor,4,11.8
TiamaT:F minor,Team Grimoire,3,6.0,9.5,11.8,13.2,-,TiamaT:F minor,3,9.5
TiamaT:F minor,Team Grimoire,3,6.0,9.5,11.8,13.2,-,TiamaT:F minor,2,6.0
TiamaT:F minor,Team Grimoire,3,6.0,9.5,11.8,13.2,-,TiamaT:F minor,1,3.0
TiamaT:F minor,Team Grimoire,3,6.0,9.5,11.8,13.2,-,TiamaT:F minor,5,13.2
TiamaT:F minor,Team Grimoire,3,6.0,9.5,11.8,13.2,-,TiamaT:F minor,4,11.8
TiamaT:F minor,Team Grimoire,3,6.0,9.5,11.8,13.2,-,TiamaT:F minor,3,9.5
TiamaT:F minor,Team Grimoire,3,6.0,9.5,11.8,13.2,-,TiamaT:F minor,2,6.0
TiamaT:F minor,Team Grimoire,3,6.0,9.5,11.8,13.2,-,TiamaT:F minor,1,3.0
TiamaT:F minor,Team Grimoire,3,6.0,9.5,11.8,13.2,-,TiamaT:F minor,5,13.2
TiamaT:F minor,Team Grimoire,3,6.0,9.5,11.8,13.2,-,TiamaT:F minor,4,11.8
TiamaT:F minor,Team Grimoire,3,6.0,9.5,11.8,13.2,-,TiamaT:F minor,3,9.5
TiamaT:F minor,Team Grimoire,3,6.0,9.5,11.8,13.2,-,TiamaT:F minor,2,6.0
TiamaT:F minor,Team Grimoire,3,6.0,9.5,11.8,13.2,-,TiamaT:F minor,1,3.0
Time To Make History (AKIRA YAMAOKA Remix),目黒 将司 Remixed by 山岡 晃,3,5.0,7.4,9.6,12.5,-,Time To Make History (AKIRA YAMAOKA Remix),3,7.4
Time To Make History (AKIRA YAMAOKA Remix),目黒 将司 Remixed by 山岡 晃,3,5.0,7.4,9.6,12.5,-,Time To Make History (AKIRA YAMAOKA Remix),4,9.6
Time To Make History (AKIRA YAMAOKA Remix),目黒 将司 Remixed by 山岡 晃,3,5.0,7.4,9.6,12.5,-,Time To Make History (AKIRA YAMAOKA Remix),5,12.5
Time To Make History (AKIRA YAMAOKA Remix),目黒 将司 Remixed by 山岡 晃,3,5.0,7.4,9.6,12.5,-,Time To Make History (AKIRA YAMAOKA Remix),2,5.0
Time To Make History (AKIRA YAMAOKA Remix),目黒 将司 Remixed by 山岡 晃,3,5.0,7.4,9.6,12.5,-,Time To Make History (AKIRA YAMAOKA Remix),1,3.0
Time To Make History (AKIRA YAMAOKA Remix),目黒 将司 Remixed by 山岡 晃,3,5.0,7.4,9.6,12.5,-,Time To Make History (AKIRA YAMAOKA Remix),5,12.5
Time To Make History (AKIRA YAMAOKA Remix),目黒 将司 Remixed by 山岡 晃,3,5.0,7.4,9.6,12.5,-,Time To Make History (AKIRA YAMAOKA Remix),4,9.6
Time To Make History (AKIRA YAMAOKA Remix),目黒 将司 Remixed by 山岡 晃,3,5.0,7.4,9.6,12.5,-,Time To Make History (AKIRA YAMAOKA Remix),2,5.0
Time To Make History (AKIRA YAMAOKA Remix),目黒 将司 Remixed by 山岡 晃,3,5.0,7.4,9.6,12.5,-,Time To Make History (AKIRA YAMAOKA Remix),3,7.4
Time To Make History (AKIRA YAMAOKA Remix),目黒 将司 Remixed by 山岡 晃,3,5.0,7.4,9.6,12.5,-,Time To Make History (AKIRA YAMAOKA Remix),2,5.0
Time To Make History (AKIRA YAMAOKA Remix),目黒 将司 Remixed by 山岡 晃,3,5.0,7.4,9.6,12.5,-,Time To Make History (AKIRA YAMAOKA Remix),1,3.0
Time To Make History (AKIRA YAMAOKA Remix),目黒 将司 Remixed by 山岡 晃,3,5.0,7.4,9.6,12.5,-,Time To Make History (AKIRA YAMAOKA Remix),5,12.5
Time To Make History (AKIRA YAMAOKA Remix),目黒 将司 Remixed by 山岡 晃,3,5.0,7.4,9.6,12.5,-,Time To Make History (AKIRA YAMAOKA Remix),4,9.6
Time To Make History (AKIRA YAMAOKA Remix),目黒 将司 Remixed by 山岡 晃,3,5.0,7.4,9.6,12.5,-,Time To Make History (AKIRA YAMAOKA Remix),3,7.4
Time To Make History (AKIRA YAMAOKA Remix),目黒 将司 Remixed by 山岡 晃,3,5.0,7.4,9.6,12.5,-,Time To Make History (AKIRA YAMAOKA Remix),1,3.0
True Love Song,Kai / クラシック「G線上のアリア」,2,4.0,6.4,8.8,9.8,-,True Love Song,5,9.8
True Love Song,Kai / クラシック「G線上のアリア」,2,4.0,6.4,8.8,9.8,-,True Love Song,4,8.8
True Love Song,Kai / クラシック「G線上のアリア」,2,4.0,6.4,8.8,9.8,-,True Love Song,3,6.4
True Love Song,Kai / クラシック「G線上のアリア」,2,4.0,6.4,8.8,9.8,-,True Love Song,2,4.0
True Love Song,Kai / クラシック「G線上のアリア」,2,4.0,6.4,8.8,9.8,-,True Love Song,1,2.0
Turn around,Clean Tears,3,6.0,7.3,11.8,12.2,-,Turn around,1,3.0
Turn around,Clean Tears,3,6.0,7.3,11.8,12.2,-,Turn around,2,6.0
Turn around,Clean Tears,3,6.0,7.3,11.8,12.2,-,Turn around,3,7.3
Turn around,Clean Tears,3,6.0,7.3,11.8,12.2,-,Turn around,4,11.8
Turn around,Clean Tears,3,6.0,7.3,11.8,12.2,-,Turn around,5,12.2
ULTRA B+K,nora2r,3,5.0,7.8,10.5,12.9,-,ULTRA B+K,1,3.0
ULTRA B+K,nora2r,3,5.0,7.8,10.5,12.9,-,ULTRA B+K,2,5.0
ULTRA B+K,nora2r,3,5.0,7.8,10.5,12.9,-,ULTRA B+K,1,3.0
ULTRA B+K,nora2r,3,5.0,7.8,10.5,12.9,-,ULTRA B+K,2,5.0
ULTRA B+K,nora2r,3,5.0,7.8,10.5,12.9,-,ULTRA B+K,5,12.9
ULTRA B+K,nora2r,3,5.0,7.8,10.5,12.9,-,ULTRA B+K,4,10.5
ULTRA B+K,nora2r,3,5.0,7.8,10.5,12.9,-,ULTRA B+K,3,7.8
ULTRA B+K,nora2r,3,5.0,7.8,10.5,12.9,-,ULTRA B+K,2,5.0
ULTRA B+K,nora2r,3,5.0,7.8,10.5,12.9,-,ULTRA B+K,5,12.9
ULTRA B+K,nora2r,3,5.0,7.8,10.5,12.9,-,ULTRA B+K,3,7.8
ULTRA B+K,nora2r,3,5.0,7.8,10.5,12.9,-,ULTRA B+K,4,10.5
ULTRA B+K,nora2r,3,5.0,7.8,10.5,12.9,-,ULTRA B+K,5,12.9
ULTRA B+K,nora2r,3,5.0,7.8,10.5,12.9,-,ULTRA B+K,4,10.5
ULTRA B+K,nora2r,3,5.0,7.8,10.5,12.9,-,ULTRA B+K,3,7.8
ULTRA B+K,nora2r,3,5.0,7.8,10.5,12.9,-,ULTRA B+K,1,3.0
Ultranova,A4paper,3,5.0,7.8,11.2,13,-,Ultranova,4,11.2
Ultranova,A4paper,3,5.0,7.8,11.2,13,-,Ultranova,1,3.0
Ultranova,A4paper,3,5.0,7.8,11.2,13,-,Ultranova,2,5.0
Ultranova,A4paper,3,5.0,7.8,11.2,13,-,Ultranova,3,7.8
Ultranova,A4paper,3,5.0,7.8,11.2,13,-,Ultranova,5,13.0
Urban Crusher [Remix],「BORDER BREAK」,3,6.0,8.3,11.5,11.7,-,Urban Crusher [Remix],1,3.0
Urban Crusher [Remix],「BORDER BREAK」,3,6.0,8.3,11.5,11.7,-,Urban Crusher [Remix],2,6.0
Urban Crusher [Remix],「BORDER BREAK」,3,6.0,8.3,11.5,11.7,-,Urban Crusher [Remix],5,11.7
Urban Crusher [Remix],「BORDER BREAK」,3,6.0,8.3,11.5,11.7,-,Urban Crusher [Remix],4,11.5
Urban Crusher [Remix],「BORDER BREAK」,3,6.0,8.3,11.5,11.7,-,Urban Crusher [Remix],3,8.3
VERTeX,Hiro,3,5.0,8,10.2,13.4,-,VERTeX,3,8.0
VERTeX,Hiro,3,5.0,8,10.2,13.4,-,VERTeX,4,10.2
VERTeX,Hiro,3,5.0,8,10.2,13.4,-,VERTeX,2,5.0
VERTeX,Hiro,3,5.0,8,10.2,13.4,-,VERTeX,1,3.0
VERTeX,Hiro,3,5.0,8,10.2,13.4,-,VERTeX,5,13.4
VERTeX,Hiro,3,5.0,8,10.2,13.4,-,VERTeX,1,3.0
VERTeX,Hiro,3,5.0,8,10.2,13.4,-,VERTeX,3,8.0
VERTeX,Hiro,3,5.0,8,10.2,13.4,-,VERTeX,3,8.0
VERTeX,Hiro,3,5.0,8,10.2,13.4,-,VERTeX,4,10.2
VERTeX,Hiro,3,5.0,8,10.2,13.4,-,VERTeX,5,13.4
VERTeX,Hiro,3,5.0,8,10.2,13.4,-,VERTeX,1,3.0
VERTeX,Hiro,3,5.0,8,10.2,13.4,-,VERTeX,5,13.4
VERTeX,Hiro,3,5.0,8,10.2,13.4,-,VERTeX,4,10.2
VERTeX,Hiro,3,5.0,8,10.2,13.4,-,VERTeX,2,5.0
VERTeX,Hiro,3,5.0,8,10.2,13.4,-,VERTeX,2,5.0
WARNING×WARNING×WARNING,暁Records,2,4.0,7,9.2,11.3,-,WARNING×WARNING×WARNING,1,2.0
WARNING×WARNING×WARNING,暁Records,2,4.0,7,9.2,11.3,-,WARNING×WARNING×WARNING,3,7.0
WARNING×WARNING×WARNING,暁Records,2,4.0,7,9.2,11.3,-,WARNING×WARNING×WARNING,4,9.2
WARNING×WARNING×WARNING,暁Records,2,4.0,7,9.2,11.3,-,WARNING×WARNING×WARNING,5,11.3
WARNING×WARNING×WARNING,暁Records,2,4.0,7,9.2,11.3,-,WARNING×WARNING×WARNING,2,4.0
WORLD'S END UMBRELLA,ハチ,2,4.0,7.5,8.8,11.5,-,WORLD'S END UMBRELLA,1,2.0
WORLD'S END UMBRELLA,ハチ,2,4.0,7.5,8.8,11.5,-,WORLD'S END UMBRELLA,2,4.0
WORLD'S END UMBRELLA,ハチ,2,4.0,7.5,8.8,11.5,-,WORLD'S END UMBRELLA,5,11.5
WORLD'S END UMBRELLA,ハチ,2,4.0,7.5,8.8,11.5,-,WORLD'S END UMBRELLA,4,8.8
WORLD'S END UMBRELLA,ハチ,2,4.0,7.5,8.8,11.5,-,WORLD'S END UMBRELLA,1,2.0
WORLD'S END UMBRELLA,ハチ,2,4.0,7.5,8.8,11.5,-,WORLD'S END UMBRELLA,3,7.5
WORLD'S END UMBRELLA,ハチ,2,4.0,7.5,8.8,11.5,-,WORLD'S END UMBRELLA,3,7.5
WORLD'S END UMBRELLA,ハチ,2,4.0,7.5,8.8,11.5,-,WORLD'S END UMBRELLA,4,8.8
WORLD'S END UMBRELLA,ハチ,2,4.0,7.5,8.8,11.5,-,WORLD'S END UMBRELLA,5,11.5
WORLD'S END UMBRELLA,ハチ,2,4.0,7.5,8.8,11.5,-,WORLD'S END UMBRELLA,1,2.0
WORLD'S END UMBRELLA,ハチ,2,4.0,7.5,8.8,11.5,-,WORLD'S END UMBRELLA,5,11.5
WORLD'S END UMBRELLA,ハチ,2,4.0,7.5,8.8,11.5,-,WORLD'S END UMBRELLA,2,4.0
WORLD'S END UMBRELLA,ハチ,2,4.0,7.5,8.8,11.5,-,WORLD'S END UMBRELLA,4,8.8
WORLD'S END UMBRELLA,ハチ,2,4.0,7.5,8.8,11.5,-,WORLD'S END UMBRELLA,3,7.5
WORLD'S END UMBRELLA,ハチ,2,4.0,7.5,8.8,11.5,-,WORLD'S END UMBRELLA,2,4.0
We Gonna Journey,Queen P.A.L.,3,6.0,8.3,10.9,12.9,-,We Gonna Journey,5,12.9
We Gonna Journey,Queen P.A.L.,3,6.0,8.3,10.9,12.9,-,We Gonna Journey,4,10.9
We Gonna Journey,Queen P.A.L.,3,6.0,8.3,10.9,12.9,-,We Gonna Journey,3,8.3
We Gonna Journey,Queen P.A.L.,3,6.0,8.3,10.9,12.9,-,We Gonna Journey,2,6.0
We Gonna Journey,Queen P.A.L.,3,6.0,8.3,10.9,12.9,-,We Gonna Journey,1,3.0
We Gonna Party,Cranky,3,6.0,7.8,11.4,12.2,-,We Gonna Party,2,6.0
We Gonna Party,Cranky,3,6.0,7.8,11.4,12.2,-,We Gonna Party,5,12.2
We Gonna Party,Cranky,3,6.0,7.8,11.4,12.2,-,We Gonna Party,1,3.0
We Gonna Party,Cranky,3,6.0,7.8,11.4,12.2,-,We Gonna Party,3,7.8
We Gonna Party,Cranky,3,6.0,7.8,11.4,12.2,-,We Gonna Party,4,11.4
White Traveling Girl,A-One,2,4.0,6.8,9,12.3,-,White Traveling Girl,5,12.3
White Traveling Girl,A-One,2,4.0,6.8,9,12.3,-,White Traveling Girl,5,12.3
White Traveling Girl,A-One,2,4.0,6.8,9,12.3,-,White Traveling Girl,1,2.0
White Traveling Girl,A-One,2,4.0,6.8,9,12.3,-,White Traveling Girl,2,4.0
White Traveling Girl,A-One,2,4.0,6.8,9,12.3,-,White Traveling Girl,3,6.8
White Traveling Girl,A-One,2,4.0,6.8,9,12.3,-,White Traveling Girl,4,9.0
White Traveling Girl,A-One,2,4.0,6.8,9,12.3,-,White Traveling Girl,4,9.0
White Traveling Girl,A-One,2,4.0,6.8,9,12.3,-,White Traveling Girl,3,6.8
White Traveling Girl,A-One,2,4.0,6.8,9,12.3,-,White Traveling Girl,1,2.0
White Traveling Girl,A-One,2,4.0,6.8,9,12.3,-,White Traveling Girl,5,12.3
White Traveling Girl,A-One,2,4.0,6.8,9,12.3,-,White Traveling Girl,4,9.0
White Traveling Girl,A-One,2,4.0,6.8,9,12.3,-,White Traveling Girl,3,6.8
White Traveling Girl,A-One,2,4.0,6.8,9,12.3,-,White Traveling Girl,2,4.0
White Traveling Girl,A-One,2,4.0,6.8,9,12.3,-,White Traveling Girl,1,2.0
White Traveling Girl,A-One,2,4.0,6.8,9,12.3,-,White Traveling Girl,2,4.0
Windy Hill -Zone 1,大谷智哉 「ソニック ロストワールド」,2,4.0,7.5,9.4,11.7,-,Windy Hill -Zone 1,2,4.0
Windy Hill -Zone 1,大谷智哉 「ソニック ロストワールド」,2,4.0,7.5,9.4,11.7,-,Windy Hill -Zone 1,1,2.0
Windy Hill -Zone 1,大谷智哉 「ソニック ロストワールド」,2,4.0,7.5,9.4,11.7,-,Windy Hill -Zone 1,3,7.5
Windy Hill -Zone 1,大谷智哉 「ソニック ロストワールド」,2,4.0,7.5,9.4,11.7,-,Windy Hill -Zone 1,4,9.4
Windy Hill -Zone 1,大谷智哉 「ソニック ロストワールド」,2,4.0,7.5,9.4,11.7,-,Windy Hill -Zone 1,5,11.7
World Vanquisher,void(Mournfinale),4,6.0,8.8,11.6,13.2,-,World Vanquisher,1,4.0
World Vanquisher,void(Mournfinale),4,6.0,8.8,11.6,13.2,-,World Vanquisher,2,6.0
World Vanquisher,void(Mournfinale),4,6.0,8.8,11.6,13.2,-,World Vanquisher,3,8.8
World Vanquisher,void(Mournfinale),4,6.0,8.8,11.6,13.2,-,World Vanquisher,4,11.6
World Vanquisher,void(Mournfinale),4,6.0,8.8,11.6,13.2,-,World Vanquisher,5,13.2
Xevel,Tatsh,4,6.0,8,11,13.3,-,Xevel,4,11.0
Xevel,Tatsh,4,6.0,8,11,13.3,-,Xevel,1,4.0
Xevel,Tatsh,4,6.0,8,11,13.3,-,Xevel,2,6.0
Xevel,Tatsh,4,6.0,8,11,13.3,-,Xevel,3,8.0
Xevel,Tatsh,4,6.0,8,11,13.3,-,Xevel,5,13.3
Xevel,Tatsh,4,6.0,8,11,13.3,-,Xevel,5,13.3
Xevel,Tatsh,4,6.0,8,11,13.3,-,Xevel,4,11.0
Xevel,Tatsh,4,6.0,8,11,13.3,-,Xevel,5,13.3
Xevel,Tatsh,4,6.0,8,11,13.3,-,Xevel,1,4.0
Xevel,Tatsh,4,6.0,8,11,13.3,-,Xevel,2,6.0
Xevel,Tatsh,4,6.0,8,11,13.3,-,Xevel,3,8.0
Xevel,Tatsh,4,6.0,8,11,13.3,-,Xevel,4,11.0
Xevel,Tatsh,4,6.0,8,11,13.3,-,Xevel,1,4.0
Xevel,Tatsh,4,6.0,8,11,13.3,-,Xevel,2,6.0
Xevel,Tatsh,4,6.0,8,11,13.3,-,Xevel,3,8.0
YATTA!,はっぱ隊 [cover],1,3.0,6.1,8.1,10,-,YATTA!,3,6.1
YATTA!,はっぱ隊 [cover],1,3.0,6.1,8.1,10,-,YATTA!,4,8.1
YATTA!,はっぱ隊 [cover],1,3.0,6.1,8.1,10,-,YATTA!,2,3.0
YATTA!,はっぱ隊 [cover],1,3.0,6.1,8.1,10,-,YATTA!,1,1.0
YATTA!,はっぱ隊 [cover],1,3.0,6.1,8.1,10,-,YATTA!,5,10.0
YU-MU,岸田教団＆THE明星ロケッツ,2,4.0,6.7,9.3,10.9,-,YU-MU,3,6.7
YU-MU,岸田教団＆THE明星ロケッツ,2,4.0,6.7,9.3,10.9,-,YU-MU,5,10.9
YU-MU,岸田教団＆THE明星ロケッツ,2,4.0,6.7,9.3,10.9,-,YU-MU,2,4.0
YU-MU,岸田教団＆THE明星ロケッツ,2,4.0,6.7,9.3,10.9,-,YU-MU,1,2.0
YU-MU,岸田教団＆THE明星ロケッツ,2,4.0,6.7,9.3,10.9,-,YU-MU,4,9.3
ZIGG-ZAGG,Junky,3,6.0,6,7.7,9.2,11.3,ZIGG-ZAGG,6,11.3
ZIGG-ZAGG,Junky,3,6.0,6,7.7,9.2,11.3,ZIGG-ZAGG,5,9.2
ZIGG-ZAGG,Junky,3,6.0,6,7.7,9.2,11.3,ZIGG-ZAGG,4,7.7
ZIGG-ZAGG,Junky,3,6.0,6,7.7,9.2,11.3,ZIGG-ZAGG,3,6.0
ZIGG-ZAGG,Junky,3,6.0,6,7.7,9.2,11.3,ZIGG-ZAGG,2,6.0
ZIGG-ZAGG,Junky,3,6.0,6,7.7,9.2,11.3,ZIGG-ZAGG,1,3.0
air's gravity,zts,4,5.0,7.8,9.8,12.1,-,air's gravity,2,5.0
air's gravity,zts,4,5.0,7.8,9.8,12.1,-,air's gravity,3,7.8
air's gravity,zts,4,5.0,7.8,9.8,12.1,-,air's gravity,5,12.1
air's gravity,zts,4,5.0,7.8,9.8,12.1,-,air's gravity,4,9.8
air's gravity,zts,4,5.0,7.8,9.8,12.1,-,air's gravity,3,7.8
air's gravity,zts,4,5.0,7.8,9.8,12.1,-,air's gravity,5,12.1
air's gravity,zts,4,5.0,7.8,9.8,12.1,-,air's gravity,1,4.0
air's gravity,zts,4,5.0,7.8,9.8,12.1,-,air's gravity,1,4.0
air's gravity,zts,4,5.0,7.8,9.8,12.1,-,air's gravity,4,9.8
air's gravity,zts,4,5.0,7.8,9.8,12.1,-,air's gravity,3,7.8
air's gravity,zts,4,5.0,7.8,9.8,12.1,-,air's gravity,2,5.0
air's gravity,zts,4,5.0,7.8,9.8,12.1,-,air's gravity,1,4.0
air's gravity,zts,4,5.0,7.8,9.8,12.1,-,air's gravity,4,9.8
air's gravity,zts,4,5.0,7.8,9.8,12.1,-,air's gravity,5,12.1
air's gravity,zts,4,5.0,7.8,9.8,12.1,-,air's gravity,2,5.0
awake,下田麻美「Shining・Force CROSS ELYSION」,2,4.0,7.7,8,11.7,-,awake,1,2.0
awake,下田麻美「Shining・Force CROSS ELYSION」,2,4.0,7.7,8,11.7,-,awake,5,11.7
awake,下田麻美「Shining・Force CROSS ELYSION」,2,4.0,7.7,8,11.7,-,awake,2,4.0
awake,下田麻美「Shining・Force CROSS ELYSION」,2,4.0,7.7,8,11.7,-,awake,4,8.0
awake,下田麻美「Shining・Force CROSS ELYSION」,2,4.0,7.7,8,11.7,-,awake,3,7.7
brilliant better,御形 アリシアナ (イロドリミドリ),3,5.0,6.7,9.9,11.7,-,brilliant better,5,11.7
brilliant better,御形 アリシアナ (イロドリミドリ),3,5.0,6.7,9.9,11.7,-,brilliant better,4,9.9
brilliant better,御形 アリシアナ (イロドリミドリ),3,5.0,6.7,9.9,11.7,-,brilliant better,3,6.7
brilliant better,御形 アリシアナ (イロドリミドリ),3,5.0,6.7,9.9,11.7,-,brilliant better,1,3.0
brilliant better,御形 アリシアナ (イロドリミドリ),3,5.0,6.7,9.9,11.7,-,brilliant better,2,5.0
come again,m-flo [cover],2,5.0,6.4,8.8,10.1,-,come again,1,2.0
come again,m-flo [cover],2,5.0,6.4,8.8,10.1,-,come again,2,5.0
come again,m-flo [cover],2,5.0,6.4,8.8,10.1,-,come again,3,6.4
come again,m-flo [cover],2,5.0,6.4,8.8,10.1,-,come again,4,8.8
come again,m-flo [cover],2,5.0,6.4,8.8,10.1,-,come again,5,10.1
conflict,siromaru + cranky,3,5.0,7.2,10.9,13.2,-,conflict,3,7.2
conflict,siromaru + cranky,3,5.0,7.2,10.9,13.2,-,conflict,1,3.0
conflict,siromaru + cranky,3,5.0,7.2,10.9,13.2,-,conflict,2,5.0
conflict,siromaru + cranky,3,5.0,7.2,10.9,13.2,-,conflict,4,10.9
conflict,siromaru + cranky,3,5.0,7.2,10.9,13.2,-,conflict,5,13.2
connecting with you,Takahiro Eguchi feat. 三澤秋,3,4.0,7.4,9.3,11.7,-,connecting with you,1,3.0
connecting with you,Takahiro Eguchi feat. 三澤秋,3,4.0,7.4,9.3,11.7,-,connecting with you,2,4.0
connecting with you,Takahiro Eguchi feat. 三澤秋,3,4.0,7.4,9.3,11.7,-,connecting with you,3,7.4
connecting with you,Takahiro Eguchi feat. 三澤秋,3,4.0,7.4,9.3,11.7,-,connecting with you,4,9.3
connecting with you,Takahiro Eguchi feat. 三澤秋,3,4.0,7.4,9.3,11.7,-,connecting with you,5,11.7
fake!fake!,カラスは真っ白,2,4.0,7,8.7,11.7,-,fake!fake!,4,8.7
fake!fake!,カラスは真っ白,2,4.0,7,8.7,11.7,-,fake!fake!,5,11.7
fake!fake!,カラスは真っ白,2,4.0,7,8.7,11.7,-,fake!fake!,4,8.7
fake!fake!,カラスは真っ白,2,4.0,7,8.7,11.7,-,fake!fake!,3,7.0
fake!fake!,カラスは真っ白,2,4.0,7,8.7,11.7,-,fake!fake!,2,4.0
fake!fake!,カラスは真っ白,2,4.0,7,8.7,11.7,-,fake!fake!,1,2.0
fake!fake!,カラスは真っ白,2,4.0,7,8.7,11.7,-,fake!fake!,3,7.0
fake!fake!,カラスは真っ白,2,4.0,7,8.7,11.7,-,fake!fake!,4,8.7
fake!fake!,カラスは真っ白,2,4.0,7,8.7,11.7,-,fake!fake!,5,11.7
fake!fake!,カラスは真っ白,2,4.0,7,8.7,11.7,-,fake!fake!,2,4.0
fake!fake!,カラスは真っ白,2,4.0,7,8.7,11.7,-,fake!fake!,2,4.0
fake!fake!,カラスは真っ白,2,4.0,7,8.7,11.7,-,fake!fake!,3,7.0
fake!fake!,カラスは真っ白,2,4.0,7,8.7,11.7,-,fake!fake!,1,2.0
fake!fake!,カラスは真っ白,2,4.0,7,8.7,11.7,-,fake!fake!,1,2.0
fake!fake!,カラスは真っ白,2,4.0,7,8.7,11.7,-,fake!fake!,5,11.7
fantastic dreamer,Machico「この素晴らしい世界に祝福を!」,3,4.0,6.7,8.8,11.4,-,fantastic dreamer,5,11.4
fantastic dreamer,Machico「この素晴らしい世界に祝福を!」,3,4.0,6.7,8.8,11.4,-,fantastic dreamer,4,8.8
fantastic dreamer,Machico「この素晴らしい世界に祝福を!」,3,4.0,6.7,8.8,11.4,-,fantastic dreamer,3,6.7
fantastic dreamer,Machico「この素晴らしい世界に祝福を!」,3,4.0,6.7,8.8,11.4,-,fantastic dreamer,1,3.0
fantastic dreamer,Machico「この素晴らしい世界に祝福を!」,3,4.0,6.7,8.8,11.4,-,fantastic dreamer,2,4.0
jelly,capsule [cover],2,4.0,7.2,7.7,10.7,-,jelly,1,2.0
jelly,capsule [cover],2,4.0,7.2,7.7,10.7,-,jelly,2,4.0
jelly,capsule [cover],2,4.0,7.2,7.7,10.7,-,jelly,5,10.7
jelly,capsule [cover],2,4.0,7.2,7.7,10.7,-,jelly,4,7.7
jelly,capsule [cover],2,4.0,7.2,7.7,10.7,-,jelly,3,7.2
keep hopping,kamome sano,3,5.0,7.8,10.8,12.9,-,keep hopping,4,10.8
keep hopping,kamome sano,3,5.0,7.8,10.8,12.9,-,keep hopping,1,3.0
keep hopping,kamome sano,3,5.0,7.8,10.8,12.9,-,keep hopping,2,5.0
keep hopping,kamome sano,3,5.0,7.8,10.8,12.9,-,keep hopping,3,7.8
keep hopping,kamome sano,3,5.0,7.8,10.8,12.9,-,keep hopping,4,10.8
keep hopping,kamome sano,3,5.0,7.8,10.8,12.9,-,keep hopping,1,3.0
keep hopping,kamome sano,3,5.0,7.8,10.8,12.9,-,keep hopping,1,3.0
keep hopping,kamome sano,3,5.0,7.8,10.8,12.9,-,keep hopping,2,5.0
keep hopping,kamome sano,3,5.0,7.8,10.8,12.9,-,keep hopping,3,7.8
keep hopping,kamome sano,3,5.0,7.8,10.8,12.9,-,keep hopping,4,10.8
keep hopping,kamome sano,3,5.0,7.8,10.8,12.9,-,keep hopping,3,7.8
keep hopping,kamome sano,3,5.0,7.8,10.8,12.9,-,keep hopping,2,5.0
keep hopping,kamome sano,3,5.0,7.8,10.8,12.9,-,keep hopping,5,12.9
keep hopping,kamome sano,3,5.0,7.8,10.8,12.9,-,keep hopping,5,12.9
keep hopping,kamome sano,3,5.0,7.8,10.8,12.9,-,keep hopping,5,12.9
larva,ガリガリさむし,4,6.0,8.5,11.6,13.7,-,larva,2,6.0
larva,ガリガリさむし,4,6.0,8.5,11.6,13.7,-,larva,2,6.0
larva,ガリガリさむし,4,6.0,8.5,11.6,13.7,-,larva,1,4.0
larva,ガリガリさむし,4,6.0,8.5,11.6,13.7,-,larva,5,13.7
larva,ガリガリさむし,4,6.0,8.5,11.6,13.7,-,larva,4,11.6
larva,ガリガリさむし,4,6.0,8.5,11.6,13.7,-,larva,3,8.5
larva,ガリガリさむし,4,6.0,8.5,11.6,13.7,-,larva,2,6.0
larva,ガリガリさむし,4,6.0,8.5,11.6,13.7,-,larva,1,4.0
larva,ガリガリさむし,4,6.0,8.5,11.6,13.7,-,larva,5,13.7
larva,ガリガリさむし,4,6.0,8.5,11.6,13.7,-,larva,4,11.6
larva,ガリガリさむし,4,6.0,8.5,11.6,13.7,-,larva,1,4.0
larva,ガリガリさむし,4,6.0,8.5,11.6,13.7,-,larva,3,8.5
larva,ガリガリさむし,4,6.0,8.5,11.6,13.7,-,larva,5,13.7
larva,ガリガリさむし,4,6.0,8.5,11.6,13.7,-,larva,4,11.6
larva,ガリガリさむし,4,6.0,8.5,11.6,13.7,-,larva,3,8.5
magician's operation,EZFG,2,4.0,7.1,10,12.6,-,magician's operation,5,12.6
magician's operation,EZFG,2,4.0,7.1,10,12.6,-,magician's operation,4,10.0
magician's operation,EZFG,2,4.0,7.1,10,12.6,-,magician's operation,2,4.0
magician's operation,EZFG,2,4.0,7.1,10,12.6,-,magician's operation,1,2.0
magician's operation,EZFG,2,4.0,7.1,10,12.6,-,magician's operation,3,7.1
oboro,ヒゲドライバー,3,5.0,7.6,10,12.7,-,oboro,1,3.0
oboro,ヒゲドライバー,3,5.0,7.6,10,12.7,-,oboro,2,5.0
oboro,ヒゲドライバー,3,5.0,7.6,10,12.7,-,oboro,3,7.6
oboro,ヒゲドライバー,3,5.0,7.6,10,12.7,-,oboro,4,10.0
oboro,ヒゲドライバー,3,5.0,7.6,10,12.7,-,oboro,5,12.7
only my railgun,fripSide,2,4.0,6.2,9,10.7,11.7,only my railgun,1,2.0
only my railgun,fripSide,2,4.0,6.2,9,10.7,11.7,only my railgun,2,4.0
only my railgun,fripSide,2,4.0,6.2,9,10.7,11.7,only my railgun,3,6.2
only my railgun,fripSide,2,4.0,6.2,9,10.7,11.7,only my railgun,4,9.0
only my railgun,fripSide,2,4.0,6.2,9,10.7,11.7,only my railgun,5,10.7
only my railgun,fripSide,2,4.0,6.2,9,10.7,11.7,only my railgun,2,4.0
only my railgun,fripSide,2,4.0,6.2,9,10.7,11.7,only my railgun,1,2.0
only my railgun,fripSide,2,4.0,6.2,9,10.7,11.7,only my railgun,3,6.2
only my railgun,fripSide,2,4.0,6.2,9,10.7,11.7,only my railgun,4,9.0
only my railgun,fripSide,2,4.0,6.2,9,10.7,11.7,only my railgun,5,10.7
only my railgun,fripSide,2,4.0,6.2,9,10.7,11.7,only my railgun,6,11.7
only my railgun,fripSide,2,4.0,6.2,9,10.7,11.7,only my railgun,1,2.0
only my railgun,fripSide,2,4.0,6.2,9,10.7,11.7,only my railgun,2,4.0
only my railgun,fripSide,2,4.0,6.2,9,10.7,11.7,only my railgun,4,9.0
only my railgun,fripSide,2,4.0,6.2,9,10.7,11.7,only my railgun,5,10.7
only my railgun,fripSide,2,4.0,6.2,9,10.7,11.7,only my railgun,6,11.7
only my railgun,fripSide,2,4.0,6.2,9,10.7,11.7,only my railgun,6,11.7
only my railgun,fripSide,2,4.0,6.2,9,10.7,11.7,only my railgun,3,6.2
planet dancer,樽木栄一郎,2,5.0,7,9.7,11.9,-,planet dancer,5,11.9
planet dancer,樽木栄一郎,2,5.0,7,9.7,11.9,-,planet dancer,1,2.0
planet dancer,樽木栄一郎,2,5.0,7,9.7,11.9,-,planet dancer,2,5.0
planet dancer,樽木栄一郎,2,5.0,7,9.7,11.9,-,planet dancer,3,7.0
planet dancer,樽木栄一郎,2,5.0,7,9.7,11.9,-,planet dancer,4,9.7
shake it!,emon,2,4.0,6.8,7.5,10.8,-,shake it!,1,2.0
shake it!,emon,2,4.0,6.8,7.5,10.8,-,shake it!,4,7.5
shake it!,emon,2,4.0,6.8,7.5,10.8,-,shake it!,5,10.8
shake it!,emon,2,4.0,6.8,7.5,10.8,-,shake it!,2,4.0
shake it!,emon,2,4.0,6.8,7.5,10.8,-,shake it!,3,6.8
sweet little sister,Silver Forest,2,4.0,6.3,9.1,11.7,-,sweet little sister,1,2.0
sweet little sister,Silver Forest,2,4.0,6.3,9.1,11.7,-,sweet little sister,2,4.0
sweet little sister,Silver Forest,2,4.0,6.3,9.1,11.7,-,sweet little sister,4,9.1
sweet little sister,Silver Forest,2,4.0,6.3,9.1,11.7,-,sweet little sister,5,11.7
sweet little sister,Silver Forest,2,4.0,6.3,9.1,11.7,-,sweet little sister,3,6.3
sweet little sister,Silver Forest,2,4.0,6.3,9.1,11.7,-,sweet little sister,3,6.3
sweet little sister,Silver Forest,2,4.0,6.3,9.1,11.7,-,sweet little sister,2,4.0
sweet little sister,Silver Forest,2,4.0,6.3,9.1,11.7,-,sweet little sister,3,6.3
sweet little sister,Silver Forest,2,4.0,6.3,9.1,11.7,-,sweet little sister,5,11.7
sweet little sister,Silver Forest,2,4.0,6.3,9.1,11.7,-,sweet little sister,1,2.0
sweet little sister,Silver Forest,2,4.0,6.3,9.1,11.7,-,sweet little sister,2,4.0
sweet little sister,Silver Forest,2,4.0,6.3,9.1,11.7,-,sweet little sister,4,9.1
sweet little sister,Silver Forest,2,4.0,6.3,9.1,11.7,-,sweet little sister,5,11.7
sweet little sister,Silver Forest,2,4.0,6.3,9.1,11.7,-,sweet little sister,4,9.1
sweet little sister,Silver Forest,2,4.0,6.3,9.1,11.7,-,sweet little sister,1,2.0
taboo tears you up,REDALiCE(HARDCORE TANO*C),3,5.0,7.4,9.6,11.7,-,taboo tears you up,3,7.4
taboo tears you up,REDALiCE(HARDCORE TANO*C),3,5.0,7.4,9.6,11.7,-,taboo tears you up,2,5.0
taboo tears you up,REDALiCE(HARDCORE TANO*C),3,5.0,7.4,9.6,11.7,-,taboo tears you up,4,9.6
taboo tears you up,REDALiCE(HARDCORE TANO*C),3,5.0,7.4,9.6,11.7,-,taboo tears you up,5,11.7
taboo tears you up,REDALiCE(HARDCORE TANO*C),3,5.0,7.4,9.6,11.7,-,taboo tears you up,1,3.0
the EmpErroR,sasakure.UK,3,5.0,9.7,12,13.6,13.9,the EmpErroR,4,12.0
the EmpErroR,sasakure.UK,3,5.0,9.7,12,13.6,13.9,the EmpErroR,1,3.0
the EmpErroR,sasakure.UK,3,5.0,9.7,12,13.6,13.9,the EmpErroR,2,5.0
the EmpErroR,sasakure.UK,3,5.0,9.7,12,13.6,13.9,the EmpErroR,3,9.7
the EmpErroR,sasakure.UK,3,5.0,9.7,12,13.6,13.9,the EmpErroR,5,13.6
the EmpErroR,sasakure.UK,3,5.0,9.7,12,13.6,13.9,the EmpErroR,3,9.7
the EmpErroR,sasakure.UK,3,5.0,9.7,12,13.6,13.9,the EmpErroR,1,3.0
the EmpErroR,sasakure.UK,3,5.0,9.7,12,13.6,13.9,the EmpErroR,2,5.0
the EmpErroR,sasakure.UK,3,5.0,9.7,12,13.6,13.9,the EmpErroR,3,9.7
the EmpErroR,sasakure.UK,3,5.0,9.7,12,13.6,13.9,the EmpErroR,4,12.0
the EmpErroR,sasakure.UK,3,5.0,9.7,12,13.6,13.9,the EmpErroR,5,13.6
the EmpErroR,sasakure.UK,3,5.0,9.7,12,13.6,13.9,the EmpErroR,6,13.9
the EmpErroR,sasakure.UK,3,5.0,9.7,12,13.6,13.9,the EmpErroR,1,3.0
the EmpErroR,sasakure.UK,3,5.0,9.7,12,13.6,13.9,the EmpErroR,2,5.0
the EmpErroR,sasakure.UK,3,5.0,9.7,12,13.6,13.9,the EmpErroR,6,13.9
the EmpErroR,sasakure.UK,3,5.0,9.7,12,13.6,13.9,the EmpErroR,5,13.6
the EmpErroR,sasakure.UK,3,5.0,9.7,12,13.6,13.9,the EmpErroR,6,13.9
the EmpErroR,sasakure.UK,3,5.0,9.7,12,13.6,13.9,the EmpErroR,4,12.0
true my heart -Lovable mix-,ave;new feat.佐倉紗織,1,4.0,6.2,8.8,11,-,true my heart -Lovable mix-,5,11.0
true my heart -Lovable mix-,ave;new feat.佐倉紗織,1,4.0,6.2,8.8,11,-,true my heart -Lovable mix-,3,6.2
true my heart -Lovable mix-,ave;new feat.佐倉紗織,1,4.0,6.2,8.8,11,-,true my heart -Lovable mix-,2,4.0
true my heart -Lovable mix-,ave;new feat.佐倉紗織,1,4.0,6.2,8.8,11,-,true my heart -Lovable mix-,1,1.0
true my heart -Lovable mix-,ave;new feat.佐倉紗織,1,4.0,6.2,8.8,11,-,true my heart -Lovable mix-,4,8.8
あねぺったん,月鈴姉妹(イロドリミドリ),2,5.0,7.4,9.2,11.8,-,あねぺったん,5,11.8
あねぺったん,月鈴姉妹(イロドリミドリ),2,5.0,7.4,9.2,11.8,-,あねぺったん,4,9.2
あねぺったん,月鈴姉妹(イロドリミドリ),2,5.0,7.4,9.2,11.8,-,あねぺったん,3,7.4
あねぺったん,月鈴姉妹(イロドリミドリ),2,5.0,7.4,9.2,11.8,-,あねぺったん,2,5.0
あねぺったん,月鈴姉妹(イロドリミドリ),2,5.0,7.4,9.2,11.8,-,あねぺったん,1,2.0
あねぺったん,月鈴姉妹(イロドリミドリ),2,5.0,7.4,9.2,11.8,-,あねぺったん,5,11.8
あねぺったん,月鈴姉妹(イロドリミドリ),2,5.0,7.4,9.2,11.8,-,あねぺったん,3,7.4
あねぺったん,月鈴姉妹(イロドリミドリ),2,5.0,7.4,9.2,11.8,-,あねぺったん,2,5.0
あねぺったん,月鈴姉妹(イロドリミドリ),2,5.0,7.4,9.2,11.8,-,あねぺったん,4,9.2
あねぺったん,月鈴姉妹(イロドリミドリ),2,5.0,7.4,9.2,11.8,-,あねぺったん,5,11.8
あねぺったん,月鈴姉妹(イロドリミドリ),2,5.0,7.4,9.2,11.8,-,あねぺったん,4,9.2
あねぺったん,月鈴姉妹(イロドリミドリ),2,5.0,7.4,9.2,11.8,-,あねぺったん,3,7.4
あねぺったん,月鈴姉妹(イロドリミドリ),2,5.0,7.4,9.2,11.8,-,あねぺったん,2,5.0
あねぺったん,月鈴姉妹(イロドリミドリ),2,5.0,7.4,9.2,11.8,-,あねぺったん,1,2.0
あねぺったん,月鈴姉妹(イロドリミドリ),2,5.0,7.4,9.2,11.8,-,あねぺったん,1,2.0
いぇす！ゆゆゆ☆ゆるゆり♪♪,七森中☆ごらく部 「ゆるゆり♪♪」,2,4.0,7,9.2,11.2,-,いぇす！ゆゆゆ☆ゆるゆり♪♪,1,2.0
いぇす！ゆゆゆ☆ゆるゆり♪♪,七森中☆ごらく部 「ゆるゆり♪♪」,2,4.0,7,9.2,11.2,-,いぇす！ゆゆゆ☆ゆるゆり♪♪,5,11.2
いぇす！ゆゆゆ☆ゆるゆり♪♪,七森中☆ごらく部 「ゆるゆり♪♪」,2,4.0,7,9.2,11.2,-,いぇす！ゆゆゆ☆ゆるゆり♪♪,4,9.2
いぇす！ゆゆゆ☆ゆるゆり♪♪,七森中☆ごらく部 「ゆるゆり♪♪」,2,4.0,7,9.2,11.2,-,いぇす！ゆゆゆ☆ゆるゆり♪♪,3,7.0
いぇす！ゆゆゆ☆ゆるゆり♪♪,七森中☆ごらく部 「ゆるゆり♪♪」,2,4.0,7,9.2,11.2,-,いぇす！ゆゆゆ☆ゆるゆり♪♪,2,4.0
うまるん体操,妹S「干物妹！うまるちゃんR」,2,4.0,6.8,8.5,10.5,11.2,うまるん体操,4,8.5
うまるん体操,妹S「干物妹！うまるちゃんR」,2,4.0,6.8,8.5,10.5,11.2,うまるん体操,5,10.5
うまるん体操,妹S「干物妹！うまるちゃんR」,2,4.0,6.8,8.5,10.5,11.2,うまるん体操,6,11.2
うまるん体操,妹S「干物妹！うまるちゃんR」,2,4.0,6.8,8.5,10.5,11.2,うまるん体操,1,2.0
うまるん体操,妹S「干物妹！うまるちゃんR」,2,4.0,6.8,8.5,10.5,11.2,うまるん体操,3,6.8
うまるん体操,妹S「干物妹！うまるちゃんR」,2,4.0,6.8,8.5,10.5,11.2,うまるん体操,2,4.0
きたさいたま2000,LindaAI-CUE(BNGI) 「太鼓の達人」より,3,5.0,7.8,11.4,13.1,-,きたさいたま2000,2,5.0
きたさいたま2000,LindaAI-CUE(BNGI) 「太鼓の達人」より,3,5.0,7.8,11.4,13.1,-,きたさいたま2000,4,11.4
きたさいたま2000,LindaAI-CUE(BNGI) 「太鼓の達人」より,3,5.0,7.8,11.4,13.1,-,きたさいたま2000,1,3.0
きたさいたま2000,LindaAI-CUE(BNGI) 「太鼓の達人」より,3,5.0,7.8,11.4,13.1,-,きたさいたま2000,2,5.0
きたさいたま2000,LindaAI-CUE(BNGI) 「太鼓の達人」より,3,5.0,7.8,11.4,13.1,-,きたさいたま2000,3,7.8
きたさいたま2000,LindaAI-CUE(BNGI) 「太鼓の達人」より,3,5.0,7.8,11.4,13.1,-,きたさいたま2000,4,11.4
きたさいたま2000,LindaAI-CUE(BNGI) 「太鼓の達人」より,3,5.0,7.8,11.4,13.1,-,きたさいたま2000,5,13.1
きたさいたま2000,LindaAI-CUE(BNGI) 「太鼓の達人」より,3,5.0,7.8,11.4,13.1,-,きたさいたま2000,1,3.0
きたさいたま2000,LindaAI-CUE(BNGI) 「太鼓の達人」より,3,5.0,7.8,11.4,13.1,-,きたさいたま2000,3,7.8
きたさいたま2000,LindaAI-CUE(BNGI) 「太鼓の達人」より,3,5.0,7.8,11.4,13.1,-,きたさいたま2000,4,11.4
きたさいたま2000,LindaAI-CUE(BNGI) 「太鼓の達人」より,3,5.0,7.8,11.4,13.1,-,きたさいたま2000,5,13.1
きたさいたま2000,LindaAI-CUE(BNGI) 「太鼓の達人」より,3,5.0,7.8,11.4,13.1,-,きたさいたま2000,1,3.0
きたさいたま2000,LindaAI-CUE(BNGI) 「太鼓の達人」より,3,5.0,7.8,11.4,13.1,-,きたさいたま2000,2,5.0
きたさいたま2000,LindaAI-CUE(BNGI) 「太鼓の達人」より,3,5.0,7.8,11.4,13.1,-,きたさいたま2000,4,11.4
きたさいたま2000,LindaAI-CUE(BNGI) 「太鼓の達人」より,3,5.0,7.8,11.4,13.1,-,きたさいたま2000,5,13.1
きたさいたま2000,LindaAI-CUE(BNGI) 「太鼓の達人」より,3,5.0,7.8,11.4,13.1,-,きたさいたま2000,1,3.0
きたさいたま2000,LindaAI-CUE(BNGI) 「太鼓の達人」より,3,5.0,7.8,11.4,13.1,-,きたさいたま2000,2,5.0
きたさいたま2000,LindaAI-CUE(BNGI) 「太鼓の達人」より,3,5.0,7.8,11.4,13.1,-,きたさいたま2000,3,7.8
きたさいたま2000,LindaAI-CUE(BNGI) 「太鼓の達人」より,3,5.0,7.8,11.4,13.1,-,きたさいたま2000,4,11.4
きたさいたま2000,LindaAI-CUE(BNGI) 「太鼓の達人」より,3,5.0,7.8,11.4,13.1,-,きたさいたま2000,5,13.1
きたさいたま2000,LindaAI-CUE(BNGI) 「太鼓の達人」より,3,5.0,7.8,11.4,13.1,-,きたさいたま2000,1,3.0
きたさいたま2000,LindaAI-CUE(BNGI) 「太鼓の達人」より,3,5.0,7.8,11.4,13.1,-,きたさいたま2000,2,5.0
きたさいたま2000,LindaAI-CUE(BNGI) 「太鼓の達人」より,3,5.0,7.8,11.4,13.1,-,きたさいたま2000,3,7.8
きたさいたま2000,LindaAI-CUE(BNGI) 「太鼓の達人」より,3,5.0,7.8,11.4,13.1,-,きたさいたま2000,5,13.1
きたさいたま2000,LindaAI-CUE(BNGI) 「太鼓の達人」より,3,5.0,7.8,11.4,13.1,-,きたさいたま2000,3,7.8
その群青が愛しかったようだった,n-buna feat.ヤギヌマカナ,2,5.0,7,9.5,11.4,-,その群青が愛しかったようだった,1,2.0
その群青が愛しかったようだった,n-buna feat.ヤギヌマカナ,2,5.0,7,9.5,11.4,-,その群青が愛しかったようだった,4,9.5
その群青が愛しかったようだった,n-buna feat.ヤギヌマカナ,2,5.0,7,9.5,11.4,-,その群青が愛しかったようだった,1,2.0
その群青が愛しかったようだった,n-buna feat.ヤギヌマカナ,2,5.0,7,9.5,11.4,-,その群青が愛しかったようだった,2,5.0
その群青が愛しかったようだった,n-buna feat.ヤギヌマカナ,2,5.0,7,9.5,11.4,-,その群青が愛しかったようだった,3,7.0
その群青が愛しかったようだった,n-buna feat.ヤギヌマカナ,2,5.0,7,9.5,11.4,-,その群青が愛しかったようだった,4,9.5
その群青が愛しかったようだった,n-buna feat.ヤギヌマカナ,2,5.0,7,9.5,11.4,-,その群青が愛しかったようだった,5,11.4
その群青が愛しかったようだった,n-buna feat.ヤギヌマカナ,2,5.0,7,9.5,11.4,-,その群青が愛しかったようだった,2,5.0
その群青が愛しかったようだった,n-buna feat.ヤギヌマカナ,2,5.0,7,9.5,11.4,-,その群青が愛しかったようだった,5,11.4
その群青が愛しかったようだった,n-buna feat.ヤギヌマカナ,2,5.0,7,9.5,11.4,-,その群青が愛しかったようだった,4,9.5
その群青が愛しかったようだった,n-buna feat.ヤギヌマカナ,2,5.0,7,9.5,11.4,-,その群青が愛しかったようだった,5,11.4
その群青が愛しかったようだった,n-buna feat.ヤギヌマカナ,2,5.0,7,9.5,11.4,-,その群青が愛しかったようだった,1,2.0
その群青が愛しかったようだった,n-buna feat.ヤギヌマカナ,2,5.0,7,9.5,11.4,-,その群青が愛しかったようだった,2,5.0
その群青が愛しかったようだった,n-buna feat.ヤギヌマカナ,2,5.0,7,9.5,11.4,-,その群青が愛しかったようだった,3,7.0
その群青が愛しかったようだった,n-buna feat.ヤギヌマカナ,2,5.0,7,9.5,11.4,-,その群青が愛しかったようだった,4,9.5
その群青が愛しかったようだった,n-buna feat.ヤギヌマカナ,2,5.0,7,9.5,11.4,-,その群青が愛しかったようだった,3,7.0
その群青が愛しかったようだった,n-buna feat.ヤギヌマカナ,2,5.0,7,9.5,11.4,-,その群青が愛しかったようだった,2,5.0
その群青が愛しかったようだった,n-buna feat.ヤギヌマカナ,2,5.0,7,9.5,11.4,-,その群青が愛しかったようだった,1,2.0
その群青が愛しかったようだった,n-buna feat.ヤギヌマカナ,2,5.0,7,9.5,11.4,-,その群青が愛しかったようだった,5,11.4
その群青が愛しかったようだった,n-buna feat.ヤギヌマカナ,2,5.0,7,9.5,11.4,-,その群青が愛しかったようだった,4,9.5
その群青が愛しかったようだった,n-buna feat.ヤギヌマカナ,2,5.0,7,9.5,11.4,-,その群青が愛しかったようだった,3,7.0
その群青が愛しかったようだった,n-buna feat.ヤギヌマカナ,2,5.0,7,9.5,11.4,-,その群青が愛しかったようだった,3,7.0
その群青が愛しかったようだった,n-buna feat.ヤギヌマカナ,2,5.0,7,9.5,11.4,-,その群青が愛しかったようだった,2,5.0
その群青が愛しかったようだった,n-buna feat.ヤギヌマカナ,2,5.0,7,9.5,11.4,-,その群青が愛しかったようだった,1,2.0
その群青が愛しかったようだった,n-buna feat.ヤギヌマカナ,2,5.0,7,9.5,11.4,-,その群青が愛しかったようだった,5,11.4
ちょちょちょ！ゆるゆり☆かぷりっちょ！！！,七森中☆ごらく部 「ゆるゆり さん☆ハイ！」,2,4.0,7,9.4,11.4,-,ちょちょちょ！ゆるゆり☆かぷりっちょ！！！,5,11.4
ちょちょちょ！ゆるゆり☆かぷりっちょ！！！,七森中☆ごらく部 「ゆるゆり さん☆ハイ！」,2,4.0,7,9.4,11.4,-,ちょちょちょ！ゆるゆり☆かぷりっちょ！！！,4,9.4
ちょちょちょ！ゆるゆり☆かぷりっちょ！！！,七森中☆ごらく部 「ゆるゆり さん☆ハイ！」,2,4.0,7,9.4,11.4,-,ちょちょちょ！ゆるゆり☆かぷりっちょ！！！,3,7.0
ちょちょちょ！ゆるゆり☆かぷりっちょ！！！,七森中☆ごらく部 「ゆるゆり さん☆ハイ！」,2,4.0,7,9.4,11.4,-,ちょちょちょ！ゆるゆり☆かぷりっちょ！！！,2,4.0
ちょちょちょ！ゆるゆり☆かぷりっちょ！！！,七森中☆ごらく部 「ゆるゆり さん☆ハイ！」,2,4.0,7,9.4,11.4,-,ちょちょちょ！ゆるゆり☆かぷりっちょ！！！,1,2.0
なるとなぎのパーフェクトロックンロール教室,イロドリミドリ「CHUNITHM」,3,5.0,7,9.7,12.3,-,なるとなぎのパーフェクトロックンロール教室,1,3.0
なるとなぎのパーフェクトロックンロール教室,イロドリミドリ「CHUNITHM」,3,5.0,7,9.7,12.3,-,なるとなぎのパーフェクトロックンロール教室,2,5.0
なるとなぎのパーフェクトロックンロール教室,イロドリミドリ「CHUNITHM」,3,5.0,7,9.7,12.3,-,なるとなぎのパーフェクトロックンロール教室,5,12.3
なるとなぎのパーフェクトロックンロール教室,イロドリミドリ「CHUNITHM」,3,5.0,7,9.7,12.3,-,なるとなぎのパーフェクトロックンロール教室,3,7.0
なるとなぎのパーフェクトロックンロール教室,イロドリミドリ「CHUNITHM」,3,5.0,7,9.7,12.3,-,なるとなぎのパーフェクトロックンロール教室,4,9.7
ゆりゆららららゆるゆり大事件,七森中☆ごらく部 「ゆるゆり」,2,4.0,6.4,7.5,10.7,-,ゆりゆららららゆるゆり大事件,2,4.0
ゆりゆららららゆるゆり大事件,七森中☆ごらく部 「ゆるゆり」,2,4.0,6.4,7.5,10.7,-,ゆりゆららららゆるゆり大事件,2,4.0
ゆりゆららららゆるゆり大事件,七森中☆ごらく部 「ゆるゆり」,2,4.0,6.4,7.5,10.7,-,ゆりゆららららゆるゆり大事件,3,6.4
ゆりゆららららゆるゆり大事件,七森中☆ごらく部 「ゆるゆり」,2,4.0,6.4,7.5,10.7,-,ゆりゆららららゆるゆり大事件,4,7.5
ゆりゆららららゆるゆり大事件,七森中☆ごらく部 「ゆるゆり」,2,4.0,6.4,7.5,10.7,-,ゆりゆららららゆるゆり大事件,5,10.7
ゆりゆららららゆるゆり大事件,七森中☆ごらく部 「ゆるゆり」,2,4.0,6.4,7.5,10.7,-,ゆりゆららららゆるゆり大事件,1,2.0
ゆりゆららららゆるゆり大事件,七森中☆ごらく部 「ゆるゆり」,2,4.0,6.4,7.5,10.7,-,ゆりゆららららゆるゆり大事件,2,4.0
ゆりゆららららゆるゆり大事件,七森中☆ごらく部 「ゆるゆり」,2,4.0,6.4,7.5,10.7,-,ゆりゆららららゆるゆり大事件,3,6.4
ゆりゆららららゆるゆり大事件,七森中☆ごらく部 「ゆるゆり」,2,4.0,6.4,7.5,10.7,-,ゆりゆららららゆるゆり大事件,4,7.5
ゆりゆららららゆるゆり大事件,七森中☆ごらく部 「ゆるゆり」,2,4.0,6.4,7.5,10.7,-,ゆりゆららららゆるゆり大事件,5,10.7
ゆりゆららららゆるゆり大事件,七森中☆ごらく部 「ゆるゆり」,2,4.0,6.4,7.5,10.7,-,ゆりゆららららゆるゆり大事件,1,2.0
ゆりゆららららゆるゆり大事件,七森中☆ごらく部 「ゆるゆり」,2,4.0,6.4,7.5,10.7,-,ゆりゆららららゆるゆり大事件,2,4.0
ゆりゆららららゆるゆり大事件,七森中☆ごらく部 「ゆるゆり」,2,4.0,6.4,7.5,10.7,-,ゆりゆららららゆるゆり大事件,3,6.4
ゆりゆららららゆるゆり大事件,七森中☆ごらく部 「ゆるゆり」,2,4.0,6.4,7.5,10.7,-,ゆりゆららららゆるゆり大事件,5,10.7
ゆりゆららららゆるゆり大事件,七森中☆ごらく部 「ゆるゆり」,2,4.0,6.4,7.5,10.7,-,ゆりゆららららゆるゆり大事件,1,2.0
ゆりゆららららゆるゆり大事件,七森中☆ごらく部 「ゆるゆり」,2,4.0,6.4,7.5,10.7,-,ゆりゆららららゆるゆり大事件,3,6.4
ゆりゆららららゆるゆり大事件,七森中☆ごらく部 「ゆるゆり」,2,4.0,6.4,7.5,10.7,-,ゆりゆららららゆるゆり大事件,4,7.5
ゆりゆららららゆるゆり大事件,七森中☆ごらく部 「ゆるゆり」,2,4.0,6.4,7.5,10.7,-,ゆりゆららららゆるゆり大事件,5,10.7
ゆりゆららららゆるゆり大事件,七森中☆ごらく部 「ゆるゆり」,2,4.0,6.4,7.5,10.7,-,ゆりゆららららゆるゆり大事件,1,2.0
ゆりゆららららゆるゆり大事件,七森中☆ごらく部 「ゆるゆり」,2,4.0,6.4,7.5,10.7,-,ゆりゆららららゆるゆり大事件,2,4.0
ゆりゆららららゆるゆり大事件,七森中☆ごらく部 「ゆるゆり」,2,4.0,6.4,7.5,10.7,-,ゆりゆららららゆるゆり大事件,3,6.4
ゆりゆららららゆるゆり大事件,七森中☆ごらく部 「ゆるゆり」,2,4.0,6.4,7.5,10.7,-,ゆりゆららららゆるゆり大事件,4,7.5
ゆりゆららららゆるゆり大事件,七森中☆ごらく部 「ゆるゆり」,2,4.0,6.4,7.5,10.7,-,ゆりゆららららゆるゆり大事件,5,10.7
ゆりゆららららゆるゆり大事件,七森中☆ごらく部 「ゆるゆり」,2,4.0,6.4,7.5,10.7,-,ゆりゆららららゆるゆり大事件,4,7.5
ゆりゆららららゆるゆり大事件,七森中☆ごらく部 「ゆるゆり」,2,4.0,6.4,7.5,10.7,-,ゆりゆららららゆるゆり大事件,1,2.0
アリサのテーマ,池頼広,2,4.0,6.8,9.8,12.7,-,アリサのテーマ,4,9.8
アリサのテーマ,池頼広,2,4.0,6.8,9.8,12.7,-,アリサのテーマ,5,12.7
アリサのテーマ,池頼広,2,4.0,6.8,9.8,12.7,-,アリサのテーマ,3,6.8
アリサのテーマ,池頼広,2,4.0,6.8,9.8,12.7,-,アリサのテーマ,2,4.0
アリサのテーマ,池頼広,2,4.0,6.8,9.8,12.7,-,アリサのテーマ,3,6.8
アリサのテーマ,池頼広,2,4.0,6.8,9.8,12.7,-,アリサのテーマ,4,9.8
アリサのテーマ,池頼広,2,4.0,6.8,9.8,12.7,-,アリサのテーマ,5,12.7
アリサのテーマ,池頼広,2,4.0,6.8,9.8,12.7,-,アリサのテーマ,1,2.0
アリサのテーマ,池頼広,2,4.0,6.8,9.8,12.7,-,アリサのテーマ,2,4.0
アリサのテーマ,池頼広,2,4.0,6.8,9.8,12.7,-,アリサのテーマ,4,9.8
アリサのテーマ,池頼広,2,4.0,6.8,9.8,12.7,-,アリサのテーマ,4,9.8
アリサのテーマ,池頼広,2,4.0,6.8,9.8,12.7,-,アリサのテーマ,5,12.7
アリサのテーマ,池頼広,2,4.0,6.8,9.8,12.7,-,アリサのテーマ,1,2.0
アリサのテーマ,池頼広,2,4.0,6.8,9.8,12.7,-,アリサのテーマ,1,2.0
アリサのテーマ,池頼広,2,4.0,6.8,9.8,12.7,-,アリサのテーマ,3,6.8
アリサのテーマ,池頼広,2,4.0,6.8,9.8,12.7,-,アリサのテーマ,4,9.8
アリサのテーマ,池頼広,2,4.0,6.8,9.8,12.7,-,アリサのテーマ,5,12.7
アリサのテーマ,池頼広,2,4.0,6.8,9.8,12.7,-,アリサのテーマ,1,2.0
アリサのテーマ,池頼広,2,4.0,6.8,9.8,12.7,-,アリサのテーマ,2,4.0
アリサのテーマ,池頼広,2,4.0,6.8,9.8,12.7,-,アリサのテーマ,3,6.8
アリサのテーマ,池頼広,2,4.0,6.8,9.8,12.7,-,アリサのテーマ,3,6.8
アリサのテーマ,池頼広,2,4.0,6.8,9.8,12.7,-,アリサのテーマ,2,4.0
アリサのテーマ,池頼広,2,4.0,6.8,9.8,12.7,-,アリサのテーマ,1,2.0
アリサのテーマ,池頼広,2,4.0,6.8,9.8,12.7,-,アリサのテーマ,2,4.0
アリサのテーマ,池頼広,2,4.0,6.8,9.8,12.7,-,アリサのテーマ,5,12.7
キミとボクのミライ,ジータ(CV:金元寿子)、ルリア(CV:東山奈央)、ヴィーラ(CV:今井麻美)、マリー(CV:長谷川明子),2,4.0,7,9,10.2,11.7,キミとボクのミライ,4,9.0
キミとボクのミライ,ジータ(CV:金元寿子)、ルリア(CV:東山奈央)、ヴィーラ(CV:今井麻美)、マリー(CV:長谷川明子),2,4.0,7,9,10.2,11.7,キミとボクのミライ,6,11.7
キミとボクのミライ,ジータ(CV:金元寿子)、ルリア(CV:東山奈央)、ヴィーラ(CV:今井麻美)、マリー(CV:長谷川明子),2,4.0,7,9,10.2,11.7,キミとボクのミライ,2,4.0
キミとボクのミライ,ジータ(CV:金元寿子)、ルリア(CV:東山奈央)、ヴィーラ(CV:今井麻美)、マリー(CV:長谷川明子),2,4.0,7,9,10.2,11.7,キミとボクのミライ,1,2.0
キミとボクのミライ,ジータ(CV:金元寿子)、ルリア(CV:東山奈央)、ヴィーラ(CV:今井麻美)、マリー(CV:長谷川明子),2,4.0,7,9,10.2,11.7,キミとボクのミライ,5,10.2
キミとボクのミライ,ジータ(CV:金元寿子)、ルリア(CV:東山奈央)、ヴィーラ(CV:今井麻美)、マリー(CV:長谷川明子),2,4.0,7,9,10.2,11.7,キミとボクのミライ,3,7.0
ホシトハナ,讃州中学勇者部 「結城友奈は勇者である」,2,4.0,6.8,9.2,11,-,ホシトハナ,2,4.0
ホシトハナ,讃州中学勇者部 「結城友奈は勇者である」,2,4.0,6.8,9.2,11,-,ホシトハナ,5,11.0
ホシトハナ,讃州中学勇者部 「結城友奈は勇者である」,2,4.0,6.8,9.2,11,-,ホシトハナ,3,6.8
ホシトハナ,讃州中学勇者部 「結城友奈は勇者である」,2,4.0,6.8,9.2,11,-,ホシトハナ,4,9.2
ホシトハナ,讃州中学勇者部 「結城友奈は勇者である」,2,4.0,6.8,9.2,11,-,ホシトハナ,5,11.0
ホシトハナ,讃州中学勇者部 「結城友奈は勇者である」,2,4.0,6.8,9.2,11,-,ホシトハナ,1,2.0
ホシトハナ,讃州中学勇者部 「結城友奈は勇者である」,2,4.0,6.8,9.2,11,-,ホシトハナ,2,4.0
ホシトハナ,讃州中学勇者部 「結城友奈は勇者である」,2,4.0,6.8,9.2,11,-,ホシトハナ,3,6.8
ホシトハナ,讃州中学勇者部 「結城友奈は勇者である」,2,4.0,6.8,9.2,11,-,ホシトハナ,4,9.2
ホシトハナ,讃州中学勇者部 「結城友奈は勇者である」,2,4.0,6.8,9.2,11,-,ホシトハナ,5,11.0
ホシトハナ,讃州中学勇者部 「結城友奈は勇者である」,2,4.0,6.8,9.2,11,-,ホシトハナ,1,2.0
ホシトハナ,讃州中学勇者部 「結城友奈は勇者である」,2,4.0,6.8,9.2,11,-,ホシトハナ,2,4.0
ホシトハナ,讃州中学勇者部 「結城友奈は勇者である」,2,4.0,6.8,9.2,11,-,ホシトハナ,1,2.0
ホシトハナ,讃州中学勇者部 「結城友奈は勇者である」,2,4.0,6.8,9.2,11,-,ホシトハナ,3,6.8
ホシトハナ,讃州中学勇者部 「結城友奈は勇者である」,2,4.0,6.8,9.2,11,-,ホシトハナ,5,11.0
ホシトハナ,讃州中学勇者部 「結城友奈は勇者である」,2,4.0,6.8,9.2,11,-,ホシトハナ,1,2.0
ホシトハナ,讃州中学勇者部 「結城友奈は勇者である」,2,4.0,6.8,9.2,11,-,ホシトハナ,2,4.0
ホシトハナ,讃州中学勇者部 「結城友奈は勇者である」,2,4.0,6.8,9.2,11,-,ホシトハナ,3,6.8
ホシトハナ,讃州中学勇者部 「結城友奈は勇者である」,2,4.0,6.8,9.2,11,-,ホシトハナ,4,9.2
ホシトハナ,讃州中学勇者部 「結城友奈は勇者である」,2,4.0,6.8,9.2,11,-,ホシトハナ,5,11.0
ホシトハナ,讃州中学勇者部 「結城友奈は勇者である」,2,4.0,6.8,9.2,11,-,ホシトハナ,1,2.0
ホシトハナ,讃州中学勇者部 「結城友奈は勇者である」,2,4.0,6.8,9.2,11,-,ホシトハナ,2,4.0
ホシトハナ,讃州中学勇者部 「結城友奈は勇者である」,2,4.0,6.8,9.2,11,-,ホシトハナ,3,6.8
ホシトハナ,讃州中学勇者部 「結城友奈は勇者である」,2,4.0,6.8,9.2,11,-,ホシトハナ,4,9.2
ホシトハナ,讃州中学勇者部 「結城友奈は勇者である」,2,4.0,6.8,9.2,11,-,ホシトハナ,4,9.2
全力☆Summer!,angela「アホガール」,2,4.0,6.7,8.8,10.8,11.8,全力☆Summer!,5,10.8
全力☆Summer!,angela「アホガール」,2,4.0,6.7,8.8,10.8,11.8,全力☆Summer!,6,11.8
全力☆Summer!,angela「アホガール」,2,4.0,6.7,8.8,10.8,11.8,全力☆Summer!,3,6.7
全力☆Summer!,angela「アホガール」,2,4.0,6.7,8.8,10.8,11.8,全力☆Summer!,4,8.8
全力☆Summer!,angela「アホガール」,2,4.0,6.7,8.8,10.8,11.8,全力☆Summer!,1,2.0
全力☆Summer!,angela「アホガール」,2,4.0,6.7,8.8,10.8,11.8,全力☆Summer!,2,4.0
全力☆Summer!,angela「アホガール」,2,4.0,6.7,8.8,10.8,11.8,全力☆Summer!,3,6.7
全力☆Summer!,angela「アホガール」,2,4.0,6.7,8.8,10.8,11.8,全力☆Summer!,4,8.8
全力☆Summer!,angela「アホガール」,2,4.0,6.7,8.8,10.8,11.8,全力☆Summer!,5,10.8
全力☆Summer!,angela「アホガール」,2,4.0,6.7,8.8,10.8,11.8,全力☆Summer!,1,2.0
全力☆Summer!,angela「アホガール」,2,4.0,6.7,8.8,10.8,11.8,全力☆Summer!,2,4.0
全力☆Summer!,angela「アホガール」,2,4.0,6.7,8.8,10.8,11.8,全力☆Summer!,3,6.7
全力☆Summer!,angela「アホガール」,2,4.0,6.7,8.8,10.8,11.8,全力☆Summer!,4,8.8
全力☆Summer!,angela「アホガール」,2,4.0,6.7,8.8,10.8,11.8,全力☆Summer!,5,10.8
全力☆Summer!,angela「アホガール」,2,4.0,6.7,8.8,10.8,11.8,全力☆Summer!,6,11.8
全力☆Summer!,angela「アホガール」,2,4.0,6.7,8.8,10.8,11.8,全力☆Summer!,1,2.0
全力☆Summer!,angela「アホガール」,2,4.0,6.7,8.8,10.8,11.8,全力☆Summer!,6,11.8
全力☆Summer!,angela「アホガール」,2,4.0,6.7,8.8,10.8,11.8,全力☆Summer!,3,6.7
全力☆Summer!,angela「アホガール」,2,4.0,6.7,8.8,10.8,11.8,全力☆Summer!,4,8.8
全力☆Summer!,angela「アホガール」,2,4.0,6.7,8.8,10.8,11.8,全力☆Summer!,5,10.8
全力☆Summer!,angela「アホガール」,2,4.0,6.7,8.8,10.8,11.8,全力☆Summer!,6,11.8
全力☆Summer!,angela「アホガール」,2,4.0,6.7,8.8,10.8,11.8,全力☆Summer!,1,2.0
全力☆Summer!,angela「アホガール」,2,4.0,6.7,8.8,10.8,11.8,全力☆Summer!,2,4.0
全力☆Summer!,angela「アホガール」,2,4.0,6.7,8.8,10.8,11.8,全力☆Summer!,3,6.7
全力☆Summer!,angela「アホガール」,2,4.0,6.7,8.8,10.8,11.8,全力☆Summer!,4,8.8
全力☆Summer!,angela「アホガール」,2,4.0,6.7,8.8,10.8,11.8,全力☆Summer!,5,10.8
全力☆Summer!,angela「アホガール」,2,4.0,6.7,8.8,10.8,11.8,全力☆Summer!,6,11.8
全力☆Summer!,angela「アホガール」,2,4.0,6.7,8.8,10.8,11.8,全力☆Summer!,1,2.0
全力☆Summer!,angela「アホガール」,2,4.0,6.7,8.8,10.8,11.8,全力☆Summer!,2,4.0
全力☆Summer!,angela「アホガール」,2,4.0,6.7,8.8,10.8,11.8,全力☆Summer!,2,4.0
回レ！雪月花,歌組雪月花 夜々(原田 ひとみ)/いろり(茅野 愛衣)/小紫
(小倉 唯) 「機少女は傷つかない」,2,4.0,7.2,9,12.5,-,回レ！雪月花,1,2.0
回レ！雪月花,歌組雪月花 夜々(原田 ひとみ)/いろり(茅野 愛衣)/小紫(小倉 唯) 「機少女は傷つかない」,2,4.0,7.2,9,12.5,-,回レ！雪月花,2,4.0
回レ！雪月花,歌組雪月花 夜々(原田 ひとみ)/いろり(茅野 愛衣)/小紫(小倉 唯) 「機少女は傷つかない」,2,4.0,7.2,9,12.5,-,回レ！雪月花,4,9.0
回レ！雪月花,歌組雪月花 夜々(原田 ひとみ)/いろり(茅野 愛衣)/小紫(小倉 唯) 「機少女は傷つかない」,2,4.0,7.2,9,12.5,-,回レ！雪月花,5,12.5
回レ！雪月花,歌組雪月花 夜々(原田 ひとみ)/いろり(茅野 愛衣)/小紫(小倉 唯) 「機少女は傷つかない」,2,4.0,7.2,9,12.5,-,回レ！雪月花,3,7.2
夜明けまであと３秒,Taku Inoue,4,6.0,8.5,11,12.9,-,夜明けまであと３秒,5,12.9
夜明けまであと３秒,Taku Inoue,4,6.0,8.5,11,12.9,-,夜明けまであと３秒,4,11.0
夜明けまであと３秒,Taku Inoue,4,6.0,8.5,11,12.9,-,夜明けまであと３秒,3,8.5
夜明けまであと３秒,Taku Inoue,4,6.0,8.5,11,12.9,-,夜明けまであと３秒,2,6.0
夜明けまであと３秒,Taku Inoue,4,6.0,8.5,11,12.9,-,夜明けまであと３秒,1,4.0
夜明けまであと３秒,Taku Inoue,4,6.0,8.5,11,12.9,-,夜明けまであと３秒,5,12.9
夜明けまであと３秒,Taku Inoue,4,6.0,8.5,11,12.9,-,夜明けまであと３秒,4,11.0
夜明けまであと３秒,Taku Inoue,4,6.0,8.5,11,12.9,-,夜明けまであと３秒,3,8.5
夜明けまであと３秒,Taku Inoue,4,6.0,8.5,11,12.9,-,夜明けまであと３秒,2,6.0
夜明けまであと３秒,Taku Inoue,4,6.0,8.5,11,12.9,-,夜明けまであと３秒,5,12.9
夜明けまであと３秒,Taku Inoue,4,6.0,8.5,11,12.9,-,夜明けまであと３秒,1,4.0
夜明けまであと３秒,Taku Inoue,4,6.0,8.5,11,12.9,-,夜明けまであと３秒,4,11.0
夜明けまであと３秒,Taku Inoue,4,6.0,8.5,11,12.9,-,夜明けまであと３秒,4,11.0
夜明けまであと３秒,Taku Inoue,4,6.0,8.5,11,12.9,-,夜明けまであと３秒,2,6.0
夜明けまであと３秒,Taku Inoue,4,6.0,8.5,11,12.9,-,夜明けまであと３秒,1,4.0
夜明けまであと３秒,Taku Inoue,4,6.0,8.5,11,12.9,-,夜明けまであと３秒,5,12.9
夜明けまであと３秒,Taku Inoue,4,6.0,8.5,11,12.9,-,夜明けまであと３秒,3,8.5
夜明けまであと３秒,Taku Inoue,4,6.0,8.5,11,12.9,-,夜明けまであと３秒,2,6.0
夜明けまであと３秒,Taku Inoue,4,6.0,8.5,11,12.9,-,夜明けまであと３秒,1,4.0
夜明けまであと３秒,Taku Inoue,4,6.0,8.5,11,12.9,-,夜明けまであと３秒,5,12.9
夜明けまであと３秒,Taku Inoue,4,6.0,8.5,11,12.9,-,夜明けまであと３秒,4,11.0
夜明けまであと３秒,Taku Inoue,4,6.0,8.5,11,12.9,-,夜明けまであと３秒,3,8.5
夜明けまであと３秒,Taku Inoue,4,6.0,8.5,11,12.9,-,夜明けまであと３秒,2,6.0
夜明けまであと３秒,Taku Inoue,4,6.0,8.5,11,12.9,-,夜明けまであと３秒,1,4.0
夜明けまであと３秒,Taku Inoue,4,6.0,8.5,11,12.9,-,夜明けまであと３秒,3,8.5
私の中の幻想的世界観及びその顕現を想起させたある現実での出来事に関する一考察,小仏 凪(CV:佐倉 薫),2,5.0,6.7,8.2,12,-,私の中の幻想的世界観及びその顕現を想起させたある現実での出来事に関する一考察,5,12.0
私の中の幻想的世界観及びその顕現を想起させたある現実での出来事に関する一考察,小仏 凪(CV:佐倉 薫),2,5.0,6.7,8.2,12,-,私の中の幻想的世界観及びその顕現を想起させたある現実での出来事に関する一考察,1,2.0
私の中の幻想的世界観及びその顕現を想起させたある現実での出来事に関する一考察,小仏 凪(CV:佐倉 薫),2,5.0,6.7,8.2,12,-,私の中の幻想的世界観及びその顕現を想起させたある現実での出来事に関する一考察,2,5.0
私の中の幻想的世界観及びその顕現を想起させたある現実での出来事に関する一考察,小仏 凪(CV:佐倉 薫),2,5.0,6.7,8.2,12,-,私の中の幻想的世界観及びその顕現を想起させたある現実での出来事に関する一考察,3,6.7
私の中の幻想的世界観及びその顕現を想起させたある現実での出来事に関する一考察,小仏 凪(CV:佐倉 薫),2,5.0,6.7,8.2,12,-,私の中の幻想的世界観及びその顕現を想起させたある現実での出来事に関する一考察,3,6.7
私の中の幻想的世界観及びその顕現を想起させたある現実での出来事に関する一考察,小仏 凪(CV:佐倉 薫),2,5.0,6.7,8.2,12,-,私の中の幻想的世界観及びその顕現を想起させたある現実での出来事に関する一考察,5,12.0
私の中の幻想的世界観及びその顕現を想起させたある現実での出来事に関する一考察,小仏 凪(CV:佐倉 薫),2,5.0,6.7,8.2,12,-,私の中の幻想的世界観及びその顕現を想起させたある現実での出来事に関する一考察,1,2.0
私の中の幻想的世界観及びその顕現を想起させたある現実での出来事に関する一考察,小仏 凪(CV:佐倉 薫),2,5.0,6.7,8.2,12,-,私の中の幻想的世界観及びその顕現を想起させたある現実での出来事に関する一考察,2,5.0
私の中の幻想的世界観及びその顕現を想起させたある現実での出来事に関する一考察,小仏 凪(CV:佐倉 薫),2,5.0,6.7,8.2,12,-,私の中の幻想的世界観及びその顕現を想起させたある現実での出来事に関する一考察,4,8.2
私の中の幻想的世界観及びその顕現を想起させたある現実での出来事に関する一考察,小仏 凪(CV:佐倉 薫),2,5.0,6.7,8.2,12,-,私の中の幻想的世界観及びその顕現を想起させたある現実での出来事に関する一考察,4,8.2
私の中の幻想的世界観及びその顕現を想起させたある現実での出来事に関する一考察,小仏 凪(CV:佐倉 薫),2,5.0,6.7,8.2,12,-,私の中の幻想的世界観及びその顕現を想起させたある現実での出来事に関する一考察,3,6.7
私の中の幻想的世界観及びその顕現を想起させたある現実での出来事に関する一考察,小仏 凪(CV:佐倉 薫),2,5.0,6.7,8.2,12,-,私の中の幻想的世界観及びその顕現を想起させたある現実での出来事に関する一考察,2,5.0
私の中の幻想的世界観及びその顕現を想起させたある現実での出来事に関する一考察,小仏 凪(CV:佐倉 薫),2,5.0,6.7,8.2,12,-,私の中の幻想的世界観及びその顕現を想起させたある現実での出来事に関する一考察,1,2.0
私の中の幻想的世界観及びその顕現を想起させたある現実での出来事に関する一考察,小仏 凪(CV:佐倉 薫),2,5.0,6.7,8.2,12,-,私の中の幻想的世界観及びその顕現を想起させたある現実での出来事に関する一考察,5,12.0
私の中の幻想的世界観及びその顕現を想起させたある現実での出来事に関する一考察,小仏 凪(CV:佐倉 薫),2,5.0,6.7,8.2,12,-,私の中の幻想的世界観及びその顕現を想起させたある現実での出来事に関する一考察,4,8.2
私の中の幻想的世界観及びその顕現を想起させたある現実での出来事に関する一考察,小仏 凪(CV:佐倉 薫),2,5.0,6.7,8.2,12,-,私の中の幻想的世界観及びその顕現を想起させたある現実での出来事に関する一考察,3,6.7
私の中の幻想的世界観及びその顕現を想起させたある現実での出来事に関する一考察,小仏 凪(CV:佐倉 薫),2,5.0,6.7,8.2,12,-,私の中の幻想的世界観及びその顕現を想起させたある現実での出来事に関する一考察,1,2.0
私の中の幻想的世界観及びその顕現を想起させたある現実での出来事に関する一考察,小仏 凪(CV:佐倉 薫),2,5.0,6.7,8.2,12,-,私の中の幻想的世界観及びその顕現を想起させたある現実での出来事に関する一考察,5,12.0
私の中の幻想的世界観及びその顕現を想起させたある現実での出来事に関する一考察,小仏 凪(CV:佐倉 薫),2,5.0,6.7,8.2,12,-,私の中の幻想的世界観及びその顕現を想起させたある現実での出来事に関する一考察,4,8.2
私の中の幻想的世界観及びその顕現を想起させたある現実での出来事に関する一考察,小仏 凪(CV:佐倉 薫),2,5.0,6.7,8.2,12,-,私の中の幻想的世界観及びその顕現を想起させたある現実での出来事に関する一考察,3,6.7
私の中の幻想的世界観及びその顕現を想起させたある現実での出来事に関する一考察,小仏 凪(CV:佐倉 薫),2,5.0,6.7,8.2,12,-,私の中の幻想的世界観及びその顕現を想起させたある現実での出来事に関する一考察,2,5.0
私の中の幻想的世界観及びその顕現を想起させたある現実での出来事に関する一考察,小仏 凪(CV:佐倉 薫),2,5.0,6.7,8.2,12,-,私の中の幻想的世界観及びその顕現を想起させたある現実での出来事に関する一考察,1,2.0
私の中の幻想的世界観及びその顕現を想起させたある現実での出来事に関する一考察,小仏 凪(CV:佐倉 薫),2,5.0,6.7,8.2,12,-,私の中の幻想的世界観及びその顕現を想起させたある現実での出来事に関する一考察,4,8.2
私の中の幻想的世界観及びその顕現を想起させたある現実での出来事に関する一考察,小仏 凪(CV:佐倉 薫),2,5.0,6.7,8.2,12,-,私の中の幻想的世界観及びその顕現を想起させたある現実での出来事に関する一考察,2,5.0
私の中の幻想的世界観及びその顕現を想起させたある現実での出来事に関する一考察,小仏 凪(CV:佐倉 薫),2,5.0,6.7,8.2,12,-,私の中の幻想的世界観及びその顕現を想起させたある現実での出来事に関する一考察,5,12.0
