title,diffIndex,level,raw
アリサのテーマ,1,2,Lv. 2
アリサのテーマ,2,4,Lv. 4
アリサのテーマ,3,6.8,Lv. 6.8
アリサのテーマ,4,9.8,Lv. 9.8
アリサのテーマ,5,12.7,Lv. 12.7
きたさいたま2000,1,3,Lv. 3
きたさいたま2000,2,5,Lv. 5
きたさいたま2000,3,7.8,Lv. 7.8
きたさいたま2000,4,11.4,Lv. 11.4
きたさいたま2000,5,13.1,Lv. 13.1
その群青が愛しかったようだった,1,2,Lv. 2
その群青が愛しかったようだった,2,5,Lv. 5
その群青が愛しかったようだった,3,7,Lv. 7
その群青が愛しかったようだった,4,9.5,Lv. 9.5
その群青が愛しかったようだった,5,11.4,Lv. 11.4
ホシトハナ,1,2,Lv. 2
ホシトハナ,2,4,Lv. 4
ホシトハナ,3,6.8,Lv. 6.8
ホシトハナ,4,9.2,Lv. 9.2
ホシトハナ,5,11,Lv. 11
ゆりゆららららゆるゆり大事件,1,2,Lv. 2
ゆりゆららららゆるゆり大事件,2,4,Lv. 4
ゆりゆららららゆるゆり大事件,3,6.4,Lv. 6.4
ゆりゆららららゆるゆり大事件,4,7.5,Lv. 7.5
ゆりゆららららゆるゆり大事件,5,10.7,Lv. 10.7
全力☆Summer!,1,2,Lv. 2
全力☆Summer!,2,4,Lv. 4
全力☆Summer!,3,6.7,Lv. 6.7
全力☆Summer!,4,8.8,Lv. 8.8
全力☆Summer!,5,10.8,Lv. 10.8
全力☆Summer!,6,11.8,Lv. 11.8
夜明けまであと３秒,1,4,Lv. 4
夜明けまであと３秒,2,6,Lv. 6
夜明けまであと３秒,3,8.5,Lv. 8.5
夜明けまであと３秒,4,11,Lv. 11
夜明けまであと３秒,5,12.9,Lv. 12.9
私の中の幻想的世界観及びその顕現を想起させたある現実での出来事に関する一考察,1,2,Lv. 2
私の中の幻想的世界観及びその顕現を想起させたある現実での出来事に関する一考察,2,5,Lv. 5
私の中の幻想的世界観及びその顕現を想起させたある現実での出来事に関する一考察,3,6.7,Lv. 6.7
私の中の幻想的世界観及びその顕現を想起させたある現実での出来事に関する一考察,4,8.2,Lv. 8.2
私の中の幻想的世界観及びその顕現を想起させたある現実での出来事に関する一考察,5,12,Lv. 12
[Toho nicokara]Secret God Matara feat.TAMAONSEN[IOSYS],1,2,Lv. 2
[Toho nicokara]Secret God Matara feat.TAMAONSEN[IOSYS],2,4,Lv. 4
[Toho nicokara]Secret God Matara feat.TAMAONSEN[IOSYS],3,7.5,Lv. 7.5
[Toho nicokara]Secret God Matara feat.TAMAONSEN[IOSYS],4,10,Lv. 10
[Toho nicokara]Secret God Matara feat.TAMAONSEN[IOSYS],5,12.7,Lv. 12.7
+♂,1,3,Lv. 3
+♂,2,5,Lv. 5
+♂,3,7.5,Lv. 7.5
+♂,4,9,Lv. 9
+♂,5,12.1,Lv. 12.1
～AETERNITAS LUDOLOGY～,1,2,Lv. 2
～AETERNITAS LUDOLOGY～,2,4,Lv. 4
～AETERNITAS LUDOLOGY～,3,6.8,Lv. 6.8
～AETERNITAS LUDOLOGY～,4,9.7,Lv. 9.7
～AETERNITAS LUDOLOGY～,5,12.3,Lv. 12.3
39,1,2,Lv. 2
39,2,5,Lv. 5
39,3,7.8,Lv. 7.8
39,4,9.8,Lv. 9.8
39,5,12,Lv. 12
39,6,12.3,Lv. 12.3
7thSense,1,4,Lv. 4
7thSense,2,6,Lv. 6
7thSense,3,8,Lv. 8
7thSense,4,10,Lv. 10
7thSense,5,13,Lv. 13
After Burner,1,3,Lv. 3
After Burner,2,5,Lv. 5
After Burner,3,7.8,Lv. 7.8
After Burner,4,10,Lv. 10
After Burner,5,12,Lv. 12
Aimai Mind,1,2,Lv. 2
Aimai Mind,2,5,Lv. 5
Aimai Mind,3,7.8,Lv. 7.8
Aimai Mind,4,10.2,Lv. 10.2
Aimai Mind,5,12,Lv. 12
Aiolos,1,4,Lv. 4
Aiolos,2,6,Lv. 6
Aiolos,3,8,Lv. 8
Aiolos,4,10.6,Lv. 10.6
Aiolos,5,13,Lv. 13
air's gravity,1,4,Lv. 4
air's gravity,2,5,Lv. 5
air's gravity,3,7.8,Lv. 7.8
air's gravity,4,9.8,Lv. 9.8
air's gravity,5,12.1,Lv. 12.1
akeboshi rocket,1,2,Lv. 2
akeboshi rocket,2,4,Lv. 4
akeboshi rocket,3,6.8,Lv. 6.8
akeboshi rocket,4,8.6,Lv. 8.6
akeboshi rocket,5,10.7,Lv. 10.7
akeboshi rocket,6,11.3,Lv. 11.3
Alea jacta est!,1,4,Lv. 4
Alea jacta est!,2,6,Lv. 6
Alea jacta est!,3,8.8,Lv. 8.8
Alea jacta est!,4,11.5,Lv. 11.5
Alea jacta est!,5,13.5,Lv. 13.5
Alea jacta est!,6,13.9,Lv. 13.9
amanojaku,1,3,Lv. 3
amanojaku,2,5,Lv. 5
amanojaku,3,7.6,Lv. 7.6
amanojaku,4,9.3,Lv. 9.3
amanojaku,5,11.7,Lv. 11.7
Amanojaku Reverse (feat. ｙｔｒ),1,2,Lv. 2
Amanojaku Reverse (feat. ｙｔｒ),2,4,Lv. 4
Amanojaku Reverse (feat. ｙｔｒ),3,7.2,Lv. 7.2
Amanojaku Reverse (feat. ｙｔｒ),4,9.8,Lv. 9.8
Amanojaku Reverse (feat. ｙｔｒ),5,12.6,Lv. 12.6
AMAZING MIGHTYYYY!!!!,1,4,Lv. 4
AMAZING MIGHTYYYY!!!!,2,6,Lv. 6
AMAZING MIGHTYYYY!!!!,3,9,Lv. 9
AMAZING MIGHTYYYY!!!!,4,12,Lv. 12
AMAZING MIGHTYYYY!!!!,5,13.6,Lv. 13.6
AMAZING MIGHTYYYY!!!!,6,13.5,Lv. 13.5
Amenohoakari,1,3,Lv. 3
Amenohoakari,2,5,Lv. 5
Amenohoakari,3,8.9,Lv. 8.9
Amenohoakari,4,11.3,Lv. 11.3
Amenohoakari,5,12.9,Lv. 12.9
Angels with Burning Hearts,1,2,Lv. 2
Angels with Burning Hearts,2,4,Lv. 4
Angels with Burning Hearts,3,7.6,Lv. 7.6
Angels with Burning Hearts,4,9.5,Lv. 9.5
Angels with Burning Hearts,5,10.4,Lv. 10.4
Angels with Burning Hearts,6,12.7,Lv. 12.7
Anticyclone Cat Rock,1,3,Lv. 3
Anticyclone Cat Rock,2,5,Lv. 5
Anticyclone Cat Rock,3,8,Lv. 8
Anticyclone Cat Rock,4,9.8,Lv. 9.8
Anticyclone Cat Rock,5,12.3,Lv. 12.3
Argent Symmetry,1,2,Lv. 2
Argent Symmetry,2,4,Lv. 4
Argent Symmetry,3,6.4,Lv. 6.4
Argent Symmetry,4,9.4,Lv. 9.4
Argent Symmetry,5,12.1,Lv. 12.1
Arifureta sekai seifuku,1,2,Lv. 2
Arifureta sekai seifuku,2,4,Lv. 4
Arifureta sekai seifuku,3,6.8,Lv. 6.8
Arifureta sekai seifuku,4,8.4,Lv. 8.4
Arifureta sekai seifuku,5,12,Lv. 12
ARROW,1,2,Lv. 2
ARROW,2,4,Lv. 4
ARROW,3,6.8,Lv. 6.8
ARROW,4,10.2,Lv. 10.2
ARROW,5,12.3,Lv. 12.3
Audience wo wakasu teido no nouryoku feat.Tights-on,1,2,Lv. 2
Audience wo wakasu teido no nouryoku feat.Tights-on,2,4,Lv. 4
Audience wo wakasu teido no nouryoku feat.Tights-on,3,7.2,Lv. 7.2
Audience wo wakasu teido no nouryoku feat.Tights-on,4,9,Lv. 9
Audience wo wakasu teido no nouryoku feat.Tights-on,5,12,Lv. 12
Axeria,1,4,Lv. 4
Axeria,2,6,Lv. 6
Axeria,3,7.8,Lv. 7.8
Axeria,4,10.8,Lv. 10.8
Axeria,5,13.4,Lv. 13.4
B.M.S.,1,3,Lv. 3
B.M.S.,2,5,Lv. 5
B.M.S.,3,8,Lv. 8
B.M.S.,4,11,Lv. 11
B.M.S.,5,13,Lv. 13
Back 2 Back,1,3,Lv. 3
Back 2 Back,2,5,Lv. 5
Back 2 Back,3,7,Lv. 7
Back 2 Back,4,9.3,Lv. 9.3
Back 2 Back,5,12.5,Lv. 12.5
Bad Apple!! feat nomico,1,2,Lv. 2
Bad Apple!! feat nomico,2,4,Lv. 4
Bad Apple!! feat nomico,3,6,Lv. 6
Bad Apple!! feat nomico,4,8.9,Lv. 8.9
Bad Apple!! feat nomico,5,10.9,Lv. 10.9
Bad Apple!! feat nomico,6,12.3,Lv. 12.3
BAD・DANCE・HALL,1,2,Lv. 2
BAD・DANCE・HALL,2,4,Lv. 4
BAD・DANCE・HALL,3,6.7,Lv. 6.7
BAD・DANCE・HALL,4,9.8,Lv. 9.8
BAD・DANCE・HALL,5,12,Lv. 12
Bang Babang Bang!!!,1,2,Lv. 2
Bang Babang Bang!!!,2,5,Lv. 5
Bang Babang Bang!!!,3,7.7,Lv. 7.7
Bang Babang Bang!!!,4,9.8,Lv. 9.8
Bang Babang Bang!!!,5,12,Lv. 12
Beat Of Mind,1,4,Lv. 4
Beat Of Mind,2,6,Lv. 6
Beat Of Mind,3,8.5,Lv. 8.5
Beat Of Mind,4,10.5,Lv. 10.5
Beat Of Mind,5,10.5,Lv. 10.5
Beat Of Mind,6,13.5,Lv. 13.5
Believe the Rainbow,1,2,Lv. 2
Believe the Rainbow,2,4,Lv. 4
Believe the Rainbow,3,7.8,Lv. 7.8
Believe the Rainbow,4,8.8,Lv. 8.8
Believe the Rainbow,5,12,Lv. 12
Blew Moon,1,2,Lv. 2
Blew Moon,2,4,Lv. 4
Blew Moon,3,8.4,Lv. 8.4
Blew Moon,4,10.3,Lv. 10.3
Blew Moon,5,11.9,Lv. 11.9
Blew Moon,6,11.7,Lv. 11.7
Brain Power,1,3,Lv. 3
Brain Power,2,5,Lv. 5
Brain Power,3,7.9,Lv. 7.9
Brain Power,4,10.2,Lv. 10.2
Brain Power,5,12.6,Lv. 12.6
Brionac of Steel-flash,1,4,Lv. 4
Brionac of Steel-flash,2,6,Lv. 6
Brionac of Steel-flash,3,8,Lv. 8
Brionac of Steel-flash,4,10,Lv. 10
Brionac of Steel-flash,5,12.7,Lv. 12.7
BURIKI NO DANCE,1,3,Lv. 3
BURIKI NO DANCE,2,5,Lv. 5
BURIKI NO DANCE,3,7,Lv. 7
BURIKI NO DANCE,4,9.4,Lv. 9.4
BURIKI NO DANCE,5,11.1,Lv. 11.1
BURIKI NO DANCE,6,12.5,Lv. 12.5
Butterfly on your Right Shoulder,1,2,Lv. 2
Butterfly on your Right Shoulder,2,4,Lv. 4
Butterfly on your Right Shoulder,3,6.5,Lv. 6.5
Butterfly on your Right Shoulder,4,9.8,Lv. 9.8
Butterfly on your Right Shoulder,5,12.4,Lv. 12.4
Calamity Fortune,1,3,Lv. 3
Calamity Fortune,2,6,Lv. 6
Calamity Fortune,3,8.5,Lv. 8.5
Calamity Fortune,4,11,Lv. 11
Calamity Fortune,5,13.2,Lv. 13.2
Caliburne ～Story of the Legendary sword～,1,4,Lv. 4
Caliburne ～Story of the Legendary sword～,2,6,Lv. 6
Caliburne ～Story of the Legendary sword～,3,8.6,Lv. 8.6
Caliburne ～Story of the Legendary sword～,4,11,Lv. 11
Caliburne ～Story of the Legendary sword～,5,13.2,Lv. 13.2
caramelldansen,1,3,Lv. 3
caramelldansen,2,5,Lv. 5
caramelldansen,3,7.5,Lv. 7.5
caramelldansen,4,8,Lv. 8
caramelldansen,5,11.7,Lv. 11.7
Change Our MIRAI！,1,3,Lv. 3
Change Our MIRAI！,2,4,Lv. 4
Change Our MIRAI！,3,7.2,Lv. 7.2
Change Our MIRAI！,4,9.5,Lv. 9.5
Change Our MIRAI！,5,11.7,Lv. 11.7
Charles,1,2,Lv. 2
Charles,2,4,Lv. 4
Charles,3,6.2,Lv. 6.2
Charles,4,8.5,Lv. 8.5
Charles,5,11.7,Lv. 11.7
Cirno's Perfect Math Class,1,2,Lv. 2
Cirno's Perfect Math Class,2,4,Lv. 4
Cirno's Perfect Math Class,3,6.4,Lv. 6.4
Cirno's Perfect Math Class,4,8.8,Lv. 8.8
Cirno's Perfect Math Class,5,11.7,Lv. 11.7
CITRUS MONSTER,1,3,Lv. 3
CITRUS MONSTER,2,6,Lv. 6
CITRUS MONSTER,3,8.5,Lv. 8.5
CITRUS MONSTER,4,10.8,Lv. 10.8
CITRUS MONSTER,5,13.4,Lv. 13.4
Close and Open Demons and the Dead,1,2,Lv. 2
Close and Open Demons and the Dead,2,4,Lv. 4
Close and Open Demons and the Dead,3,7,Lv. 7
Close and Open Demons and the Dead,4,9.5,Lv. 9.5
Close and Open Demons and the Dead,5,11,Lv. 11
Close and Open Demons and the Dead,6,12.3,Lv. 12.3
Clover♣Club,1,2,Lv. 2
Clover♣Club,2,4,Lv. 4
Clover♣Club,3,6.2,Lv. 6.2
Clover♣Club,4,8.1,Lv. 8.1
Clover♣Club,5,12,Lv. 12
Colorful × Melody,1,2,Lv. 2
Colorful × Melody,2,5,Lv. 5
Colorful × Melody,3,7.2,Lv. 7.2
Colorful × Melody,4,9.8,Lv. 9.8
Colorful × Melody,5,11.7,Lv. 11.7
connect,1,2,Lv. 2
connect,2,5,Lv. 5
connect,3,7.3,Lv. 7.3
connect,4,7.8,Lv. 7.8
connect,5,10.8,Lv. 10.8
Conquista Ciela,1,2,Lv. 2
Conquista Ciela,2,4,Lv. 4
Conquista Ciela,3,6.8,Lv. 6.8
Conquista Ciela,4,8.5,Lv. 8.5
Conquista Ciela,5,11.7,Lv. 11.7
Contrapasso -paradiso-,1,4,Lv. 4
Contrapasso -paradiso-,2,6,Lv. 6
Contrapasso -paradiso-,3,8.7,Lv. 8.7
Contrapasso -paradiso-,4,11.5,Lv. 11.5
Contrapasso -paradiso-,5,13.4,Lv. 13.4
Crazy Crazy Dancers,1,2,Lv. 2
Crazy Crazy Dancers,2,4,Lv. 4
Crazy Crazy Dancers,3,7.5,Lv. 7.5
Crazy Crazy Dancers,4,9.2,Lv. 9.2
Crazy Crazy Dancers,5,10.8,Lv. 10.8
Crazy Crazy Dancers,6,12.7,Lv. 12.7
Crush On You,1,2,Lv. 2
Crush On You,2,4,Lv. 4
Crush On You,3,6.8,Lv. 6.8
Crush On You,4,8,Lv. 8
Crush On You,5,10,Lv. 10
Crush On You,6,12.9,Lv. 12.9
CYBER Sparks,1,3,Lv. 3
CYBER Sparks,2,5,Lv. 5
CYBER Sparks,3,7,Lv. 7
CYBER Sparks,4,10,Lv. 10
CYBER Sparks,5,10.9,Lv. 10.9
CYBER Sparks,6,12.8,Lv. 12.8
CYCLES,1,2,Lv. 2
CYCLES,2,5,Lv. 5
CYCLES,3,7.2,Lv. 7.2
CYCLES,4,9.2,Lv. 9.2
CYCLES,5,12.6,Lv. 12.6
D✪N’T ST✪P R✪CKIN’,1,3,Lv. 3
D✪N’T ST✪P R✪CKIN’,2,5,Lv. 5
D✪N’T ST✪P R✪CKIN’,3,7.3,Lv. 7.3
D✪N’T ST✪P R✪CKIN’,4,10.2,Lv. 10.2
D✪N’T ST✪P R✪CKIN’,5,12.7,Lv. 12.7
DADDY MULK -Groove remix-,1,2,Lv. 2
DADDY MULK -Groove remix-,2,4,Lv. 4
DADDY MULK -Groove remix-,3,6.7,Lv. 6.7
DADDY MULK -Groove remix-,4,10.3,Lv. 10.3
DADDY MULK -Groove remix-,5,12.5,Lv. 12.5
Dance Robot Dance,1,3,Lv. 3
Dance Robot Dance,2,5,Lv. 5
Dance Robot Dance,3,7.2,Lv. 7.2
Dance Robot Dance,4,9.8,Lv. 9.8
Dance Robot Dance,5,12,Lv. 12
Danza zandA,1,2,Lv. 2
Danza zandA,2,4,Lv. 4
Danza zandA,3,7,Lv. 7
Danza zandA,4,9.2,Lv. 9.2
Danza zandA,5,12,Lv. 12
Danza zandA,6,12,Lv. 12
DEAD RED GIRLS,1,2,Lv. 2
DEAD RED GIRLS,2,4,Lv. 4
DEAD RED GIRLS,3,7.8,Lv. 7.8
DEAD RED GIRLS,4,9.2,Lv. 9.2
DEAD RED GIRLS,5,12.7,Lv. 12.7
Dear Doppelganger,1,3,Lv. 3
Dear Doppelganger,2,5,Lv. 5
Dear Doppelganger,3,7.7,Lv. 7.7
Dear Doppelganger,4,10.5,Lv. 10.5
Dear Doppelganger,5,12.6,Lv. 12.6
Death Scythe,1,2,Lv. 2
Death Scythe,2,5,Lv. 5
Death Scythe,3,7.8,Lv. 7.8
Death Scythe,4,10.3,Lv. 10.3
Death Scythe,5,12.4,Lv. 12.4
Deep in Abyss,1,1,Lv. 1
Deep in Abyss,2,4,Lv. 4
Deep in Abyss,3,6,Lv. 6
Deep in Abyss,4,8.7,Lv. 8.7
Deep in Abyss,5,11.7,Lv. 11.7
Deep-Sea Girl,1,2,Lv. 2
Deep-Sea Girl,2,4,Lv. 4
Deep-Sea Girl,3,6.5,Lv. 6.5
Deep-Sea Girl,4,8.5,Lv. 8.5
Deep-Sea Girl,5,11.7,Lv. 11.7
Delusion Tax,1,2,Lv. 2
Delusion Tax,2,4,Lv. 4
Delusion Tax,3,6.5,Lv. 6.5
Delusion Tax,4,9,Lv. 9
Delusion Tax,5,10.3,Lv. 10.3
DETARAME ROCK&ROLL THEORY,1,3,Lv. 3
DETARAME ROCK&ROLL THEORY,2,4,Lv. 4
DETARAME ROCK&ROLL THEORY,3,7.6,Lv. 7.6
DETARAME ROCK&ROLL THEORY,4,9.5,Lv. 9.5
DETARAME ROCK&ROLL THEORY,5,12.2,Lv. 12.2
DOKIDOKI DREAM!!!,1,3,Lv. 3
DOKIDOKI DREAM!!!,2,5,Lv. 5
DOKIDOKI DREAM!!!,3,7.9,Lv. 7.9
DOKIDOKI DREAM!!!,4,9.9,Lv. 9.9
DOKIDOKI DREAM!!!,5,11.8,Lv. 11.8
Doll Judgment,1,3,Lv. 3
Doll Judgment,2,4,Lv. 4
Doll Judgment,3,7.8,Lv. 7.8
Doll Judgment,4,10.4,Lv. 10.4
Doll Judgment,5,12.5,Lv. 12.5
DONUT HOLE,1,3,Lv. 3
DONUT HOLE,2,5,Lv. 5
DONUT HOLE,3,6.8,Lv. 6.8
DONUT HOLE,4,10.4,Lv. 10.4
DONUT HOLE,5,12.7,Lv. 12.7
DRAGONLADY,1,2,Lv. 2
DRAGONLADY,2,5,Lv. 5
DRAGONLADY,3,7.6,Lv. 7.6
DRAGONLADY,4,11.4,Lv. 11.4
DRAGONLADY,5,12.8,Lv. 12.8
Dragoon,1,3,Lv. 3
Dragoon,2,5,Lv. 5
Dragoon,3,7.8,Lv. 7.8
Dragoon,4,9.4,Lv. 9.4
Dragoon,5,12.3,Lv. 12.3
DUNE feat. Hatsune Miku,1,2,Lv. 2
DUNE feat. Hatsune Miku,2,4,Lv. 4
DUNE feat. Hatsune Miku,3,6.8,Lv. 6.8
DUNE feat. Hatsune Miku,4,9,Lv. 9
DUNE feat. Hatsune Miku,5,12.3,Lv. 12.3
ECHO,1,2,Lv. 2
ECHO,2,4,Lv. 4
ECHO,3,6.8,Lv. 6.8
ECHO,4,9.7,Lv. 9.7
ECHO,5,12.5,Lv. 12.5
Electric Angel,1,2,Lv. 2
Electric Angel,2,4,Lv. 4
Electric Angel,3,7.2,Lv. 7.2
Electric Angel,4,8.8,Lv. 8.8
Electric Angel,5,10.9,Lv. 10.9
End Mark ni Kibou to Namida wo soete,1,4,Lv. 4
End Mark ni Kibou to Namida wo soete,2,6,Lv. 6
End Mark ni Kibou to Namida wo soete,3,8.8,Lv. 8.8
End Mark ni Kibou to Namida wo soete,4,11.1,Lv. 11.1
End Mark ni Kibou to Namida wo soete,5,13.3,Lv. 13.3
End Time,1,3,Lv. 3
End Time,2,6,Lv. 6
End Time,3,8.5,Lv. 8.5
End Time,4,11.4,Lv. 11.4
End Time,5,13.7,Lv. 13.7
ENERGY SYNERGY MATRIX,1,2,Lv. 2
ENERGY SYNERGY MATRIX,2,5,Lv. 5
ENERGY SYNERGY MATRIX,3,7,Lv. 7
ENERGY SYNERGY MATRIX,4,10.9,Lv. 10.9
ENERGY SYNERGY MATRIX,5,12.7,Lv. 12.7
ENJOY POLIS,1,2,Lv. 2
ENJOY POLIS,2,5,Lv. 5
ENJOY POLIS,3,7.4,Lv. 7.4
ENJOY POLIS,4,9,Lv. 9
ENJOY POLIS,5,11.7,Lv. 11.7
Epikouros no niji wa mou mienai,1,2,Lv. 2
Epikouros no niji wa mou mienai,2,4,Lv. 4
Epikouros no niji wa mou mienai,3,6.6,Lv. 6.6
Epikouros no niji wa mou mienai,4,8.4,Lv. 8.4
Epikouros no niji wa mou mienai,5,10.6,Lv. 10.6
Epikouros no niji wa mou mienai,6,11.9,Lv. 11.9
EVERGREEN,1,2,Lv. 2
EVERGREEN,2,4,Lv. 4
EVERGREEN,3,7,Lv. 7
EVERGREEN,4,10.5,Lv. 10.5
EVERGREEN,5,12,Lv. 12
Excalibur ～Revived resolution～,1,4,Lv. 4
Excalibur ～Revived resolution～,2,6,Lv. 6
Excalibur ～Revived resolution～,3,9.5,Lv. 9.5
Excalibur ～Revived resolution～,4,11.5,Lv. 11.5
Excalibur ～Revived resolution～,5,13.8,Lv. 13.8
fake!fake!,1,2,Lv. 2
fake!fake!,2,4,Lv. 4
fake!fake!,3,7,Lv. 7
fake!fake!,4,8.7,Lv. 8.7
fake!fake!,5,11.7,Lv. 11.7
FFT,1,4,Lv. 4
FFT,2,6,Lv. 6
FFT,3,8.7,Lv. 8.7
FFT,4,11.6,Lv. 11.6
FFT,5,13.5,Lv. 13.5
FFT,6,13.9,Lv. 13.9
Fist Bump,1,3,Lv. 3
Fist Bump,2,5,Lv. 5
Fist Bump,3,7.7,Lv. 7.7
Fist Bump,4,9.8,Lv. 9.8
Fist Bump,5,12,Lv. 12
Fixer,1,2,Lv. 2
Fixer,2,4,Lv. 4
Fixer,3,6.8,Lv. 6.8
Fixer,4,8.8,Lv. 8.8
Fixer,5,12.4,Lv. 12.4
FLOWER,1,3,Lv. 3
FLOWER,2,5,Lv. 5
FLOWER,3,7.5,Lv. 7.5
FLOWER,4,10.3,Lv. 10.3
FLOWER,5,12.8,Lv. 12.8
"Flower, snow and Drum'n'bass.",1,2,Lv. 2
"Flower, snow and Drum'n'bass.",2,6,Lv. 6
"Flower, snow and Drum'n'bass.",3,8,Lv. 8
"Flower, snow and Drum'n'bass.",4,11.3,Lv. 11.3
"Flower, snow and Drum'n'bass.",5,13.5,Lv. 13.5
"Flower, snow and Drum'n'bass.",6,12.9,Lv. 12.9
Four-Dimensional Warp Device,1,2,Lv. 2
Four-Dimensional Warp Device,2,4,Lv. 4
Four-Dimensional Warp Device,3,6.2,Lv. 6.2
Four-Dimensional Warp Device,4,9.2,Lv. 9.2
Four-Dimensional Warp Device,5,12,Lv. 12
FREEDOM DiVE (tpz Overcute Remix),1,4,Lv. 4
FREEDOM DiVE (tpz Overcute Remix),2,6,Lv. 6
FREEDOM DiVE (tpz Overcute Remix),3,8.7,Lv. 8.7
FREEDOM DiVE (tpz Overcute Remix),4,10.8,Lv. 10.8
FREEDOM DiVE (tpz Overcute Remix),5,13.4,Lv. 13.4
Fusigi-no-kuni no Christmas,1,2,Lv. 2
Fusigi-no-kuni no Christmas,2,4,Lv. 4
Fusigi-no-kuni no Christmas,3,5.8,Lv. 5.8
Fusigi-no-kuni no Christmas,4,8.5,Lv. 8.5
Fusigi-no-kuni no Christmas,5,11.8,Lv. 11.8
Gacha Gacha Cute Figu@mate,1,3,Lv. 3
Gacha Gacha Cute Figu@mate,2,5,Lv. 5
Gacha Gacha Cute Figu@mate,3,7,Lv. 7
Gacha Gacha Cute Figu@mate,4,9.8,Lv. 9.8
Gacha Gacha Cute Figu@mate,5,11.8,Lv. 11.8
Garakuta Doll Play,1,4,Lv. 4
Garakuta Doll Play,2,6,Lv. 6
Garakuta Doll Play,3,8.2,Lv. 8.2
Garakuta Doll Play,4,11,Lv. 11
Garakuta Doll Play,5,13.1,Lv. 13.1
Garakuta Doll Play,6,13.7,Lv. 13.7
gensounosateraito,1,2,Lv. 2
gensounosateraito,2,4,Lv. 4
gensounosateraito,3,7.3,Lv. 7.3
gensounosateraito,4,9.7,Lv. 9.7
gensounosateraito,5,12.9,Lv. 12.9
Get Happy,1,3,Lv. 3
Get Happy,2,5,Lv. 5
Get Happy,3,7,Lv. 7
Get Happy,4,10.8,Lv. 10.8
Get Happy,5,12.3,Lv. 12.3
Getting Faster and Faster,1,2,Lv. 2
Getting Faster and Faster,2,4,Lv. 4
Getting Faster and Faster,3,7.5,Lv. 7.5
Getting Faster and Faster,4,8.8,Lv. 8.8
Getting Faster and Faster,5,10.9,Lv. 10.9
Getting Faster and Faster,6,11.2,Lv. 11.2
Glorious Crown,1,4,Lv. 4
Glorious Crown,2,6,Lv. 6
Glorious Crown,3,9.7,Lv. 9.7
Glorious Crown,4,11.3,Lv. 11.3
Glorious Crown,5,13.7,Lv. 13.7
GO BACK 2 YOUR RAVE,1,3,Lv. 3
GO BACK 2 YOUR RAVE,2,5,Lv. 5
GO BACK 2 YOUR RAVE,3,7.7,Lv. 7.7
GO BACK 2 YOUR RAVE,4,10.5,Lv. 10.5
GO BACK 2 YOUR RAVE,5,12.9,Lv. 12.9
GoldenHolyNightRottingintotheFrostandSnow,1,3,Lv. 3
GoldenHolyNightRottingintotheFrostandSnow,2,5,Lv. 5
GoldenHolyNightRottingintotheFrostandSnow,3,7.8,Lv. 7.8
GoldenHolyNightRottingintotheFrostandSnow,4,9.8,Lv. 9.8
GoldenHolyNightRottingintotheFrostandSnow,5,11.9,Lv. 11.9
"Good Bye, Mr. Jack",1,3,Lv. 3
"Good Bye, Mr. Jack",2,5,Lv. 5
"Good Bye, Mr. Jack",3,8.2,Lv. 8.2
"Good Bye, Mr. Jack",4,11.5,Lv. 11.5
"Good Bye, Mr. Jack",5,12.9,Lv. 12.9
Grumpy Waltz,1,3,Lv. 3
Grumpy Waltz,2,5,Lv. 5
Grumpy Waltz,3,7,Lv. 7
Grumpy Waltz,4,8.8,Lv. 8.8
Grumpy Waltz,5,12.1,Lv. 12.1
Guren no Yumiya,1,1,Lv. 1
Guren no Yumiya,2,4,Lv. 4
Guren no Yumiya,3,7.8,Lv. 7.8
Guren no Yumiya,4,9,Lv. 9
Guren no Yumiya,5,11.1,Lv. 11.1
Hand in Hand,1,2,Lv. 2
Hand in Hand,2,4,Lv. 4
Hand in Hand,3,6,Lv. 6
Hand in Hand,4,8.9,Lv. 8.9
Hand in Hand,5,11.2,Lv. 11.2
Helix of Garatia,1,3,Lv. 3
Helix of Garatia,2,6,Lv. 6
Helix of Garatia,3,8,Lv. 8
Helix of Garatia,4,11,Lv. 11
Helix of Garatia,5,13.5,Lv. 13.5
Helix of Garatia,6,13.7,Lv. 13.7
HERA,1,4,Lv. 4
HERA,2,6,Lv. 6
HERA,3,8.5,Lv. 8.5
HERA,4,10.8,Lv. 10.8
HERA,5,13.2,Lv. 13.2
HIBANA,1,3,Lv. 3
HIBANA,2,4,Lv. 4
HIBANA,3,7.4,Lv. 7.4
HIBANA,4,9.7,Lv. 9.7
HIBANA,5,10.8,Lv. 10.8
HIBANA,6,11.8,Lv. 11.8
Hibikase,1,2,Lv. 2
Hibikase,2,4,Lv. 4
Hibikase,3,7,Lv. 7
Hibikase,4,9.8,Lv. 9.8
Hibikase,5,12.1,Lv. 12.1
hiiro no dance,1,2,Lv. 2
hiiro no dance,2,4,Lv. 4
hiiro no dance,3,6.8,Lv. 6.8
hiiro no dance,4,9,Lv. 9
hiiro no dance,5,11.9,Lv. 11.9
hiiro no dance,6,12.6,Lv. 12.6
HIMITSU SPARK,1,2,Lv. 2
HIMITSU SPARK,2,4,Lv. 4
HIMITSU SPARK,3,6.8,Lv. 6.8
HIMITSU SPARK,4,8.7,Lv. 8.7
HIMITSU SPARK,5,11.7,Lv. 11.7
Houkago Stride,1,2,Lv. 2
Houkago Stride,2,4,Lv. 4
Houkago Stride,3,7.6,Lv. 7.6
Houkago Stride,4,9.1,Lv. 9.1
Houkago Stride,5,11.8,Lv. 11.8
How to be maimai sinken master!,1,3,Lv. 3
How to be maimai sinken master!,2,5,Lv. 5
How to be maimai sinken master!,3,7.8,Lv. 7.8
How to be maimai sinken master!,4,9.7,Lv. 9.7
How to be maimai sinken master!,5,12.2,Lv. 12.2
Hyper Active,1,4,Lv. 4
Hyper Active,2,6,Lv. 6
Hyper Active,3,8.3,Lv. 8.3
Hyper Active,4,11,Lv. 11
Hyper Active,5,12.9,Lv. 12.9
I must transform to Magical-girl,1,3,Lv. 3
I must transform to Magical-girl,2,5,Lv. 5
I must transform to Magical-girl,3,8,Lv. 8
I must transform to Magical-girl,4,10.8,Lv. 10.8
I must transform to Magical-girl,5,12.9,Lv. 12.9
I wanna be it!,1,3,Lv. 3
I wanna be it!,2,5,Lv. 5
I wanna be it!,3,7.2,Lv. 7.2
I wanna be it!,4,9.2,Lv. 9.2
I wanna be it!,5,10.8,Lv. 10.8
I wanna be it!,6,12.1,Lv. 12.1
Ievan Polkka,1,1,Lv. 1
Ievan Polkka,2,3,Lv. 3
Ievan Polkka,3,6.8,Lv. 6.8
Ievan Polkka,4,10.7,Lv. 10.7
Ievan Polkka,5,12.5,Lv. 12.5
Ikazuchi,1,4,Lv. 4
Ikazuchi,2,6,Lv. 6
Ikazuchi,3,8.8,Lv. 8.8
Ikazuchi,4,11.8,Lv. 11.8
Ikazuchi,5,13.6,Lv. 13.6
IKUSHION-Ixion-,1,3,Lv. 3
IKUSHION-Ixion-,2,5,Lv. 5
IKUSHION-Ixion-,3,7.8,Lv. 7.8
IKUSHION-Ixion-,4,9.2,Lv. 9.2
IKUSHION-Ixion-,5,11.7,Lv. 11.7
Imagined Mirage,1,3,Lv. 3
Imagined Mirage,2,5,Lv. 5
Imagined Mirage,3,7,Lv. 7
Imagined Mirage,4,9.5,Lv. 9.5
Imagined Mirage,5,12.4,Lv. 12.4
Imperishable Night 2006 (2016 Refine),1,3,Lv. 3
Imperishable Night 2006 (2016 Refine),2,5,Lv. 5
Imperishable Night 2006 (2016 Refine),3,7.8,Lv. 7.8
Imperishable Night 2006 (2016 Refine),4,10.5,Lv. 10.5
Imperishable Night 2006 (2016 Refine),5,12.7,Lv. 12.7
In Chaos,1,2,Lv. 2
In Chaos,2,5,Lv. 5
In Chaos,3,6.8,Lv. 6.8
In Chaos,4,8,Lv. 8
In Chaos,5,10.7,Lv. 10.7
In Chaos,6,13.7,Lv. 13.7
Infantoon Fantasy,1,3,Lv. 3
Infantoon Fantasy,2,5,Lv. 5
Infantoon Fantasy,3,7.8,Lv. 7.8
Infantoon Fantasy,4,9.3,Lv. 9.3
Infantoon Fantasy,5,12.5,Lv. 12.5
Invisible,1,3,Lv. 3
Invisible,2,5,Lv. 5
Invisible,3,7.2,Lv. 7.2
Invisible,4,9.8,Lv. 9.8
Invisible,5,10.9,Lv. 10.9
Invisible,6,12.7,Lv. 12.7
Inzen,1,3,Lv. 3
Inzen,2,5,Lv. 5
Inzen,3,7.8,Lv. 7.8
Inzen,4,9.8,Lv. 9.8
Inzen,5,11.1,Lv. 11.1
Inzen,6,12.4,Lv. 12.4
Iro Ha Nioedo Chirinuruwo,1,2,Lv. 2
Iro Ha Nioedo Chirinuruwo,2,3,Lv. 3
Iro Ha Nioedo Chirinuruwo,3,6.8,Lv. 6.8
Iro Ha Nioedo Chirinuruwo,4,8.2,Lv. 8.2
Iro Ha Nioedo Chirinuruwo,5,11.3,Lv. 11.3
Irotoridori no melody,1,2,Lv. 2
Irotoridori no melody,2,4,Lv. 4
Irotoridori no melody,3,6.5,Lv. 6.5
Irotoridori no melody,4,9.5,Lv. 9.5
Irotoridori no melody,5,11.7,Lv. 11.7
Jack-the-Ripper◆,1,3,Lv. 3
Jack-the-Ripper◆,2,5,Lv. 5
Jack-the-Ripper◆,3,8.2,Lv. 8.2
Jack-the-Ripper◆,4,10.4,Lv. 10.4
Jack-the-Ripper◆,5,12.9,Lv. 12.9
Jinglebell,1,2,Lv. 2
Jinglebell,2,5,Lv. 5
Jinglebell,3,7.1,Lv. 7.1
Jinglebell,4,9.5,Lv. 9.5
Jinglebell,5,13.1,Lv. 13.1
Jinglebell,6,13.1,Lv. 13.1
Jumble Rumble,1,3,Lv. 3
Jumble Rumble,2,5,Lv. 5
Jumble Rumble,3,8,Lv. 8
Jumble Rumble,4,10.8,Lv. 10.8
Jumble Rumble,5,12.8,Lv. 12.8
Just Be Friends,1,1,Lv. 1
Just Be Friends,2,4,Lv. 4
Just Be Friends,3,7,Lv. 7
Just Be Friends,4,9,Lv. 9
Just Be Friends,5,11.7,Lv. 11.7
Kagerou Days,1,2,Lv. 2
Kagerou Days,2,4,Lv. 4
Kagerou Days,3,6.2,Lv. 6.2
Kagerou Days,4,9.8,Lv. 9.8
Kagerou Days,5,11.2,Lv. 11.2
Kagerou Days,6,13,Lv. 13
kakoinakiyohaichigonotsukikage,1,2,Lv. 2
kakoinakiyohaichigonotsukikage,2,5,Lv. 5
kakoinakiyohaichigonotsukikage,3,7.2,Lv. 7.2
kakoinakiyohaichigonotsukikage,4,9.1,Lv. 9.1
kakoinakiyohaichigonotsukikage,5,11.2,Lv. 11.2
KAKUSHINTEKI METAMARUFOOZE,1,2,Lv. 2
KAKUSHINTEKI METAMARUFOOZE,2,4,Lv. 4
KAKUSHINTEKI METAMARUFOOZE,3,6.8,Lv. 6.8
KAKUSHINTEKI METAMARUFOOZE,4,8.3,Lv. 8.3
KAKUSHINTEKI METAMARUFOOZE,5,11,Lv. 11
KAKUSHINTEKI METAMARUFOOZE,6,12,Lv. 12
Kanbu de Tomatte Sugu Tokeru,1,2,Lv. 2
Kanbu de Tomatte Sugu Tokeru,2,4,Lv. 4
Kanbu de Tomatte Sugu Tokeru,3,7.2,Lv. 7.2
Kanbu de Tomatte Sugu Tokeru,4,9,Lv. 9
Kanbu de Tomatte Sugu Tokeru,5,12.7,Lv. 12.7
Kanbu de Tomatte Sugu Tokeru,6,13,Lv. 13
keep hopping,1,3,Lv. 3
keep hopping,2,5,Lv. 5
keep hopping,3,7.8,Lv. 7.8
keep hopping,4,10.8,Lv. 10.8
keep hopping,5,12.9,Lv. 12.9
Kiborinamazu to Migikatazonbi,1,2,Lv. 2
Kiborinamazu to Migikatazonbi,2,5,Lv. 5
Kiborinamazu to Migikatazonbi,3,7.3,Lv. 7.3
Kiborinamazu to Migikatazonbi,4,9.3,Lv. 9.3
Kiborinamazu to Migikatazonbi,5,12.4,Lv. 12.4
Kinda Way,1,3,Lv. 3
Kinda Way,2,4,Lv. 4
Kinda Way,3,7.8,Lv. 7.8
Kinda Way,4,10,Lv. 10
Kinda Way,5,12,Lv. 12
KING is BACK!!,1,3,Lv. 3
KING is BACK!!,2,5,Lv. 5
KING is BACK!!,3,8,Lv. 8
KING is BACK!!,4,10.4,Lv. 10.4
KING is BACK!!,5,12.8,Lv. 12.8
Kirin,1,4,Lv. 4
Kirin,2,6,Lv. 6
Kirin,3,8.7,Lv. 8.7
Kirin,4,11.2,Lv. 11.2
Kirin,5,13.2,Lv. 13.2
KISS CANDY FLAVOR,1,2,Lv. 2
KISS CANDY FLAVOR,2,4,Lv. 4
KISS CANDY FLAVOR,3,7.5,Lv. 7.5
KISS CANDY FLAVOR,4,9.7,Lv. 9.7
KISS CANDY FLAVOR,5,12.1,Lv. 12.1
KOKORO,1,1,Lv. 1
KOKORO,2,4,Lv. 4
KOKORO,3,6.5,Lv. 6.5
KOKORO,4,8.5,Lv. 8.5
KOKORO,5,10.9,Lv. 10.9
Kono Piano de Omae o 8759632145kai Bunnaguru,1,3,Lv. 3
Kono Piano de Omae o 8759632145kai Bunnaguru,2,5,Lv. 5
Kono Piano de Omae o 8759632145kai Bunnaguru,3,7.5,Lv. 7.5
Kono Piano de Omae o 8759632145kai Bunnaguru,4,9.7,Lv. 9.7
Kono Piano de Omae o 8759632145kai Bunnaguru,5,12.2,Lv. 12.2
KYOKUKEN,1,3,Lv. 3
KYOKUKEN,2,6,Lv. 6
KYOKUKEN,3,8.7,Lv. 8.7
KYOKUKEN,4,11.5,Lv. 11.5
KYOKUKEN,5,13,Lv. 13
Kyouen,1,2,Lv. 2
Kyouen,2,4,Lv. 4
Kyouen,3,6,Lv. 6
Kyouen,4,8,Lv. 8
Kyouen,5,11.6,Lv. 11.6
L4TS:2018 (feat. Ah1ru &KTA),1,2,Lv. 2
L4TS:2018 (feat. Ah1ru &KTA),2,4,Lv. 4
L4TS:2018 (feat. Ah1ru &KTA),3,7,Lv. 7
L4TS:2018 (feat. Ah1ru &KTA),4,10.4,Lv. 10.4
L4TS:2018 (feat. Ah1ru &KTA),5,12.5,Lv. 12.5
L9,1,4,Lv. 4
L9,2,6,Lv. 6
L9,3,7.5,Lv. 7.5
L9,4,9.4,Lv. 9.4
L9,5,12.5,Lv. 12.5
LANCE,1,3,Lv. 3
LANCE,2,5,Lv. 5
LANCE,3,7.9,Lv. 7.9
LANCE,4,9.7,Lv. 9.7
LANCE,5,12.6,Lv. 12.6
larva,1,4,Lv. 4
larva,2,6,Lv. 6
larva,3,8.5,Lv. 8.5
larva,4,11.6,Lv. 11.6
larva,5,13.7,Lv. 13.7
Last Brutal Sister Flandre S,1,3,Lv. 3
Last Brutal Sister Flandre S,2,4,Lv. 4
Last Brutal Sister Flandre S,3,7,Lv. 7
Last Brutal Sister Flandre S,4,9.8,Lv. 9.8
Last Brutal Sister Flandre S,5,10.9,Lv. 10.9
Last Brutal Sister Flandre S,6,12.7,Lv. 12.7
Let's Go Away,1,1,Lv. 1
Let's Go Away,2,4,Lv. 4
Let's Go Away,3,7,Lv. 7
Let's Go Away,4,9.4,Lv. 9.4
Let's Go Away,5,11.9,Lv. 11.9
Life Feels Good,1,3,Lv. 3
Life Feels Good,2,5,Lv. 5
Life Feels Good,3,8,Lv. 8
Life Feels Good,4,10.8,Lv. 10.8
Life Feels Good,5,12.4,Lv. 12.4
Like the Wind [Reborn],1,3,Lv. 3
Like the Wind [Reborn],2,5,Lv. 5
Like the Wind [Reborn],3,8.2,Lv. 8.2
Like the Wind [Reborn],4,9.7,Lv. 9.7
Like the Wind [Reborn],5,12.7,Lv. 12.7
Limit Break,1,2,Lv. 2
Limit Break,2,5,Lv. 5
Limit Break,3,7.5,Lv. 7.5
Limit Break,4,9.8,Lv. 9.8
Limit Break,5,12,Lv. 12
Lionheart,1,3,Lv. 3
Lionheart,2,6,Lv. 6
Lionheart,3,7.4,Lv. 7.4
Lionheart,4,9.8,Lv. 9.8
Lionheart,5,12.3,Lv. 12.3
Lividi,1,4,Lv. 4
Lividi,2,5,Lv. 5
Lividi,3,8.8,Lv. 8.8
Lividi,4,11,Lv. 11
Lividi,5,12.9,Lv. 12.9
Love Trial,1,2,Lv. 2
Love Trial,2,4,Lv. 4
Love Trial,3,6.3,Lv. 6.3
Love Trial,4,8.6,Lv. 8.6
Love Trial,5,10,Lv. 10
Love You,1,2,Lv. 2
Love You,2,5,Lv. 5
Love You,3,6,Lv. 6
Love You,4,8.3,Lv. 8.3
Love You,5,10.6,Lv. 10.6
Magical Flavor,1,2,Lv. 2
Magical Flavor,2,4,Lv. 4
Magical Flavor,3,7.5,Lv. 7.5
Magical Flavor,4,9,Lv. 9
Magical Flavor,5,12.2,Lv. 12.2
MagicalSoundShower,1,3,Lv. 3
MagicalSoundShower,2,5,Lv. 5
MagicalSoundShower,3,7.2,Lv. 7.2
MagicalSoundShower,4,9.5,Lv. 9.5
MagicalSoundShower,5,12.3,Lv. 12.3
Mare Maris,1,3,Lv. 3
Mare Maris,2,5,Lv. 5
Mare Maris,3,8.5,Lv. 8.5
Mare Maris,4,10.8,Lv. 10.8
Mare Maris,5,12.9,Lv. 12.9
Marisa Stole the Precious Thing,1,2,Lv. 2
Marisa Stole the Precious Thing,2,4,Lv. 4
Marisa Stole the Precious Thing,3,6.4,Lv. 6.4
Marisa Stole the Precious Thing,4,7.8,Lv. 7.8
Marisa Stole the Precious Thing,5,11.7,Lv. 11.7
METATRON,1,3,Lv. 3
METATRON,2,6,Lv. 6
METATRON,3,8,Lv. 8
METATRON,4,10.2,Lv. 10.2
METATRON,5,12.8,Lv. 12.8
Miracle Paint,1,3,Lv. 3
Miracle Paint,2,4,Lv. 4
Miracle Paint,3,6.4,Lv. 6.4
Miracle Paint,4,9.4,Lv. 9.4
Miracle Paint,5,12.4,Lv. 12.4
Miracle Shopping,1,2,Lv. 2
Miracle Shopping,2,4,Lv. 4
Miracle Shopping,3,6.2,Lv. 6.2
Miracle Shopping,4,9.2,Lv. 9.2
Miracle Shopping,5,11.5,Lv. 11.5
MIRROR of MAGIC,1,3,Lv. 3
MIRROR of MAGIC,2,4,Lv. 4
MIRROR of MAGIC,3,7,Lv. 7
MIRROR of MAGIC,4,9,Lv. 9
MIRROR of MAGIC,5,11.7,Lv. 11.7
MKDR,1,2,Lv. 2
MKDR,2,3,Lv. 3
MKDR,3,6.2,Lv. 6.2
MKDR,4,8.2,Lv. 8.2
MKDR,5,10.5,Lv. 10.5
MKDR,6,12.2,Lv. 12.2
Money Money,1,2,Lv. 2
Money Money,2,4,Lv. 4
Money Money,3,6.5,Lv. 6.5
Money Money,4,9.2,Lv. 9.2
Money Money,5,12,Lv. 12
Monochrome Rainbow,1,2,Lv. 2
Monochrome Rainbow,2,4,Lv. 4
Monochrome Rainbow,3,7.8,Lv. 7.8
Monochrome Rainbow,4,9.4,Lv. 9.4
Monochrome Rainbow,5,11,Lv. 11
Monosugoi Ikioide Ke-ne ga Sugoi Uta,1,2,Lv. 2
Monosugoi Ikioide Ke-ne ga Sugoi Uta,2,4,Lv. 4
Monosugoi Ikioide Ke-ne ga Sugoi Uta,3,6.5,Lv. 6.5
Monosugoi Ikioide Ke-ne ga Sugoi Uta,4,8.2,Lv. 8.2
Monosugoi Ikioide Ke-ne ga Sugoi Uta,5,11.6,Lv. 11.6
Moon of Noon,1,4,Lv. 4
Moon of Noon,2,6,Lv. 6
Moon of Noon,3,8.2,Lv. 8.2
Moon of Noon,4,11.2,Lv. 11.2
Moon of Noon,5,13.4,Lv. 13.4
MOU MINNA SHINEBA IINONI.,1,3,Lv. 3
MOU MINNA SHINEBA IINONI.,2,5,Lv. 5
MOU MINNA SHINEBA IINONI.,3,7.3,Lv. 7.3
MOU MINNA SHINEBA IINONI.,4,10.7,Lv. 10.7
MOU MINNA SHINEBA IINONI.,5,12.8,Lv. 12.8
Mr. Wonderland,1,3,Lv. 3
Mr. Wonderland,2,5,Lv. 5
Mr. Wonderland,3,6.5,Lv. 6.5
Mr. Wonderland,4,8.7,Lv. 8.7
Mr. Wonderland,5,12,Lv. 12
NE!KO!,1,2,Lv. 2
NE!KO!,2,4,Lv. 4
NE!KO!,3,7,Lv. 7
NE!KO!,4,9,Lv. 9
NE!KO!,5,11.8,Lv. 11.8
Necrofantasia～Arr.Demetori,1,3,Lv. 3
Necrofantasia～Arr.Demetori,2,4,Lv. 4
Necrofantasia～Arr.Demetori,3,7.5,Lv. 7.5
Necrofantasia～Arr.Demetori,4,10,Lv. 10
Necrofantasia～Arr.Demetori,5,12.5,Lv. 12.5
Neko Matsuri,1,3,Lv. 3
Neko Matsuri,2,4,Lv. 4
Neko Matsuri,3,7.7,Lv. 7.7
Neko Matsuri,4,10,Lv. 10
Neko Matsuri,5,12,Lv. 12
Night of Knights/Knight of Nights,1,2,Lv. 2
Night of Knights/Knight of Nights,2,4,Lv. 4
Night of Knights/Knight of Nights,3,7.2,Lv. 7.2
Night of Knights/Knight of Nights,4,10.2,Lv. 10.2
Night of Knights/Knight of Nights,5,11.7,Lv. 11.7
Night of Knights/Knight of Nights,6,13.3,Lv. 13.3
Nightmare Party Night,1,3,Lv. 3
Nightmare Party Night,2,4,Lv. 4
Nightmare Party Night,3,7.5,Lv. 7.5
Nightmare Party Night,4,9.5,Lv. 9.5
Nightmare Party Night,5,10.7,Lv. 10.7
Nightmare Party Night,6,11.8,Lv. 11.8
No Entry,1,3,Lv. 3
No Entry,2,4,Lv. 4
No Entry,3,6.8,Lv. 6.8
No Entry,4,9.8,Lv. 9.8
No Entry,5,10.8,Lv. 10.8
No Entry,6,12.7,Lv. 12.7
NOISYLOVEPOWER,1,2,Lv. 2
NOISYLOVEPOWER,2,4,Lv. 4
NOISYLOVEPOWER,3,6.2,Lv. 6.2
NOISYLOVEPOWER,4,9.7,Lv. 9.7
NOISYLOVEPOWER,5,10.8,Lv. 10.8
NOISYLOVEPOWER,6,12.1,Lv. 12.1
Nonsense Literature,1,2,Lv. 2
Nonsense Literature,2,4,Lv. 4
Nonsense Literature,3,7,Lv. 7
Nonsense Literature,4,9.9,Lv. 9.9
Nonsense Literature,5,12.5,Lv. 12.5
nou shou sakuretsu girl,1,3,Lv. 3
nou shou sakuretsu girl,2,4,Lv. 4
nou shou sakuretsu girl,3,6.3,Lv. 6.3
nou shou sakuretsu girl,4,11,Lv. 11
nou shou sakuretsu girl,5,12.8,Lv. 12.8
Nyan Cat EX,1,2,Lv. 2
Nyan Cat EX,2,4,Lv. 4
Nyan Cat EX,3,7.1,Lv. 7.1
Nyan Cat EX,4,9.8,Lv. 9.8
Nyan Cat EX,5,12.5,Lv. 12.5
Okinimesumama,1,2,Lv. 2
Okinimesumama,2,4,Lv. 4
Okinimesumama,3,7,Lv. 7
Okinimesumama,4,8.8,Lv. 8.8
Okinimesumama,5,10.5,Lv. 10.5
Okinimesumama,6,12,Lv. 12
Okocyama Sensou,1,2,Lv. 2
Okocyama Sensou,2,4,Lv. 4
Okocyama Sensou,3,6.5,Lv. 6.5
Okocyama Sensou,4,9.3,Lv. 9.3
Okocyama Sensou,5,12,Lv. 12
ONEgai Darlin',1,2,Lv. 2
ONEgai Darlin',2,4,Lv. 4
ONEgai Darlin',3,6.7,Lv. 6.7
ONEgai Darlin',4,9.7,Lv. 9.7
ONEgai Darlin',5,11.8,Lv. 11.8
only my railgun,1,2,Lv. 2
only my railgun,2,4,Lv. 4
only my railgun,3,6.2,Lv. 6.2
only my railgun,4,9,Lv. 9
only my railgun,5,10.7,Lv. 10.7
only my railgun,6,11.7,Lv. 11.7
Oshama Scramble!,1,3,Lv. 3
Oshama Scramble!,2,5,Lv. 5
Oshama Scramble!,3,7.8,Lv. 7.8
Oshama Scramble!,4,10,Lv. 10
Oshama Scramble!,5,13.3,Lv. 13.3
Our Fighting,1,2,Lv. 2
Our Fighting,2,4,Lv. 4
Our Fighting,3,6.8,Lv. 6.8
Our Fighting,4,9.3,Lv. 9.3
Our Fighting,5,11.1,Lv. 11.1
Our Wrenally,1,4,Lv. 4
Our Wrenally,2,6,Lv. 6
Our Wrenally,3,9,Lv. 9
Our Wrenally,4,11.5,Lv. 11.5
Our Wrenally,5,13.8,Lv. 13.8
Outer Science,1,3,Lv. 3
Outer Science,2,5,Lv. 5
Outer Science,3,7.2,Lv. 7.2
Outer Science,4,10.8,Lv. 10.8
Outer Science,5,12.3,Lv. 12.3
Oyome ni Shinasai!,1,3,Lv. 3
Oyome ni Shinasai!,2,4,Lv. 4
Oyome ni Shinasai!,3,6.8,Lv. 6.8
Oyome ni Shinasai!,4,9.4,Lv. 9.4
Oyome ni Shinasai!,5,11,Lv. 11
PANDORA PARADOXXX,1,6,Lv. 6
PANDORA PARADOXXX,2,7.7,Lv. 7.7
PANDORA PARADOXXX,3,10.7,Lv. 10.7
PANDORA PARADOXXX,4,12.7,Lv. 12.7
PANDORA PARADOXXX,5,13.9,Lv. 13.9
PANDORA PARADOXXX,6,14,Lv. 14
Panopticon,1,4,Lv. 4
Panopticon,2,5,Lv. 5
Panopticon,3,8.7,Lv. 8.7
Panopticon,4,11.5,Lv. 11.5
Panopticon,5,13.4,Lv. 13.4
Panopticon,6,13.4,Lv. 13.4
Paradisus-Paradoxum,1,2,Lv. 2
Paradisus-Paradoxum,2,4,Lv. 4
Paradisus-Paradoxum,3,7.3,Lv. 7.3
Paradisus-Paradoxum,4,9.2,Lv. 9.2
Paradisus-Paradoxum,5,12.2,Lv. 12.2
Party 4U ”holy nite mix”,1,3,Lv. 3
Party 4U ”holy nite mix”,2,5,Lv. 5
Party 4U ”holy nite mix”,3,7,Lv. 7
Party 4U ”holy nite mix”,4,10,Lv. 10
Party 4U ”holy nite mix”,5,12.5,Lv. 12.5
Perfect Life,1,3,Lv. 3
Perfect Life,2,5,Lv. 5
Perfect Life,3,7.3,Lv. 7.3
Perfect Life,4,8.7,Lv. 8.7
Perfect Life,5,12,Lv. 12
Phantasm Brigade,1,2,Lv. 2
Phantasm Brigade,2,5,Lv. 5
Phantasm Brigade,3,7.4,Lv. 7.4
Phantasm Brigade,4,9.8,Lv. 9.8
Phantasm Brigade,5,12.2,Lv. 12.2
Pixel Voyage,1,1,Lv. 1
Pixel Voyage,2,3,Lv. 3
Pixel Voyage,3,6,Lv. 6
Pixel Voyage,4,8.1,Lv. 8.1
Pixel Voyage,5,11,Lv. 11
Please don‘t worry,1,2,Lv. 2
Please don‘t worry,2,4,Lv. 4
Please don‘t worry,3,7.5,Lv. 7.5
Please don‘t worry,4,9.9,Lv. 9.9
Please don‘t worry,5,11.8,Lv. 11.8
POPIPO,1,2,Lv. 2
POPIPO,2,3,Lv. 3
POPIPO,3,6.7,Lv. 6.7
POPIPO,4,8.4,Lv. 8.4
POPIPO,5,11.4,Lv. 11.4
Prophesy One,1,4,Lv. 4
Prophesy One,2,6,Lv. 6
Prophesy One,3,8.5,Lv. 8.5
Prophesy One,4,10.5,Lv. 10.5
Prophesy One,5,13.6,Lv. 13.6
QZKago Requiem,1,5,Lv. 5
QZKago Requiem,2,6,Lv. 6
QZKago Requiem,3,9.9,Lv. 9.9
QZKago Requiem,4,11.7,Lv. 11.7
QZKago Requiem,5,13.7,Lv. 13.7
QZKago Requiem,6,13.9,Lv. 13.9
Ragnarok,1,4,Lv. 4
Ragnarok,2,6,Lv. 6
Ragnarok,3,8.5,Lv. 8.5
Ragnarok,4,10.9,Lv. 10.9
Ragnarok,5,13.1,Lv. 13.1
Raikiri,1,4,Lv. 4
Raikiri,2,6,Lv. 6
Raikiri,3,8.5,Lv. 8.5
Raikiri,4,11.5,Lv. 11.5
Raikiri,5,13.5,Lv. 13.5
Raikiri,6,13.9,Lv. 13.9
Reach For The Stars,1,2,Lv. 2
Reach For The Stars,2,5,Lv. 5
Reach For The Stars,3,7.8,Lv. 7.8
Reach For The Stars,4,9.4,Lv. 9.4
Reach For The Stars,5,12.7,Lv. 12.7
Rebellion of the Dwarfs,1,3,Lv. 3
Rebellion of the Dwarfs,2,5,Lv. 5
Rebellion of the Dwarfs,3,7.7,Lv. 7.7
Rebellion of the Dwarfs,4,9.8,Lv. 9.8
Rebellion of the Dwarfs,5,12.7,Lv. 12.7
Rodeo Machine,1,1,Lv. 1
Rodeo Machine,2,3,Lv. 3
Rodeo Machine,3,6.5,Lv. 6.5
Rodeo Machine,4,9.7,Lv. 9.7
Rodeo Machine,5,12.3,Lv. 12.3
ROKI,1,2,Lv. 2
ROKI,2,4,Lv. 4
ROKI,3,7.2,Lv. 7.2
ROKI,4,9.4,Lv. 9.4
ROKI,5,10.8,Lv. 10.8
ROKI,6,12.4,Lv. 12.4
Role-playing game,1,2,Lv. 2
Role-playing game,2,4,Lv. 4
Role-playing game,3,6.8,Lv. 6.8
Role-playing game,4,8.9,Lv. 8.9
Role-playing game,5,11.3,Lv. 11.3
Rooftop Run: Act1,1,2,Lv. 2
Rooftop Run: Act1,2,4,Lv. 4
Rooftop Run: Act1,3,6.6,Lv. 6.6
Rooftop Run: Act1,4,9.7,Lv. 9.7
Rooftop Run: Act1,5,10.1,Lv. 10.1
Rooftop Run: Act1,6,11.7,Lv. 11.7
Roshin Yukai,1,3,Lv. 3
Roshin Yukai,2,4,Lv. 4
Roshin Yukai,3,6.2,Lv. 6.2
Roshin Yukai,4,9.8,Lv. 9.8
Roshin Yukai,5,11.3,Lv. 11.3
Sakura Fubuki,1,3,Lv. 3
Sakura Fubuki,2,4,Lv. 4
Sakura Fubuki,3,7.5,Lv. 7.5
Sakura Fubuki,4,10.7,Lv. 10.7
Sakura Fubuki,5,12.7,Lv. 12.7
SAKURAスキップ,1,2,Lv. 2
SAKURAスキップ,2,4,Lv. 4
SAKURAスキップ,3,6.2,Lv. 6.2
SAKURAスキップ,4,7.8,Lv. 7.8
SAKURAスキップ,5,10.9,Lv. 10.9
Save This World νMIX,1,3,Lv. 3
Save This World νMIX,2,5,Lv. 5
Save This World νMIX,3,7.3,Lv. 7.3
Save This World νMIX,4,8.9,Lv. 8.9
Save This World νMIX,5,11.9,Lv. 11.9
Save This World νMIX,6,11.9,Lv. 11.9
Scarlet Lance,1,3,Lv. 3
Scarlet Lance,2,6,Lv. 6
Scarlet Lance,3,8.5,Lv. 8.5
Scarlet Lance,4,11.2,Lv. 11.2
Scarlet Lance,5,13,Lv. 13
Scars of FAUNA,1,2,Lv. 2
Scars of FAUNA,2,5,Lv. 5
Scars of FAUNA,3,7,Lv. 7
Scars of FAUNA,4,9.6,Lv. 9.6
Scars of FAUNA,5,12.7,Lv. 12.7
Schwarzschild,1,4,Lv. 4
Schwarzschild,2,6,Lv. 6
Schwarzschild,3,8.9,Lv. 8.9
Schwarzschild,4,11.5,Lv. 11.5
Schwarzschild,5,13.5,Lv. 13.5
Schwarzschild,6,13.9,Lv. 13.9
SEGA SATURN Startup Sound[H.][Remix],1,2,Lv. 2
SEGA SATURN Startup Sound[H.][Remix],2,3,Lv. 3
SEGA SATURN Startup Sound[H.][Remix],3,6.3,Lv. 6.3
SEGA SATURN Startup Sound[H.][Remix],4,9.6,Lv. 9.6
SEGA SATURN Startup Sound[H.][Remix],5,11.7,Lv. 11.7
Seyana. ～AKANE's anything ok～,1,3,Lv. 3
Seyana. ～AKANE's anything ok～,2,4,Lv. 4
Seyana. ～AKANE's anything ok～,3,6.8,Lv. 6.8
Seyana. ～AKANE's anything ok～,4,9,Lv. 9
Seyana. ～AKANE's anything ok～,5,12,Lv. 12
Shiawase ni Nareru Kakushi Command ga Arurashii,1,3,Lv. 3
Shiawase ni Nareru Kakushi Command ga Arurashii,2,5,Lv. 5
Shiawase ni Nareru Kakushi Command ga Arurashii,3,8.5,Lv. 8.5
Shiawase ni Nareru Kakushi Command ga Arurashii,4,10.8,Lv. 10.8
Shiawase ni Nareru Kakushi Command ga Arurashii,5,12.9,Lv. 12.9
Shinchoku Doudesuka?,1,3,Lv. 3
Shinchoku Doudesuka?,2,5,Lv. 5
Shinchoku Doudesuka?,3,7.8,Lv. 7.8
Shinchoku Doudesuka?,4,9.5,Lv. 9.5
Shinchoku Doudesuka?,5,12.3,Lv. 12.3
Shinebaiinoni,1,2,Lv. 2
Shinebaiinoni,2,4,Lv. 4
Shinebaiinoni,3,6.2,Lv. 6.2
Shinebaiinoni,4,8.9,Lv. 8.9
Shinebaiinoni,5,11.7,Lv. 11.7
Shuuten,1,3,Lv. 3
Shuuten,2,5,Lv. 5
Shuuten,3,7.7,Lv. 7.7
Shuuten,4,10.8,Lv. 10.8
Shuuten,5,12.8,Lv. 12.8
Signature,1,3,Lv. 3
Signature,2,4,Lv. 4
Signature,3,7.8,Lv. 7.8
Signature,4,10.8,Lv. 10.8
Signature,5,12.2,Lv. 12.2
Signs Of Love (“Never More” ver.),1,2,Lv. 2
Signs Of Love (“Never More” ver.),2,4,Lv. 4
Signs Of Love (“Never More” ver.),3,7,Lv. 7
Signs Of Love (“Never More” ver.),4,9.9,Lv. 9.9
Signs Of Love (“Never More” ver.),5,11.7,Lv. 11.7
SILENT BLUE,1,4,Lv. 4
SILENT BLUE,2,5,Lv. 5
SILENT BLUE,3,8,Lv. 8
SILENT BLUE,4,11.4,Lv. 11.4
SILENT BLUE,5,13.8,Lv. 13.8
Sissou Ensemble,1,3,Lv. 3
Sissou Ensemble,2,5,Lv. 5
Sissou Ensemble,3,7.8,Lv. 7.8
Sissou Ensemble,4,9.8,Lv. 9.8
Sissou Ensemble,5,12.5,Lv. 12.5
Slip Flip,1,3,Lv. 3
Slip Flip,2,4,Lv. 4
Slip Flip,3,7.5,Lv. 7.5
Slip Flip,4,9.1,Lv. 9.1
Slip Flip,5,12.4,Lv. 12.4
Sosya ha tada senaka to violin de katarunomi,1,4,Lv. 4
Sosya ha tada senaka to violin de katarunomi,2,6,Lv. 6
Sosya ha tada senaka to violin de katarunomi,3,8.4,Lv. 8.4
Sosya ha tada senaka to violin de katarunomi,4,10.5,Lv. 10.5
Sosya ha tada senaka to violin de katarunomi,5,12.7,Lv. 12.7
sound,1,2,Lv. 2
sound,2,4,Lv. 4
sound,3,6.2,Lv. 6.2
sound,4,8.2,Lv. 8.2
sound,5,11.2,Lv. 11.2
specialist (“Never More” ver.),1,1,Lv. 1
specialist (“Never More” ver.),2,4,Lv. 4
specialist (“Never More” ver.),3,6.4,Lv. 6.4
specialist (“Never More” ver.),4,9.2,Lv. 9.2
specialist (“Never More” ver.),5,11.4,Lv. 11.4
Sprintrances,1,3,Lv. 3
Sprintrances,2,5,Lv. 5
Sprintrances,3,7.8,Lv. 7.8
Sprintrances,4,9.6,Lv. 9.6
Sprintrances,5,11.7,Lv. 11.7
StargazeR,1,2,Lv. 2
StargazeR,2,4,Lv. 4
StargazeR,3,6.8,Lv. 6.8
StargazeR,4,9.2,Lv. 9.2
StargazeR,5,11,Lv. 11
Starlight Dance Floor,1,1,Lv. 1
Starlight Dance Floor,2,4,Lv. 4
Starlight Dance Floor,3,6.8,Lv. 6.8
Starlight Dance Floor,4,8.8,Lv. 8.8
Starlight Dance Floor,5,11.1,Lv. 11.1
Streak,1,3,Lv. 3
Streak,2,6,Lv. 6
Streak,3,7.3,Lv. 7.3
Streak,4,10.8,Lv. 10.8
Streak,5,12.3,Lv. 12.3
Streaming Heart,1,3,Lv. 3
Streaming Heart,2,4,Lv. 4
Streaming Heart,3,7.2,Lv. 7.2
Streaming Heart,4,9.1,Lv. 9.1
Streaming Heart,5,12,Lv. 12
Super Nuko Ni Naritai,1,2,Lv. 2
Super Nuko Ni Naritai,2,4,Lv. 4
Super Nuko Ni Naritai,3,7.5,Lv. 7.5
Super Nuko Ni Naritai,4,9.2,Lv. 9.2
Super Nuko Ni Naritai,5,12.2,Lv. 12.2
sweet little sister,1,2,Lv. 2
sweet little sister,2,4,Lv. 4
sweet little sister,3,6.3,Lv. 6.3
sweet little sister,4,9.1,Lv. 9.1
sweet little sister,5,11.7,Lv. 11.7
System “Z”,1,3,Lv. 3
System “Z”,2,5,Lv. 5
System “Z”,3,8.3,Lv. 8.3
System “Z”,4,11.7,Lv. 11.7
System “Z”,5,13.2,Lv. 13.2
Syukudai ga owaranai!,1,2,Lv. 2
Syukudai ga owaranai!,2,4,Lv. 4
Syukudai ga owaranai!,3,6.8,Lv. 6.8
Syukudai ga owaranai!,4,8.9,Lv. 8.9
Syukudai ga owaranai!,5,11.7,Lv. 11.7
tengokutojigokukotonoharinne,1,2,Lv. 2
tengokutojigokukotonoharinne,2,4,Lv. 4
tengokutojigokukotonoharinne,3,6.8,Lv. 6.8
tengokutojigokukotonoharinne,4,9.8,Lv. 9.8
tengokutojigokukotonoharinne,5,11.8,Lv. 11.8
Tengu No Otoshibumi feat. Ytr,1,2,Lv. 2
Tengu No Otoshibumi feat. Ytr,2,4,Lv. 4
Tengu No Otoshibumi feat. Ytr,3,6.8,Lv. 6.8
Tengu No Otoshibumi feat. Ytr,4,10,Lv. 10
Tengu No Otoshibumi feat. Ytr,5,11.9,Lv. 11.9
The “Wanderlast”,1,3,Lv. 3
The “Wanderlast”,2,5,Lv. 5
The “Wanderlast”,3,7.8,Lv. 7.8
The “Wanderlast”,4,10.8,Lv. 10.8
The “Wanderlast”,5,12.8,Lv. 12.8
The Defeated Boy,1,3,Lv. 3
The Defeated Boy,2,5,Lv. 5
The Defeated Boy,3,7.8,Lv. 7.8
The Defeated Boy,4,10,Lv. 10
The Defeated Boy,5,12.1,Lv. 12.1
The Disappearance of Hatsune Miku,1,3,Lv. 3
The Disappearance of Hatsune Miku,2,5,Lv. 5
The Disappearance of Hatsune Miku,3,8,Lv. 8
The Disappearance of Hatsune Miku,4,10,Lv. 10
The Disappearance of Hatsune Miku,5,12.8,Lv. 12.8
the EmpErroR,1,3,Lv. 3
the EmpErroR,2,5,Lv. 5
the EmpErroR,3,9.7,Lv. 9.7
the EmpErroR,4,12,Lv. 12
the EmpErroR,5,13.6,Lv. 13.6
the EmpErroR,6,13.9,Lv. 13.9
The Intense Singing of Hatsune Miku,1,3,Lv. 3
The Intense Singing of Hatsune Miku,2,6,Lv. 6
The Intense Singing of Hatsune Miku,3,8,Lv. 8
The Intense Singing of Hatsune Miku,4,10.8,Lv. 10.8
The Intense Singing of Hatsune Miku,5,13.5,Lv. 13.5
The Lamentations of the Lost Ones,1,2,Lv. 2
The Lamentations of the Lost Ones,2,4,Lv. 4
The Lamentations of the Lost Ones,3,6,Lv. 6
The Lamentations of the Lost Ones,4,9.2,Lv. 9.2
The Lamentations of the Lost Ones,5,12.2,Lv. 12.2
The Lamentations of the Lost Ones,6,12.9,Lv. 12.9
The Synesthesia Ghost,1,2,Lv. 2
The Synesthesia Ghost,2,4,Lv. 4
The Synesthesia Ghost,3,6.4,Lv. 6.4
The Synesthesia Ghost,4,9.5,Lv. 9.5
The Synesthesia Ghost,5,11.7,Lv. 11.7
The wheel to the right,1,4,Lv. 4
The wheel to the right,2,6,Lv. 6
The wheel to the right,3,8.1,Lv. 8.1
The wheel to the right,4,11,Lv. 11
The wheel to the right,5,12.9,Lv. 12.9
This Messed-Up Wonderful World Exists For Me,1,2,Lv. 2
This Messed-Up Wonderful World Exists For Me,2,4,Lv. 4
This Messed-Up Wonderful World Exists For Me,3,6.8,Lv. 6.8
This Messed-Up Wonderful World Exists For Me,4,9.5,Lv. 9.5
This Messed-Up Wonderful World Exists For Me,5,11.7,Lv. 11.7
TiamaT:F minor,1,3,Lv. 3
TiamaT:F minor,2,6,Lv. 6
TiamaT:F minor,3,9.5,Lv. 9.5
TiamaT:F minor,4,11.8,Lv. 11.8
TiamaT:F minor,5,13.2,Lv. 13.2
Time To Make History (AKIRA YAMAOKA Remix),1,3,Lv. 3
Time To Make History (AKIRA YAMAOKA Remix),2,5,Lv. 5
Time To Make History (AKIRA YAMAOKA Remix),3,7.4,Lv. 7.4
Time To Make History (AKIRA YAMAOKA Remix),4,9.6,Lv. 9.6
Time To Make History (AKIRA YAMAOKA Remix),5,12.5,Lv. 12.5
toho yoyomu -the maximum moving about-,1,3,Lv. 3
toho yoyomu -the maximum moving about-,2,5,Lv. 5
toho yoyomu -the maximum moving about-,3,7.5,Lv. 7.5
toho yoyomu -the maximum moving about-,4,8.3,Lv. 8.3
toho yoyomu -the maximum moving about-,5,11.7,Lv. 11.7
Tonchinkan no en,1,2,Lv. 2
Tonchinkan no en,2,5,Lv. 5
Tonchinkan no en,3,7.9,Lv. 7.9
Tonchinkan no en,4,9.7,Lv. 9.7
Tonchinkan no en,5,12.7,Lv. 12.7
TRUST,1,3,Lv. 3
TRUST,2,5,Lv. 5
TRUST,3,7,Lv. 7
TRUST,4,9.8,Lv. 9.8
TRUST,5,12.1,Lv. 12.1
Tsuki Ni Murakumo Hana Ni Kaze,1,2,Lv. 2
Tsuki Ni Murakumo Hana Ni Kaze,2,4,Lv. 4
Tsuki Ni Murakumo Hana Ni Kaze,3,6.5,Lv. 6.5
Tsuki Ni Murakumo Hana Ni Kaze,4,8.7,Lv. 8.7
Tsuki Ni Murakumo Hana Ni Kaze,5,11.7,Lv. 11.7
ULTRA B+K,1,3,Lv. 3
ULTRA B+K,2,5,Lv. 5
ULTRA B+K,3,7.8,Lv. 7.8
ULTRA B+K,4,10.5,Lv. 10.5
ULTRA B+K,5,12.9,Lv. 12.9
Umiyuri Kaiteitan,1,2,Lv. 2
Umiyuri Kaiteitan,2,4,Lv. 4
Umiyuri Kaiteitan,3,6.7,Lv. 6.7
Umiyuri Kaiteitan,4,8.1,Lv. 8.1
Umiyuri Kaiteitan,5,12.4,Lv. 12.4
Unknown Mother-Goose,1,3,Lv. 3
Unknown Mother-Goose,2,4,Lv. 4
Unknown Mother-Goose,3,6.7,Lv. 6.7
Unknown Mother-Goose,4,9.7,Lv. 9.7
Unknown Mother-Goose,5,11.8,Lv. 11.8
Unrequited Love Samba,1,3,Lv. 3
Unrequited Love Samba,2,5,Lv. 5
Unrequited Love Samba,3,6.5,Lv. 6.5
Unrequited Love Samba,4,9.8,Lv. 9.8
Unrequited Love Samba,5,12.2,Lv. 12.2
USATEI,1,2,Lv. 2
USATEI,2,5,Lv. 5
USATEI,3,6.7,Lv. 6.7
USATEI,4,9.3,Lv. 9.3
USATEI,5,12.7,Lv. 12.7
VERTeX,1,3,Lv. 3
VERTeX,2,5,Lv. 5
VERTeX,3,8,Lv. 8
VERTeX,4,10.2,Lv. 10.2
VERTeX,5,13.4,Lv. 13.4
What Do You Mean!?,1,2,Lv. 2
What Do You Mean!?,2,4,Lv. 4
What Do You Mean!?,3,7.2,Lv. 7.2
What Do You Mean!?,4,9.7,Lv. 9.7
What Do You Mean!?,5,12,Lv. 12
White Traveling Girl,1,2,Lv. 2
White Traveling Girl,2,4,Lv. 4
White Traveling Girl,3,6.8,Lv. 6.8
White Traveling Girl,4,9,Lv. 9
White Traveling Girl,5,12.3,Lv. 12.3
WORLD'S END UMBRELLA,1,2,Lv. 2
WORLD'S END UMBRELLA,2,4,Lv. 4
WORLD'S END UMBRELLA,3,7.5,Lv. 7.5
WORLD'S END UMBRELLA,4,8.8,Lv. 8.8
WORLD'S END UMBRELLA,5,11.5,Lv. 11.5
Xevel,1,4,Lv. 4
Xevel,2,6,Lv. 6
Xevel,3,8,Lv. 8
Xevel,4,11,Lv. 11
Xevel,5,13.3,Lv. 13.3
YAMERO!KIKUNA!,1,3,Lv. 3
YAMERO!KIKUNA!,2,4,Lv. 4
YAMERO!KIKUNA!,3,7.1,Lv. 7.1
YAMERO!KIKUNA!,4,8.7,Lv. 8.7
YAMERO!KIKUNA!,5,11.7,Lv. 11.7
Yet Another ”drizzly rain”,1,2,Lv. 2
Yet Another ”drizzly rain”,2,4,Lv. 4
Yet Another ”drizzly rain”,3,6.8,Lv. 6.8
Yet Another ”drizzly rain”,4,8.8,Lv. 8.8
Yet Another ”drizzly rain”,5,11.1,Lv. 11.1
Yobanashi Deceive,1,2,Lv. 2
Yobanashi Deceive,2,4,Lv. 4
Yobanashi Deceive,3,7.8,Lv. 7.8
Yobanashi Deceive,4,10.6,Lv. 10.6
Yobanashi Deceive,5,12,Lv. 12
Young disease outburst Boy,1,3,Lv. 3
Young disease outburst Boy,2,5,Lv. 5
Young disease outburst Boy,3,7.4,Lv. 7.4
Young disease outburst Boy,4,9.4,Lv. 9.4
Young disease outburst Boy,5,12.5,Lv. 12.5
Yowamushi Mont Blanc,1,2,Lv. 2
Yowamushi Mont Blanc,2,4,Lv. 4
Yowamushi Mont Blanc,3,6.2,Lv. 6.2
Yowamushi Mont Blanc,4,9.5,Lv. 9.5
Yowamushi Mont Blanc,5,11.2,Lv. 11.2
YUBIKIRI,1,3,Lv. 3
YUBIKIRI,2,4,Lv. 4
YUBIKIRI,3,7.2,Lv. 7.2
YUBIKIRI,4,10,Lv. 10
YUBIKIRI,5,12,Lv. 12
Zenzenzense,1,2,Lv. 2
Zenzenzense,2,4,Lv. 4
Zenzenzense,3,6.2,Lv. 6.2
Zenzenzense,4,8.5,Lv. 8.5
Zenzenzense,5,11.8,Lv. 11.8
あねぺったん,1,2,Lv. 2
あねぺったん,2,5,Lv. 5
あねぺったん,3,7.4,Lv. 7.4
あねぺったん,4,9.2,Lv. 9.2
あねぺったん,5,11.8,Lv. 11.8
アリサのテーマ,1,2,Lv. 2
アリサのテーマ,2,4,Lv. 4
アリサのテーマ,3,6.8,Lv. 6.8
アリサのテーマ,4,9.8,Lv. 9.8
アリサのテーマ,5,12.7,Lv. 12.7
きたさいたま2000,1,3,Lv. 3
きたさいたま2000,2,5,Lv. 5
きたさいたま2000,3,7.8,Lv. 7.8
きたさいたま2000,4,11.4,Lv. 11.4
きたさいたま2000,5,13.1,Lv. 13.1
その群青が愛しかったようだった,1,2,Lv. 2
その群青が愛しかったようだった,2,5,Lv. 5
その群青が愛しかったようだった,3,7,Lv. 7
その群青が愛しかったようだった,4,9.5,Lv. 9.5
その群青が愛しかったようだった,5,11.4,Lv. 11.4
ホシトハナ,1,2,Lv. 2
ホシトハナ,2,4,Lv. 4
ホシトハナ,3,6.8,Lv. 6.8
ホシトハナ,4,9.2,Lv. 9.2
ホシトハナ,5,11,Lv. 11
ゆりゆららららゆるゆり大事件,1,2,Lv. 2
ゆりゆららららゆるゆり大事件,2,4,Lv. 4
ゆりゆららららゆるゆり大事件,3,6.4,Lv. 6.4
ゆりゆららららゆるゆり大事件,4,7.5,Lv. 7.5
ゆりゆららららゆるゆり大事件,5,10.7,Lv. 10.7
全力☆Summer!,1,2,Lv. 2
全力☆Summer!,2,4,Lv. 4
全力☆Summer!,3,6.7,Lv. 6.7
全力☆Summer!,4,8.8,Lv. 8.8
全力☆Summer!,5,10.8,Lv. 10.8
全力☆Summer!,6,11.8,Lv. 11.8
夜明けまであと３秒,1,4,Lv. 4
夜明けまであと３秒,2,6,Lv. 6
夜明けまであと３秒,3,8.5,Lv. 8.5
夜明けまであと３秒,4,11,Lv. 11
夜明けまであと３秒,5,12.9,Lv. 12.9
私の中の幻想的世界観及びその顕現を想起させたある現実での出来事に関する一考察,1,2,Lv. 2
私の中の幻想的世界観及びその顕現を想起させたある現実での出来事に関する一考察,2,5,Lv. 5
私の中の幻想的世界観及びその顕現を想起させたある現実での出来事に関する一考察,3,6.7,Lv. 6.7
私の中の幻想的世界観及びその顕現を想起させたある現実での出来事に関する一考察,4,8.2,Lv. 8.2
私の中の幻想的世界観及びその顕現を想起させたある現実での出来事に関する一考察,5,12,Lv. 12
アリサのテーマ,1,2,Lv. 2
アリサのテーマ,2,4,Lv. 4
アリサのテーマ,3,6.8,Lv. 6.8
アリサのテーマ,4,9.8,Lv. 9.8
アリサのテーマ,5,12.7,Lv. 12.7
きたさいたま2000,1,3,Lv. 3
きたさいたま2000,2,5,Lv. 5
きたさいたま2000,3,7.8,Lv. 7.8
きたさいたま2000,4,11.4,Lv. 11.4
きたさいたま2000,5,13.1,Lv. 13.1
その群青が愛しかったようだった,1,2,Lv. 2
その群青が愛しかったようだった,2,5,Lv. 5
その群青が愛しかったようだった,3,7,Lv. 7
その群青が愛しかったようだった,4,9.5,Lv. 9.5
その群青が愛しかったようだった,5,11.4,Lv. 11.4
ホシトハナ,1,2,Lv. 2
ホシトハナ,2,4,Lv. 4
ホシトハナ,3,6.8,Lv. 6.8
ホシトハナ,4,9.2,Lv. 9.2
ホシトハナ,5,11,Lv. 11
ゆりゆららららゆるゆり大事件,1,2,Lv. 2
ゆりゆららららゆるゆり大事件,2,4,Lv. 4
ゆりゆららららゆるゆり大事件,3,6.4,Lv. 6.4
ゆりゆららららゆるゆり大事件,4,7.5,Lv. 7.5
ゆりゆららららゆるゆり大事件,5,10.7,Lv. 10.7
全力☆Summer!,1,2,Lv. 2
全力☆Summer!,2,4,Lv. 4
全力☆Summer!,3,6.7,Lv. 6.7
全力☆Summer!,4,8.8,Lv. 8.8
全力☆Summer!,5,10.8,Lv. 10.8
全力☆Summer!,6,11.8,Lv. 11.8
夜明けまであと３秒,1,4,Lv. 4
夜明けまであと３秒,2,6,Lv. 6
夜明けまであと３秒,3,8.5,Lv. 8.5
夜明けまであと３秒,4,11,Lv. 11
夜明けまであと３秒,5,12.9,Lv. 12.9
私の中の幻想的世界観及びその顕現を想起させたある現実での出来事に関する一考察,1,2,Lv. 2
私の中の幻想的世界観及びその顕現を想起させたある現実での出来事に関する一考察,2,5,Lv. 5
私の中の幻想的世界観及びその顕現を想起させたある現実での出来事に関する一考察,3,6.7,Lv. 6.7
私の中の幻想的世界観及びその顕現を想起させたある現実での出来事に関する一考察,4,8.2,Lv. 8.2
私の中の幻想的世界観及びその顕現を想起させたある現実での出来事に関する一考察,5,12,Lv. 12
[Toho nicokara]Secret God Matara feat.TAMAONSEN[IOSYS],1,2,Lv. 2
[Toho nicokara]Secret God Matara feat.TAMAONSEN[IOSYS],2,4,Lv. 4
[Toho nicokara]Secret God Matara feat.TAMAONSEN[IOSYS],3,7.5,Lv. 7.5
[Toho nicokara]Secret God Matara feat.TAMAONSEN[IOSYS],4,10,Lv. 10
[Toho nicokara]Secret God Matara feat.TAMAONSEN[IOSYS],5,12.7,Lv. 12.7
+♂,1,3,Lv. 3
+♂,2,5,Lv. 5
+♂,3,7.5,Lv. 7.5
+♂,4,9,Lv. 9
+♂,5,12.1,Lv. 12.1
～AETERNITAS LUDOLOGY～,1,2,Lv. 2
～AETERNITAS LUDOLOGY～,2,4,Lv. 4
～AETERNITAS LUDOLOGY～,3,6.8,Lv. 6.8
～AETERNITAS LUDOLOGY～,4,9.7,Lv. 9.7
～AETERNITAS LUDOLOGY～,5,12.3,Lv. 12.3
39,1,2,Lv. 2
39,2,5,Lv. 5
39,3,7.8,Lv. 7.8
39,4,9.8,Lv. 9.8
39,5,12,Lv. 12
39,6,12.3,Lv. 12.3
7thSense,1,4,Lv. 4
7thSense,2,6,Lv. 6
7thSense,3,8,Lv. 8
7thSense,4,10,Lv. 10
7thSense,5,13,Lv. 13
After Burner,1,3,Lv. 3
After Burner,2,5,Lv. 5
After Burner,3,7.8,Lv. 7.8
After Burner,4,10,Lv. 10
After Burner,5,12,Lv. 12
Aimai Mind,1,2,Lv. 2
Aimai Mind,2,5,Lv. 5
Aimai Mind,3,7.8,Lv. 7.8
Aimai Mind,4,10.2,Lv. 10.2
Aimai Mind,5,12,Lv. 12
Aiolos,1,4,Lv. 4
Aiolos,2,6,Lv. 6
Aiolos,3,8,Lv. 8
Aiolos,4,10.6,Lv. 10.6
Aiolos,5,13,Lv. 13
air's gravity,1,4,Lv. 4
air's gravity,2,5,Lv. 5
air's gravity,3,7.8,Lv. 7.8
air's gravity,4,9.8,Lv. 9.8
air's gravity,5,12.1,Lv. 12.1
akeboshi rocket,1,2,Lv. 2
akeboshi rocket,2,4,Lv. 4
akeboshi rocket,3,6.8,Lv. 6.8
akeboshi rocket,4,8.6,Lv. 8.6
akeboshi rocket,5,10.7,Lv. 10.7
akeboshi rocket,6,11.3,Lv. 11.3
Alea jacta est!,1,4,Lv. 4
Alea jacta est!,2,6,Lv. 6
Alea jacta est!,3,8.8,Lv. 8.8
Alea jacta est!,4,11.5,Lv. 11.5
Alea jacta est!,5,13.5,Lv. 13.5
Alea jacta est!,6,13.9,Lv. 13.9
amanojaku,1,3,Lv. 3
amanojaku,2,5,Lv. 5
amanojaku,3,7.6,Lv. 7.6
amanojaku,4,9.3,Lv. 9.3
amanojaku,5,11.7,Lv. 11.7
Amanojaku Reverse (feat. ｙｔｒ),1,2,Lv. 2
Amanojaku Reverse (feat. ｙｔｒ),2,4,Lv. 4
Amanojaku Reverse (feat. ｙｔｒ),3,7.2,Lv. 7.2
Amanojaku Reverse (feat. ｙｔｒ),4,9.8,Lv. 9.8
Amanojaku Reverse (feat. ｙｔｒ),5,12.6,Lv. 12.6
AMAZING MIGHTYYYY!!!!,1,4,Lv. 4
AMAZING MIGHTYYYY!!!!,2,6,Lv. 6
AMAZING MIGHTYYYY!!!!,3,9,Lv. 9
AMAZING MIGHTYYYY!!!!,4,12,Lv. 12
AMAZING MIGHTYYYY!!!!,5,13.6,Lv. 13.6
AMAZING MIGHTYYYY!!!!,6,13.5,Lv. 13.5
Amenohoakari,1,3,Lv. 3
Amenohoakari,2,5,Lv. 5
Amenohoakari,3,8.9,Lv. 8.9
Amenohoakari,4,11.3,Lv. 11.3
Amenohoakari,5,12.9,Lv. 12.9
Angels with Burning Hearts,1,2,Lv. 2
Angels with Burning Hearts,2,4,Lv. 4
Angels with Burning Hearts,3,7.6,Lv. 7.6
Angels with Burning Hearts,4,9.5,Lv. 9.5
Angels with Burning Hearts,5,10.4,Lv. 10.4
Angels with Burning Hearts,6,12.7,Lv. 12.7
Anticyclone Cat Rock,1,3,Lv. 3
Anticyclone Cat Rock,2,5,Lv. 5
Anticyclone Cat Rock,3,8,Lv. 8
Anticyclone Cat Rock,4,9.8,Lv. 9.8
Anticyclone Cat Rock,5,12.3,Lv. 12.3
Argent Symmetry,1,2,Lv. 2
Argent Symmetry,2,4,Lv. 4
Argent Symmetry,3,6.4,Lv. 6.4
Argent Symmetry,4,9.4,Lv. 9.4
Argent Symmetry,5,12.1,Lv. 12.1
Arifureta sekai seifuku,1,2,Lv. 2
Arifureta sekai seifuku,2,4,Lv. 4
Arifureta sekai seifuku,3,6.8,Lv. 6.8
Arifureta sekai seifuku,4,8.4,Lv. 8.4
Arifureta sekai seifuku,5,12,Lv. 12
ARROW,1,2,Lv. 2
ARROW,2,4,Lv. 4
ARROW,3,6.8,Lv. 6.8
ARROW,4,10.2,Lv. 10.2
ARROW,5,12.3,Lv. 12.3
Audience wo wakasu teido no nouryoku feat.Tights-on,1,2,Lv. 2
Audience wo wakasu teido no nouryoku feat.Tights-on,2,4,Lv. 4
Audience wo wakasu teido no nouryoku feat.Tights-on,3,7.2,Lv. 7.2
Audience wo wakasu teido no nouryoku feat.Tights-on,4,9,Lv. 9
Audience wo wakasu teido no nouryoku feat.Tights-on,5,12,Lv. 12
Axeria,1,4,Lv. 4
Axeria,2,6,Lv. 6
Axeria,3,7.8,Lv. 7.8
Axeria,4,10.8,Lv. 10.8
Axeria,5,13.4,Lv. 13.4
B.M.S.,1,3,Lv. 3
B.M.S.,2,5,Lv. 5
B.M.S.,3,8,Lv. 8
B.M.S.,4,11,Lv. 11
B.M.S.,5,13,Lv. 13
Back 2 Back,1,3,Lv. 3
Back 2 Back,2,5,Lv. 5
Back 2 Back,3,7,Lv. 7
Back 2 Back,4,9.3,Lv. 9.3
Back 2 Back,5,12.5,Lv. 12.5
Bad Apple!! feat nomico,1,2,Lv. 2
Bad Apple!! feat nomico,2,4,Lv. 4
Bad Apple!! feat nomico,3,6,Lv. 6
Bad Apple!! feat nomico,4,8.9,Lv. 8.9
Bad Apple!! feat nomico,5,10.9,Lv. 10.9
Bad Apple!! feat nomico,6,12.3,Lv. 12.3
BAD・DANCE・HALL,1,2,Lv. 2
BAD・DANCE・HALL,2,4,Lv. 4
BAD・DANCE・HALL,3,6.7,Lv. 6.7
BAD・DANCE・HALL,4,9.8,Lv. 9.8
BAD・DANCE・HALL,5,12,Lv. 12
Bang Babang Bang!!!,1,2,Lv. 2
Bang Babang Bang!!!,2,5,Lv. 5
Bang Babang Bang!!!,3,7.7,Lv. 7.7
Bang Babang Bang!!!,4,9.8,Lv. 9.8
Bang Babang Bang!!!,5,12,Lv. 12
Beat Of Mind,1,4,Lv. 4
Beat Of Mind,2,6,Lv. 6
Beat Of Mind,3,8.5,Lv. 8.5
Beat Of Mind,4,10.5,Lv. 10.5
Beat Of Mind,5,10.5,Lv. 10.5
Beat Of Mind,6,13.5,Lv. 13.5
Believe the Rainbow,1,2,Lv. 2
Believe the Rainbow,2,4,Lv. 4
Believe the Rainbow,3,7.8,Lv. 7.8
Believe the Rainbow,4,8.8,Lv. 8.8
Believe the Rainbow,5,12,Lv. 12
Blew Moon,1,2,Lv. 2
Blew Moon,2,4,Lv. 4
Blew Moon,3,8.4,Lv. 8.4
Blew Moon,4,10.3,Lv. 10.3
Blew Moon,5,11.9,Lv. 11.9
Blew Moon,6,11.7,Lv. 11.7
Brain Power,1,3,Lv. 3
Brain Power,2,5,Lv. 5
Brain Power,3,7.9,Lv. 7.9
Brain Power,4,10.2,Lv. 10.2
Brain Power,5,12.6,Lv. 12.6
Brionac of Steel-flash,1,4,Lv. 4
Brionac of Steel-flash,2,6,Lv. 6
Brionac of Steel-flash,3,8,Lv. 8
Brionac of Steel-flash,4,10,Lv. 10
Brionac of Steel-flash,5,12.7,Lv. 12.7
BURIKI NO DANCE,1,3,Lv. 3
BURIKI NO DANCE,2,5,Lv. 5
BURIKI NO DANCE,3,7,Lv. 7
BURIKI NO DANCE,4,9.4,Lv. 9.4
BURIKI NO DANCE,5,11.1,Lv. 11.1
BURIKI NO DANCE,6,12.5,Lv. 12.5
Butterfly on your Right Shoulder,1,2,Lv. 2
Butterfly on your Right Shoulder,2,4,Lv. 4
Butterfly on your Right Shoulder,3,6.5,Lv. 6.5
Butterfly on your Right Shoulder,4,9.8,Lv. 9.8
Butterfly on your Right Shoulder,5,12.4,Lv. 12.4
Calamity Fortune,1,3,Lv. 3
Calamity Fortune,2,6,Lv. 6
Calamity Fortune,3,8.5,Lv. 8.5
Calamity Fortune,4,11,Lv. 11
Calamity Fortune,5,13.2,Lv. 13.2
Caliburne ～Story of the Legendary sword～,1,4,Lv. 4
Caliburne ～Story of the Legendary sword～,2,6,Lv. 6
Caliburne ～Story of the Legendary sword～,3,8.6,Lv. 8.6
Caliburne ～Story of the Legendary sword～,4,11,Lv. 11
Caliburne ～Story of the Legendary sword～,5,13.2,Lv. 13.2
caramelldansen,1,3,Lv. 3
caramelldansen,2,5,Lv. 5
caramelldansen,3,7.5,Lv. 7.5
caramelldansen,4,8,Lv. 8
caramelldansen,5,11.7,Lv. 11.7
Change Our MIRAI！,1,3,Lv. 3
Change Our MIRAI！,2,4,Lv. 4
Change Our MIRAI！,3,7.2,Lv. 7.2
Change Our MIRAI！,4,9.5,Lv. 9.5
Change Our MIRAI！,5,11.7,Lv. 11.7
Charles,1,2,Lv. 2
Charles,2,4,Lv. 4
Charles,3,6.2,Lv. 6.2
Charles,4,8.5,Lv. 8.5
Charles,5,11.7,Lv. 11.7
Cirno's Perfect Math Class,1,2,Lv. 2
Cirno's Perfect Math Class,2,4,Lv. 4
Cirno's Perfect Math Class,3,6.4,Lv. 6.4
Cirno's Perfect Math Class,4,8.8,Lv. 8.8
Cirno's Perfect Math Class,5,11.7,Lv. 11.7
CITRUS MONSTER,1,3,Lv. 3
CITRUS MONSTER,2,6,Lv. 6
CITRUS MONSTER,3,8.5,Lv. 8.5
CITRUS MONSTER,4,10.8,Lv. 10.8
CITRUS MONSTER,5,13.4,Lv. 13.4
Close and Open Demons and the Dead,1,2,Lv. 2
Close and Open Demons and the Dead,2,4,Lv. 4
Close and Open Demons and the Dead,3,7,Lv. 7
Close and Open Demons and the Dead,4,9.5,Lv. 9.5
Close and Open Demons and the Dead,5,11,Lv. 11
Close and Open Demons and the Dead,6,12.3,Lv. 12.3
Clover♣Club,1,2,Lv. 2
Clover♣Club,2,4,Lv. 4
Clover♣Club,3,6.2,Lv. 6.2
Clover♣Club,4,8.1,Lv. 8.1
Clover♣Club,5,12,Lv. 12
Colorful × Melody,1,2,Lv. 2
Colorful × Melody,2,5,Lv. 5
Colorful × Melody,3,7.2,Lv. 7.2
Colorful × Melody,4,9.8,Lv. 9.8
Colorful × Melody,5,11.7,Lv. 11.7
connect,1,2,Lv. 2
connect,2,5,Lv. 5
connect,3,7.3,Lv. 7.3
connect,4,7.8,Lv. 7.8
connect,5,10.8,Lv. 10.8
Conquista Ciela,1,2,Lv. 2
Conquista Ciela,2,4,Lv. 4
Conquista Ciela,3,6.8,Lv. 6.8
Conquista Ciela,4,8.5,Lv. 8.5
Conquista Ciela,5,11.7,Lv. 11.7
Contrapasso -paradiso-,1,4,Lv. 4
Contrapasso -paradiso-,2,6,Lv. 6
Contrapasso -paradiso-,3,8.7,Lv. 8.7
Contrapasso -paradiso-,4,11.5,Lv. 11.5
Contrapasso -paradiso-,5,13.4,Lv. 13.4
Crazy Crazy Dancers,1,2,Lv. 2
Crazy Crazy Dancers,2,4,Lv. 4
Crazy Crazy Dancers,3,7.5,Lv. 7.5
Crazy Crazy Dancers,4,9.2,Lv. 9.2
Crazy Crazy Dancers,5,10.8,Lv. 10.8
Crazy Crazy Dancers,6,12.7,Lv. 12.7
Crush On You,1,2,Lv. 2
Crush On You,2,4,Lv. 4
Crush On You,3,6.8,Lv. 6.8
Crush On You,4,8,Lv. 8
Crush On You,5,10,Lv. 10
Crush On You,6,12.9,Lv. 12.9
CYBER Sparks,1,3,Lv. 3
CYBER Sparks,2,5,Lv. 5
CYBER Sparks,3,7,Lv. 7
CYBER Sparks,4,10,Lv. 10
CYBER Sparks,5,10.9,Lv. 10.9
CYBER Sparks,6,12.8,Lv. 12.8
CYCLES,1,2,Lv. 2
CYCLES,2,5,Lv. 5
CYCLES,3,7.2,Lv. 7.2
CYCLES,4,9.2,Lv. 9.2
CYCLES,5,12.6,Lv. 12.6
D✪N’T ST✪P R✪CKIN’,1,3,Lv. 3
D✪N’T ST✪P R✪CKIN’,2,5,Lv. 5
D✪N’T ST✪P R✪CKIN’,3,7.3,Lv. 7.3
D✪N’T ST✪P R✪CKIN’,4,10.2,Lv. 10.2
D✪N’T ST✪P R✪CKIN’,5,12.7,Lv. 12.7
DADDY MULK -Groove remix-,1,2,Lv. 2
DADDY MULK -Groove remix-,2,4,Lv. 4
DADDY MULK -Groove remix-,3,6.7,Lv. 6.7
DADDY MULK -Groove remix-,4,10.3,Lv. 10.3
DADDY MULK -Groove remix-,5,12.5,Lv. 12.5
Dance Robot Dance,1,3,Lv. 3
Dance Robot Dance,2,5,Lv. 5
Dance Robot Dance,3,7.2,Lv. 7.2
Dance Robot Dance,4,9.8,Lv. 9.8
Dance Robot Dance,5,12,Lv. 12
Danza zandA,1,2,Lv. 2
Danza zandA,2,4,Lv. 4
Danza zandA,3,7,Lv. 7
Danza zandA,4,9.2,Lv. 9.2
Danza zandA,5,12,Lv. 12
Danza zandA,6,12,Lv. 12
DEAD RED GIRLS,1,2,Lv. 2
DEAD RED GIRLS,2,4,Lv. 4
DEAD RED GIRLS,3,7.8,Lv. 7.8
DEAD RED GIRLS,4,9.2,Lv. 9.2
DEAD RED GIRLS,5,12.7,Lv. 12.7
Dear Doppelganger,1,3,Lv. 3
Dear Doppelganger,2,5,Lv. 5
Dear Doppelganger,3,7.7,Lv. 7.7
Dear Doppelganger,4,10.5,Lv. 10.5
Dear Doppelganger,5,12.6,Lv. 12.6
Death Scythe,1,2,Lv. 2
Death Scythe,2,5,Lv. 5
Death Scythe,3,7.8,Lv. 7.8
Death Scythe,4,10.3,Lv. 10.3
Death Scythe,5,12.4,Lv. 12.4
Deep in Abyss,1,1,Lv. 1
Deep in Abyss,2,4,Lv. 4
Deep in Abyss,3,6,Lv. 6
Deep in Abyss,4,8.7,Lv. 8.7
Deep in Abyss,5,11.7,Lv. 11.7
Deep-Sea Girl,1,2,Lv. 2
Deep-Sea Girl,2,4,Lv. 4
Deep-Sea Girl,3,6.5,Lv. 6.5
Deep-Sea Girl,4,8.5,Lv. 8.5
Deep-Sea Girl,5,11.7,Lv. 11.7
Delusion Tax,1,2,Lv. 2
Delusion Tax,2,4,Lv. 4
Delusion Tax,3,6.5,Lv. 6.5
Delusion Tax,4,9,Lv. 9
Delusion Tax,5,10.3,Lv. 10.3
DETARAME ROCK&ROLL THEORY,1,3,Lv. 3
DETARAME ROCK&ROLL THEORY,2,4,Lv. 4
DETARAME ROCK&ROLL THEORY,3,7.6,Lv. 7.6
DETARAME ROCK&ROLL THEORY,4,9.5,Lv. 9.5
DETARAME ROCK&ROLL THEORY,5,12.2,Lv. 12.2
DOKIDOKI DREAM!!!,1,3,Lv. 3
DOKIDOKI DREAM!!!,2,5,Lv. 5
DOKIDOKI DREAM!!!,3,7.9,Lv. 7.9
DOKIDOKI DREAM!!!,4,9.9,Lv. 9.9
DOKIDOKI DREAM!!!,5,11.8,Lv. 11.8
Doll Judgment,1,3,Lv. 3
Doll Judgment,2,4,Lv. 4
Doll Judgment,3,7.8,Lv. 7.8
Doll Judgment,4,10.4,Lv. 10.4
Doll Judgment,5,12.5,Lv. 12.5
DONUT HOLE,1,3,Lv. 3
DONUT HOLE,2,5,Lv. 5
DONUT HOLE,3,6.8,Lv. 6.8
DONUT HOLE,4,10.4,Lv. 10.4
DONUT HOLE,5,12.7,Lv. 12.7
DRAGONLADY,1,2,Lv. 2
DRAGONLADY,2,5,Lv. 5
DRAGONLADY,3,7.6,Lv. 7.6
DRAGONLADY,4,11.4,Lv. 11.4
DRAGONLADY,5,12.8,Lv. 12.8
Dragoon,1,3,Lv. 3
Dragoon,2,5,Lv. 5
Dragoon,3,7.8,Lv. 7.8
Dragoon,4,9.4,Lv. 9.4
Dragoon,5,12.3,Lv. 12.3
DUNE feat. Hatsune Miku,1,2,Lv. 2
DUNE feat. Hatsune Miku,2,4,Lv. 4
DUNE feat. Hatsune Miku,3,6.8,Lv. 6.8
DUNE feat. Hatsune Miku,4,9,Lv. 9
DUNE feat. Hatsune Miku,5,12.3,Lv. 12.3
ECHO,1,2,Lv. 2
ECHO,2,4,Lv. 4
ECHO,3,6.8,Lv. 6.8
ECHO,4,9.7,Lv. 9.7
ECHO,5,12.5,Lv. 12.5
Electric Angel,1,2,Lv. 2
Electric Angel,2,4,Lv. 4
Electric Angel,3,7.2,Lv. 7.2
Electric Angel,4,8.8,Lv. 8.8
Electric Angel,5,10.9,Lv. 10.9
End Mark ni Kibou to Namida wo soete,1,4,Lv. 4
End Mark ni Kibou to Namida wo soete,2,6,Lv. 6
End Mark ni Kibou to Namida wo soete,3,8.8,Lv. 8.8
End Mark ni Kibou to Namida wo soete,4,11.1,Lv. 11.1
End Mark ni Kibou to Namida wo soete,5,13.3,Lv. 13.3
End Time,1,3,Lv. 3
End Time,2,6,Lv. 6
End Time,3,8.5,Lv. 8.5
End Time,4,11.4,Lv. 11.4
End Time,5,13.7,Lv. 13.7
ENERGY SYNERGY MATRIX,1,2,Lv. 2
ENERGY SYNERGY MATRIX,2,5,Lv. 5
ENERGY SYNERGY MATRIX,3,7,Lv. 7
ENERGY SYNERGY MATRIX,4,10.9,Lv. 10.9
ENERGY SYNERGY MATRIX,5,12.7,Lv. 12.7
ENJOY POLIS,1,2,Lv. 2
ENJOY POLIS,2,5,Lv. 5
ENJOY POLIS,3,7.4,Lv. 7.4
ENJOY POLIS,4,9,Lv. 9
ENJOY POLIS,5,11.7,Lv. 11.7
Epikouros no niji wa mou mienai,1,2,Lv. 2
Epikouros no niji wa mou mienai,2,4,Lv. 4
Epikouros no niji wa mou mienai,3,6.6,Lv. 6.6
Epikouros no niji wa mou mienai,4,8.4,Lv. 8.4
Epikouros no niji wa mou mienai,5,10.6,Lv. 10.6
Epikouros no niji wa mou mienai,6,11.9,Lv. 11.9
EVERGREEN,1,2,Lv. 2
EVERGREEN,2,4,Lv. 4
EVERGREEN,3,7,Lv. 7
EVERGREEN,4,10.5,Lv. 10.5
EVERGREEN,5,12,Lv. 12
Excalibur ～Revived resolution～,1,4,Lv. 4
Excalibur ～Revived resolution～,2,6,Lv. 6
Excalibur ～Revived resolution～,3,9.5,Lv. 9.5
Excalibur ～Revived resolution～,4,11.5,Lv. 11.5
Excalibur ～Revived resolution～,5,13.8,Lv. 13.8
fake!fake!,1,2,Lv. 2
fake!fake!,2,4,Lv. 4
fake!fake!,3,7,Lv. 7
fake!fake!,4,8.7,Lv. 8.7
fake!fake!,5,11.7,Lv. 11.7
FFT,1,4,Lv. 4
FFT,2,6,Lv. 6
FFT,3,8.7,Lv. 8.7
FFT,4,11.6,Lv. 11.6
FFT,5,13.5,Lv. 13.5
FFT,6,13.9,Lv. 13.9
Fist Bump,1,3,Lv. 3
Fist Bump,2,5,Lv. 5
Fist Bump,3,7.7,Lv. 7.7
Fist Bump,4,9.8,Lv. 9.8
Fist Bump,5,12,Lv. 12
Fixer,1,2,Lv. 2
Fixer,2,4,Lv. 4
Fixer,3,6.8,Lv. 6.8
Fixer,4,8.8,Lv. 8.8
Fixer,5,12.4,Lv. 12.4
FLOWER,1,3,Lv. 3
FLOWER,2,5,Lv. 5
FLOWER,3,7.5,Lv. 7.5
FLOWER,4,10.3,Lv. 10.3
FLOWER,5,12.8,Lv. 12.8
"Flower, snow and Drum'n'bass.",1,2,Lv. 2
"Flower, snow and Drum'n'bass.",2,6,Lv. 6
"Flower, snow and Drum'n'bass.",3,8,Lv. 8
"Flower, snow and Drum'n'bass.",4,11.3,Lv. 11.3
"Flower, snow and Drum'n'bass.",5,13.5,Lv. 13.5
"Flower, snow and Drum'n'bass.",6,12.9,Lv. 12.9
Four-Dimensional Warp Device,1,2,Lv. 2
Four-Dimensional Warp Device,2,4,Lv. 4
Four-Dimensional Warp Device,3,6.2,Lv. 6.2
Four-Dimensional Warp Device,4,9.2,Lv. 9.2
Four-Dimensional Warp Device,5,12,Lv. 12
FREEDOM DiVE (tpz Overcute Remix),1,4,Lv. 4
FREEDOM DiVE (tpz Overcute Remix),2,6,Lv. 6
FREEDOM DiVE (tpz Overcute Remix),3,8.7,Lv. 8.7
FREEDOM DiVE (tpz Overcute Remix),4,10.8,Lv. 10.8
FREEDOM DiVE (tpz Overcute Remix),5,13.4,Lv. 13.4
Fusigi-no-kuni no Christmas,1,2,Lv. 2
Fusigi-no-kuni no Christmas,2,4,Lv. 4
Fusigi-no-kuni no Christmas,3,5.8,Lv. 5.8
Fusigi-no-kuni no Christmas,4,8.5,Lv. 8.5
Fusigi-no-kuni no Christmas,5,11.8,Lv. 11.8
Gacha Gacha Cute Figu@mate,1,3,Lv. 3
Gacha Gacha Cute Figu@mate,2,5,Lv. 5
Gacha Gacha Cute Figu@mate,3,7,Lv. 7
Gacha Gacha Cute Figu@mate,4,9.8,Lv. 9.8
Gacha Gacha Cute Figu@mate,5,11.8,Lv. 11.8
Garakuta Doll Play,1,4,Lv. 4
Garakuta Doll Play,2,6,Lv. 6
Garakuta Doll Play,3,8.2,Lv. 8.2
Garakuta Doll Play,4,11,Lv. 11
Garakuta Doll Play,5,13.1,Lv. 13.1
Garakuta Doll Play,6,13.7,Lv. 13.7
gensounosateraito,1,2,Lv. 2
gensounosateraito,2,4,Lv. 4
gensounosateraito,3,7.3,Lv. 7.3
gensounosateraito,4,9.7,Lv. 9.7
gensounosateraito,5,12.9,Lv. 12.9
Get Happy,1,3,Lv. 3
Get Happy,2,5,Lv. 5
Get Happy,3,7,Lv. 7
Get Happy,4,10.8,Lv. 10.8
Get Happy,5,12.3,Lv. 12.3
Getting Faster and Faster,1,2,Lv. 2
Getting Faster and Faster,2,4,Lv. 4
Getting Faster and Faster,3,7.5,Lv. 7.5
Getting Faster and Faster,4,8.8,Lv. 8.8
Getting Faster and Faster,5,10.9,Lv. 10.9
Getting Faster and Faster,6,11.2,Lv. 11.2
Glorious Crown,1,4,Lv. 4
Glorious Crown,2,6,Lv. 6
Glorious Crown,3,9.7,Lv. 9.7
Glorious Crown,4,11.3,Lv. 11.3
Glorious Crown,5,13.7,Lv. 13.7
GO BACK 2 YOUR RAVE,1,3,Lv. 3
GO BACK 2 YOUR RAVE,2,5,Lv. 5
GO BACK 2 YOUR RAVE,3,7.7,Lv. 7.7
GO BACK 2 YOUR RAVE,4,10.5,Lv. 10.5
GO BACK 2 YOUR RAVE,5,12.9,Lv. 12.9
GoldenHolyNightRottingintotheFrostandSnow,1,3,Lv. 3
GoldenHolyNightRottingintotheFrostandSnow,2,5,Lv. 5
GoldenHolyNightRottingintotheFrostandSnow,3,7.8,Lv. 7.8
GoldenHolyNightRottingintotheFrostandSnow,4,9.8,Lv. 9.8
GoldenHolyNightRottingintotheFrostandSnow,5,11.9,Lv. 11.9
"Good Bye, Mr. Jack",1,3,Lv. 3
"Good Bye, Mr. Jack",2,5,Lv. 5
"Good Bye, Mr. Jack",3,8.2,Lv. 8.2
"Good Bye, Mr. Jack",4,11.5,Lv. 11.5
"Good Bye, Mr. Jack",5,12.9,Lv. 12.9
Grumpy Waltz,1,3,Lv. 3
Grumpy Waltz,2,5,Lv. 5
Grumpy Waltz,3,7,Lv. 7
Grumpy Waltz,4,8.8,Lv. 8.8
Grumpy Waltz,5,12.1,Lv. 12.1
Guren no Yumiya,1,1,Lv. 1
Guren no Yumiya,2,4,Lv. 4
Guren no Yumiya,3,7.8,Lv. 7.8
Guren no Yumiya,4,9,Lv. 9
Guren no Yumiya,5,11.1,Lv. 11.1
Hand in Hand,1,2,Lv. 2
Hand in Hand,2,4,Lv. 4
Hand in Hand,3,6,Lv. 6
Hand in Hand,4,8.9,Lv. 8.9
Hand in Hand,5,11.2,Lv. 11.2
Helix of Garatia,1,3,Lv. 3
Helix of Garatia,2,6,Lv. 6
Helix of Garatia,3,8,Lv. 8
Helix of Garatia,4,11,Lv. 11
Helix of Garatia,5,13.5,Lv. 13.5
Helix of Garatia,6,13.7,Lv. 13.7
HERA,1,4,Lv. 4
HERA,2,6,Lv. 6
HERA,3,8.5,Lv. 8.5
HERA,4,10.8,Lv. 10.8
HERA,5,13.2,Lv. 13.2
HIBANA,1,3,Lv. 3
HIBANA,2,4,Lv. 4
HIBANA,3,7.4,Lv. 7.4
HIBANA,4,9.7,Lv. 9.7
HIBANA,5,10.8,Lv. 10.8
HIBANA,6,11.8,Lv. 11.8
Hibikase,1,2,Lv. 2
Hibikase,2,4,Lv. 4
Hibikase,3,7,Lv. 7
Hibikase,4,9.8,Lv. 9.8
Hibikase,5,12.1,Lv. 12.1
hiiro no dance,1,2,Lv. 2
hiiro no dance,2,4,Lv. 4
hiiro no dance,3,6.8,Lv. 6.8
hiiro no dance,4,9,Lv. 9
hiiro no dance,5,11.9,Lv. 11.9
hiiro no dance,6,12.6,Lv. 12.6
HIMITSU SPARK,1,2,Lv. 2
HIMITSU SPARK,2,4,Lv. 4
HIMITSU SPARK,3,6.8,Lv. 6.8
HIMITSU SPARK,4,8.7,Lv. 8.7
HIMITSU SPARK,5,11.7,Lv. 11.7
Houkago Stride,1,2,Lv. 2
Houkago Stride,2,4,Lv. 4
Houkago Stride,3,7.6,Lv. 7.6
Houkago Stride,4,9.1,Lv. 9.1
Houkago Stride,5,11.8,Lv. 11.8
How to be maimai sinken master!,1,3,Lv. 3
How to be maimai sinken master!,2,5,Lv. 5
How to be maimai sinken master!,3,7.8,Lv. 7.8
How to be maimai sinken master!,4,9.7,Lv. 9.7
How to be maimai sinken master!,5,12.2,Lv. 12.2
Hyper Active,1,4,Lv. 4
Hyper Active,2,6,Lv. 6
Hyper Active,3,8.3,Lv. 8.3
Hyper Active,4,11,Lv. 11
Hyper Active,5,12.9,Lv. 12.9
I must transform to Magical-girl,1,3,Lv. 3
I must transform to Magical-girl,2,5,Lv. 5
I must transform to Magical-girl,3,8,Lv. 8
I must transform to Magical-girl,4,10.8,Lv. 10.8
I must transform to Magical-girl,5,12.9,Lv. 12.9
I wanna be it!,1,3,Lv. 3
I wanna be it!,2,5,Lv. 5
I wanna be it!,3,7.2,Lv. 7.2
I wanna be it!,4,9.2,Lv. 9.2
I wanna be it!,5,10.8,Lv. 10.8
I wanna be it!,6,12.1,Lv. 12.1
Ievan Polkka,1,1,Lv. 1
Ievan Polkka,2,3,Lv. 3
Ievan Polkka,3,6.8,Lv. 6.8
Ievan Polkka,4,10.7,Lv. 10.7
Ievan Polkka,5,12.5,Lv. 12.5
Ikazuchi,1,4,Lv. 4
Ikazuchi,2,6,Lv. 6
Ikazuchi,3,8.8,Lv. 8.8
Ikazuchi,4,11.8,Lv. 11.8
Ikazuchi,5,13.6,Lv. 13.6
IKUSHION-Ixion-,1,3,Lv. 3
IKUSHION-Ixion-,2,5,Lv. 5
IKUSHION-Ixion-,3,7.8,Lv. 7.8
IKUSHION-Ixion-,4,9.2,Lv. 9.2
IKUSHION-Ixion-,5,11.7,Lv. 11.7
Imagined Mirage,1,3,Lv. 3
Imagined Mirage,2,5,Lv. 5
Imagined Mirage,3,7,Lv. 7
Imagined Mirage,4,9.5,Lv. 9.5
Imagined Mirage,5,12.4,Lv. 12.4
Imperishable Night 2006 (2016 Refine),1,3,Lv. 3
Imperishable Night 2006 (2016 Refine),2,5,Lv. 5
Imperishable Night 2006 (2016 Refine),3,7.8,Lv. 7.8
Imperishable Night 2006 (2016 Refine),4,10.5,Lv. 10.5
Imperishable Night 2006 (2016 Refine),5,12.7,Lv. 12.7
In Chaos,1,2,Lv. 2
In Chaos,2,5,Lv. 5
In Chaos,3,6.8,Lv. 6.8
In Chaos,4,8,Lv. 8
In Chaos,5,10.7,Lv. 10.7
In Chaos,6,13.7,Lv. 13.7
Infantoon Fantasy,1,3,Lv. 3
Infantoon Fantasy,2,5,Lv. 5
Infantoon Fantasy,3,7.8,Lv. 7.8
Infantoon Fantasy,4,9.3,Lv. 9.3
Infantoon Fantasy,5,12.5,Lv. 12.5
Invisible,1,3,Lv. 3
Invisible,2,5,Lv. 5
Invisible,3,7.2,Lv. 7.2
Invisible,4,9.8,Lv. 9.8
Invisible,5,10.9,Lv. 10.9
Invisible,6,12.7,Lv. 12.7
Inzen,1,3,Lv. 3
Inzen,2,5,Lv. 5
Inzen,3,7.8,Lv. 7.8
Inzen,4,9.8,Lv. 9.8
Inzen,5,11.1,Lv. 11.1
Inzen,6,12.4,Lv. 12.4
Iro Ha Nioedo Chirinuruwo,1,2,Lv. 2
Iro Ha Nioedo Chirinuruwo,2,3,Lv. 3
Iro Ha Nioedo Chirinuruwo,3,6.8,Lv. 6.8
Iro Ha Nioedo Chirinuruwo,4,8.2,Lv. 8.2
Iro Ha Nioedo Chirinuruwo,5,11.3,Lv. 11.3
Irotoridori no melody,1,2,Lv. 2
Irotoridori no melody,2,4,Lv. 4
Irotoridori no melody,3,6.5,Lv. 6.5
Irotoridori no melody,4,9.5,Lv. 9.5
Irotoridori no melody,5,11.7,Lv. 11.7
Jack-the-Ripper◆,1,3,Lv. 3
Jack-the-Ripper◆,2,5,Lv. 5
Jack-the-Ripper◆,3,8.2,Lv. 8.2
Jack-the-Ripper◆,4,10.4,Lv. 10.4
Jack-the-Ripper◆,5,12.9,Lv. 12.9
Jinglebell,1,2,Lv. 2
Jinglebell,2,5,Lv. 5
Jinglebell,3,7.1,Lv. 7.1
Jinglebell,4,9.5,Lv. 9.5
Jinglebell,5,13.1,Lv. 13.1
Jinglebell,6,13.1,Lv. 13.1
Jumble Rumble,1,3,Lv. 3
Jumble Rumble,2,5,Lv. 5
Jumble Rumble,3,8,Lv. 8
Jumble Rumble,4,10.8,Lv. 10.8
Jumble Rumble,5,12.8,Lv. 12.8
Just Be Friends,1,1,Lv. 1
Just Be Friends,2,4,Lv. 4
Just Be Friends,3,7,Lv. 7
Just Be Friends,4,9,Lv. 9
Just Be Friends,5,11.7,Lv. 11.7
Kagerou Days,1,2,Lv. 2
Kagerou Days,2,4,Lv. 4
Kagerou Days,3,6.2,Lv. 6.2
Kagerou Days,4,9.8,Lv. 9.8
Kagerou Days,5,11.2,Lv. 11.2
Kagerou Days,6,13,Lv. 13
kakoinakiyohaichigonotsukikage,1,2,Lv. 2
kakoinakiyohaichigonotsukikage,2,5,Lv. 5
kakoinakiyohaichigonotsukikage,3,7.2,Lv. 7.2
kakoinakiyohaichigonotsukikage,4,9.1,Lv. 9.1
kakoinakiyohaichigonotsukikage,5,11.2,Lv. 11.2
KAKUSHINTEKI METAMARUFOOZE,1,2,Lv. 2
KAKUSHINTEKI METAMARUFOOZE,2,4,Lv. 4
KAKUSHINTEKI METAMARUFOOZE,3,6.8,Lv. 6.8
KAKUSHINTEKI METAMARUFOOZE,4,8.3,Lv. 8.3
KAKUSHINTEKI METAMARUFOOZE,5,11,Lv. 11
KAKUSHINTEKI METAMARUFOOZE,6,12,Lv. 12
Kanbu de Tomatte Sugu Tokeru,1,2,Lv. 2
Kanbu de Tomatte Sugu Tokeru,2,4,Lv. 4
Kanbu de Tomatte Sugu Tokeru,3,7.2,Lv. 7.2
Kanbu de Tomatte Sugu Tokeru,4,9,Lv. 9
Kanbu de Tomatte Sugu Tokeru,5,12.7,Lv. 12.7
Kanbu de Tomatte Sugu Tokeru,6,13,Lv. 13
keep hopping,1,3,Lv. 3
keep hopping,2,5,Lv. 5
keep hopping,3,7.8,Lv. 7.8
keep hopping,4,10.8,Lv. 10.8
keep hopping,5,12.9,Lv. 12.9
Kiborinamazu to Migikatazonbi,1,2,Lv. 2
Kiborinamazu to Migikatazonbi,2,5,Lv. 5
Kiborinamazu to Migikatazonbi,3,7.3,Lv. 7.3
Kiborinamazu to Migikatazonbi,4,9.3,Lv. 9.3
Kiborinamazu to Migikatazonbi,5,12.4,Lv. 12.4
Kinda Way,1,3,Lv. 3
Kinda Way,2,4,Lv. 4
Kinda Way,3,7.8,Lv. 7.8
Kinda Way,4,10,Lv. 10
Kinda Way,5,12,Lv. 12
KING is BACK!!,1,3,Lv. 3
KING is BACK!!,2,5,Lv. 5
KING is BACK!!,3,8,Lv. 8
KING is BACK!!,4,10.4,Lv. 10.4
KING is BACK!!,5,12.8,Lv. 12.8
Kirin,1,4,Lv. 4
Kirin,2,6,Lv. 6
Kirin,3,8.7,Lv. 8.7
Kirin,4,11.2,Lv. 11.2
Kirin,5,13.2,Lv. 13.2
KISS CANDY FLAVOR,1,2,Lv. 2
KISS CANDY FLAVOR,2,4,Lv. 4
KISS CANDY FLAVOR,3,7.5,Lv. 7.5
KISS CANDY FLAVOR,4,9.7,Lv. 9.7
KISS CANDY FLAVOR,5,12.1,Lv. 12.1
KOKORO,1,1,Lv. 1
KOKORO,2,4,Lv. 4
KOKORO,3,6.5,Lv. 6.5
KOKORO,4,8.5,Lv. 8.5
KOKORO,5,10.9,Lv. 10.9
Kono Piano de Omae o 8759632145kai Bunnaguru,1,3,Lv. 3
Kono Piano de Omae o 8759632145kai Bunnaguru,2,5,Lv. 5
Kono Piano de Omae o 8759632145kai Bunnaguru,3,7.5,Lv. 7.5
Kono Piano de Omae o 8759632145kai Bunnaguru,4,9.7,Lv. 9.7
Kono Piano de Omae o 8759632145kai Bunnaguru,5,12.2,Lv. 12.2
KYOKUKEN,1,3,Lv. 3
KYOKUKEN,2,6,Lv. 6
KYOKUKEN,3,8.7,Lv. 8.7
KYOKUKEN,4,11.5,Lv. 11.5
KYOKUKEN,5,13,Lv. 13
Kyouen,1,2,Lv. 2
Kyouen,2,4,Lv. 4
Kyouen,3,6,Lv. 6
Kyouen,4,8,Lv. 8
Kyouen,5,11.6,Lv. 11.6
L4TS:2018 (feat. Ah1ru &KTA),1,2,Lv. 2
L4TS:2018 (feat. Ah1ru &KTA),2,4,Lv. 4
L4TS:2018 (feat. Ah1ru &KTA),3,7,Lv. 7
L4TS:2018 (feat. Ah1ru &KTA),4,10.4,Lv. 10.4
L4TS:2018 (feat. Ah1ru &KTA),5,12.5,Lv. 12.5
L9,1,4,Lv. 4
L9,2,6,Lv. 6
L9,3,7.5,Lv. 7.5
L9,4,9.4,Lv. 9.4
L9,5,12.5,Lv. 12.5
LANCE,1,3,Lv. 3
LANCE,2,5,Lv. 5
LANCE,3,7.9,Lv. 7.9
LANCE,4,9.7,Lv. 9.7
LANCE,5,12.6,Lv. 12.6
larva,1,4,Lv. 4
larva,2,6,Lv. 6
larva,3,8.5,Lv. 8.5
larva,4,11.6,Lv. 11.6
larva,5,13.7,Lv. 13.7
Last Brutal Sister Flandre S,1,3,Lv. 3
Last Brutal Sister Flandre S,2,4,Lv. 4
Last Brutal Sister Flandre S,3,7,Lv. 7
Last Brutal Sister Flandre S,4,9.8,Lv. 9.8
Last Brutal Sister Flandre S,5,10.9,Lv. 10.9
Last Brutal Sister Flandre S,6,12.7,Lv. 12.7
Let's Go Away,1,1,Lv. 1
Let's Go Away,2,4,Lv. 4
Let's Go Away,3,7,Lv. 7
Let's Go Away,4,9.4,Lv. 9.4
Let's Go Away,5,11.9,Lv. 11.9
Life Feels Good,1,3,Lv. 3
Life Feels Good,2,5,Lv. 5
Life Feels Good,3,8,Lv. 8
Life Feels Good,4,10.8,Lv. 10.8
Life Feels Good,5,12.4,Lv. 12.4
Like the Wind [Reborn],1,3,Lv. 3
Like the Wind [Reborn],2,5,Lv. 5
Like the Wind [Reborn],3,8.2,Lv. 8.2
Like the Wind [Reborn],4,9.7,Lv. 9.7
Like the Wind [Reborn],5,12.7,Lv. 12.7
Limit Break,1,2,Lv. 2
Limit Break,2,5,Lv. 5
Limit Break,3,7.5,Lv. 7.5
Limit Break,4,9.8,Lv. 9.8
Limit Break,5,12,Lv. 12
Lionheart,1,3,Lv. 3
Lionheart,2,6,Lv. 6
Lionheart,3,7.4,Lv. 7.4
Lionheart,4,9.8,Lv. 9.8
Lionheart,5,12.3,Lv. 12.3
Lividi,1,4,Lv. 4
Lividi,2,5,Lv. 5
Lividi,3,8.8,Lv. 8.8
Lividi,4,11,Lv. 11
Lividi,5,12.9,Lv. 12.9
Love Trial,1,2,Lv. 2
Love Trial,2,4,Lv. 4
Love Trial,3,6.3,Lv. 6.3
Love Trial,4,8.6,Lv. 8.6
Love Trial,5,10,Lv. 10
Love You,1,2,Lv. 2
Love You,2,5,Lv. 5
Love You,3,6,Lv. 6
Love You,4,8.3,Lv. 8.3
Love You,5,10.6,Lv. 10.6
Magical Flavor,1,2,Lv. 2
Magical Flavor,2,4,Lv. 4
Magical Flavor,3,7.5,Lv. 7.5
Magical Flavor,4,9,Lv. 9
Magical Flavor,5,12.2,Lv. 12.2
MagicalSoundShower,1,3,Lv. 3
MagicalSoundShower,2,5,Lv. 5
MagicalSoundShower,3,7.2,Lv. 7.2
MagicalSoundShower,4,9.5,Lv. 9.5
MagicalSoundShower,5,12.3,Lv. 12.3
Mare Maris,1,3,Lv. 3
Mare Maris,2,5,Lv. 5
Mare Maris,3,8.5,Lv. 8.5
Mare Maris,4,10.8,Lv. 10.8
Mare Maris,5,12.9,Lv. 12.9
Marisa Stole the Precious Thing,1,2,Lv. 2
Marisa Stole the Precious Thing,2,4,Lv. 4
Marisa Stole the Precious Thing,3,6.4,Lv. 6.4
Marisa Stole the Precious Thing,4,7.8,Lv. 7.8
Marisa Stole the Precious Thing,5,11.7,Lv. 11.7
METATRON,1,3,Lv. 3
METATRON,2,6,Lv. 6
METATRON,3,8,Lv. 8
METATRON,4,10.2,Lv. 10.2
METATRON,5,12.8,Lv. 12.8
Miracle Paint,1,3,Lv. 3
Miracle Paint,2,4,Lv. 4
Miracle Paint,3,6.4,Lv. 6.4
Miracle Paint,4,9.4,Lv. 9.4
Miracle Paint,5,12.4,Lv. 12.4
Miracle Shopping,1,2,Lv. 2
Miracle Shopping,2,4,Lv. 4
Miracle Shopping,3,6.2,Lv. 6.2
Miracle Shopping,4,9.2,Lv. 9.2
Miracle Shopping,5,11.5,Lv. 11.5
MIRROR of MAGIC,1,3,Lv. 3
MIRROR of MAGIC,2,4,Lv. 4
MIRROR of MAGIC,3,7,Lv. 7
MIRROR of MAGIC,4,9,Lv. 9
MIRROR of MAGIC,5,11.7,Lv. 11.7
MKDR,1,2,Lv. 2
MKDR,2,3,Lv. 3
MKDR,3,6.2,Lv. 6.2
MKDR,4,8.2,Lv. 8.2
MKDR,5,10.5,Lv. 10.5
MKDR,6,12.2,Lv. 12.2
Money Money,1,2,Lv. 2
Money Money,2,4,Lv. 4
Money Money,3,6.5,Lv. 6.5
Money Money,4,9.2,Lv. 9.2
Money Money,5,12,Lv. 12
Monochrome Rainbow,1,2,Lv. 2
Monochrome Rainbow,2,4,Lv. 4
Monochrome Rainbow,3,7.8,Lv. 7.8
Monochrome Rainbow,4,9.4,Lv. 9.4
Monochrome Rainbow,5,11,Lv. 11
Monosugoi Ikioide Ke-ne ga Sugoi Uta,1,2,Lv. 2
Monosugoi Ikioide Ke-ne ga Sugoi Uta,2,4,Lv. 4
Monosugoi Ikioide Ke-ne ga Sugoi Uta,3,6.5,Lv. 6.5
Monosugoi Ikioide Ke-ne ga Sugoi Uta,4,8.2,Lv. 8.2
Monosugoi Ikioide Ke-ne ga Sugoi Uta,5,11.6,Lv. 11.6
Moon of Noon,1,4,Lv. 4
Moon of Noon,2,6,Lv. 6
Moon of Noon,3,8.2,Lv. 8.2
Moon of Noon,4,11.2,Lv. 11.2
Moon of Noon,5,13.4,Lv. 13.4
MOU MINNA SHINEBA IINONI.,1,3,Lv. 3
MOU MINNA SHINEBA IINONI.,2,5,Lv. 5
MOU MINNA SHINEBA IINONI.,3,7.3,Lv. 7.3
MOU MINNA SHINEBA IINONI.,4,10.7,Lv. 10.7
MOU MINNA SHINEBA IINONI.,5,12.8,Lv. 12.8
Mr. Wonderland,1,3,Lv. 3
Mr. Wonderland,2,5,Lv. 5
Mr. Wonderland,3,6.5,Lv. 6.5
Mr. Wonderland,4,8.7,Lv. 8.7
Mr. Wonderland,5,12,Lv. 12
NE!KO!,1,2,Lv. 2
NE!KO!,2,4,Lv. 4
NE!KO!,3,7,Lv. 7
NE!KO!,4,9,Lv. 9
NE!KO!,5,11.8,Lv. 11.8
Necrofantasia～Arr.Demetori,1,3,Lv. 3
Necrofantasia～Arr.Demetori,2,4,Lv. 4
Necrofantasia～Arr.Demetori,3,7.5,Lv. 7.5
Necrofantasia～Arr.Demetori,4,10,Lv. 10
Necrofantasia～Arr.Demetori,5,12.5,Lv. 12.5
Neko Matsuri,1,3,Lv. 3
Neko Matsuri,2,4,Lv. 4
Neko Matsuri,3,7.7,Lv. 7.7
Neko Matsuri,4,10,Lv. 10
Neko Matsuri,5,12,Lv. 12
Night of Knights/Knight of Nights,1,2,Lv. 2
Night of Knights/Knight of Nights,2,4,Lv. 4
Night of Knights/Knight of Nights,3,7.2,Lv. 7.2
Night of Knights/Knight of Nights,4,10.2,Lv. 10.2
Night of Knights/Knight of Nights,5,11.7,Lv. 11.7
Night of Knights/Knight of Nights,6,13.3,Lv. 13.3
Nightmare Party Night,1,3,Lv. 3
Nightmare Party Night,2,4,Lv. 4
Nightmare Party Night,3,7.5,Lv. 7.5
Nightmare Party Night,4,9.5,Lv. 9.5
Nightmare Party Night,5,10.7,Lv. 10.7
Nightmare Party Night,6,11.8,Lv. 11.8
No Entry,1,3,Lv. 3
No Entry,2,4,Lv. 4
No Entry,3,6.8,Lv. 6.8
No Entry,4,9.8,Lv. 9.8
No Entry,5,10.8,Lv. 10.8
No Entry,6,12.7,Lv. 12.7
NOISYLOVEPOWER,1,2,Lv. 2
NOISYLOVEPOWER,2,4,Lv. 4
NOISYLOVEPOWER,3,6.2,Lv. 6.2
NOISYLOVEPOWER,4,9.7,Lv. 9.7
NOISYLOVEPOWER,5,10.8,Lv. 10.8
NOISYLOVEPOWER,6,12.1,Lv. 12.1
Nonsense Literature,1,2,Lv. 2
Nonsense Literature,2,4,Lv. 4
Nonsense Literature,3,7,Lv. 7
Nonsense Literature,4,9.9,Lv. 9.9
Nonsense Literature,5,12.5,Lv. 12.5
nou shou sakuretsu girl,1,3,Lv. 3
nou shou sakuretsu girl,2,4,Lv. 4
nou shou sakuretsu girl,3,6.3,Lv. 6.3
nou shou sakuretsu girl,4,11,Lv. 11
nou shou sakuretsu girl,5,12.8,Lv. 12.8
Nyan Cat EX,1,2,Lv. 2
Nyan Cat EX,2,4,Lv. 4
Nyan Cat EX,3,7.1,Lv. 7.1
Nyan Cat EX,4,9.8,Lv. 9.8
Nyan Cat EX,5,12.5,Lv. 12.5
Okinimesumama,1,2,Lv. 2
Okinimesumama,2,4,Lv. 4
Okinimesumama,3,7,Lv. 7
Okinimesumama,4,8.8,Lv. 8.8
Okinimesumama,5,10.5,Lv. 10.5
Okinimesumama,6,12,Lv. 12
Okocyama Sensou,1,2,Lv. 2
Okocyama Sensou,2,4,Lv. 4
Okocyama Sensou,3,6.5,Lv. 6.5
Okocyama Sensou,4,9.3,Lv. 9.3
Okocyama Sensou,5,12,Lv. 12
ONEgai Darlin',1,2,Lv. 2
ONEgai Darlin',2,4,Lv. 4
ONEgai Darlin',3,6.7,Lv. 6.7
ONEgai Darlin',4,9.7,Lv. 9.7
ONEgai Darlin',5,11.8,Lv. 11.8
only my railgun,1,2,Lv. 2
only my railgun,2,4,Lv. 4
only my railgun,3,6.2,Lv. 6.2
only my railgun,4,9,Lv. 9
only my railgun,5,10.7,Lv. 10.7
only my railgun,6,11.7,Lv. 11.7
Oshama Scramble!,1,3,Lv. 3
Oshama Scramble!,2,5,Lv. 5
Oshama Scramble!,3,7.8,Lv. 7.8
Oshama Scramble!,4,10,Lv. 10
Oshama Scramble!,5,13.3,Lv. 13.3
Our Fighting,1,2,Lv. 2
Our Fighting,2,4,Lv. 4
Our Fighting,3,6.8,Lv. 6.8
Our Fighting,4,9.3,Lv. 9.3
Our Fighting,5,11.1,Lv. 11.1
Our Wrenally,1,4,Lv. 4
Our Wrenally,2,6,Lv. 6
Our Wrenally,3,9,Lv. 9
Our Wrenally,4,11.5,Lv. 11.5
Our Wrenally,5,13.8,Lv. 13.8
Outer Science,1,3,Lv. 3
Outer Science,2,5,Lv. 5
Outer Science,3,7.2,Lv. 7.2
Outer Science,4,10.8,Lv. 10.8
Outer Science,5,12.3,Lv. 12.3
Oyome ni Shinasai!,1,3,Lv. 3
Oyome ni Shinasai!,2,4,Lv. 4
Oyome ni Shinasai!,3,6.8,Lv. 6.8
Oyome ni Shinasai!,4,9.4,Lv. 9.4
Oyome ni Shinasai!,5,11,Lv. 11
PANDORA PARADOXXX,1,6,Lv. 6
PANDORA PARADOXXX,2,7.7,Lv. 7.7
PANDORA PARADOXXX,3,10.7,Lv. 10.7
PANDORA PARADOXXX,4,12.7,Lv. 12.7
PANDORA PARADOXXX,5,13.9,Lv. 13.9
PANDORA PARADOXXX,6,14,Lv. 14
Panopticon,1,4,Lv. 4
Panopticon,2,5,Lv. 5
Panopticon,3,8.7,Lv. 8.7
Panopticon,4,11.5,Lv. 11.5
Panopticon,5,13.4,Lv. 13.4
Panopticon,6,13.4,Lv. 13.4
Paradisus-Paradoxum,1,2,Lv. 2
Paradisus-Paradoxum,2,4,Lv. 4
Paradisus-Paradoxum,3,7.3,Lv. 7.3
Paradisus-Paradoxum,4,9.2,Lv. 9.2
Paradisus-Paradoxum,5,12.2,Lv. 12.2
Party 4U ”holy nite mix”,1,3,Lv. 3
Party 4U ”holy nite mix”,2,5,Lv. 5
Party 4U ”holy nite mix”,3,7,Lv. 7
Party 4U ”holy nite mix”,4,10,Lv. 10
Party 4U ”holy nite mix”,5,12.5,Lv. 12.5
Perfect Life,1,3,Lv. 3
Perfect Life,2,5,Lv. 5
Perfect Life,3,7.3,Lv. 7.3
Perfect Life,4,8.7,Lv. 8.7
Perfect Life,5,12,Lv. 12
Phantasm Brigade,1,2,Lv. 2
Phantasm Brigade,2,5,Lv. 5
Phantasm Brigade,3,7.4,Lv. 7.4
Phantasm Brigade,4,9.8,Lv. 9.8
Phantasm Brigade,5,12.2,Lv. 12.2
Pixel Voyage,1,1,Lv. 1
Pixel Voyage,2,3,Lv. 3
Pixel Voyage,3,6,Lv. 6
Pixel Voyage,4,8.1,Lv. 8.1
Pixel Voyage,5,11,Lv. 11
Please don‘t worry,1,2,Lv. 2
Please don‘t worry,2,4,Lv. 4
Please don‘t worry,3,7.5,Lv. 7.5
Please don‘t worry,4,9.9,Lv. 9.9
Please don‘t worry,5,11.8,Lv. 11.8
POPIPO,1,2,Lv. 2
POPIPO,2,3,Lv. 3
POPIPO,3,6.7,Lv. 6.7
POPIPO,4,8.4,Lv. 8.4
POPIPO,5,11.4,Lv. 11.4
Prophesy One,1,4,Lv. 4
Prophesy One,2,6,Lv. 6
Prophesy One,3,8.5,Lv. 8.5
Prophesy One,4,10.5,Lv. 10.5
Prophesy One,5,13.6,Lv. 13.6
QZKago Requiem,1,5,Lv. 5
QZKago Requiem,2,6,Lv. 6
QZKago Requiem,3,9.9,Lv. 9.9
QZKago Requiem,4,11.7,Lv. 11.7
QZKago Requiem,5,13.7,Lv. 13.7
QZKago Requiem,6,13.9,Lv. 13.9
Ragnarok,1,4,Lv. 4
Ragnarok,2,6,Lv. 6
Ragnarok,3,8.5,Lv. 8.5
Ragnarok,4,10.9,Lv. 10.9
Ragnarok,5,13.1,Lv. 13.1
Raikiri,1,4,Lv. 4
Raikiri,2,6,Lv. 6
Raikiri,3,8.5,Lv. 8.5
Raikiri,4,11.5,Lv. 11.5
Raikiri,5,13.5,Lv. 13.5
Raikiri,6,13.9,Lv. 13.9
Reach For The Stars,1,2,Lv. 2
Reach For The Stars,2,5,Lv. 5
Reach For The Stars,3,7.8,Lv. 7.8
Reach For The Stars,4,9.4,Lv. 9.4
Reach For The Stars,5,12.7,Lv. 12.7
Rebellion of the Dwarfs,1,3,Lv. 3
Rebellion of the Dwarfs,2,5,Lv. 5
Rebellion of the Dwarfs,3,7.7,Lv. 7.7
Rebellion of the Dwarfs,4,9.8,Lv. 9.8
Rebellion of the Dwarfs,5,12.7,Lv. 12.7
Rodeo Machine,1,1,Lv. 1
Rodeo Machine,2,3,Lv. 3
Rodeo Machine,3,6.5,Lv. 6.5
Rodeo Machine,4,9.7,Lv. 9.7
Rodeo Machine,5,12.3,Lv. 12.3
ROKI,1,2,Lv. 2
ROKI,2,4,Lv. 4
ROKI,3,7.2,Lv. 7.2
ROKI,4,9.4,Lv. 9.4
ROKI,5,10.8,Lv. 10.8
ROKI,6,12.4,Lv. 12.4
Role-playing game,1,2,Lv. 2
Role-playing game,2,4,Lv. 4
Role-playing game,3,6.8,Lv. 6.8
Role-playing game,4,8.9,Lv. 8.9
Role-playing game,5,11.3,Lv. 11.3
Rooftop Run: Act1,1,2,Lv. 2
Rooftop Run: Act1,2,4,Lv. 4
Rooftop Run: Act1,3,6.6,Lv. 6.6
Rooftop Run: Act1,4,9.7,Lv. 9.7
Rooftop Run: Act1,5,10.1,Lv. 10.1
Rooftop Run: Act1,6,11.7,Lv. 11.7
Roshin Yukai,1,3,Lv. 3
Roshin Yukai,2,4,Lv. 4
Roshin Yukai,3,6.2,Lv. 6.2
Roshin Yukai,4,9.8,Lv. 9.8
Roshin Yukai,5,11.3,Lv. 11.3
Sakura Fubuki,1,3,Lv. 3
Sakura Fubuki,2,4,Lv. 4
Sakura Fubuki,3,7.5,Lv. 7.5
Sakura Fubuki,4,10.7,Lv. 10.7
Sakura Fubuki,5,12.7,Lv. 12.7
SAKURAスキップ,1,2,Lv. 2
SAKURAスキップ,2,4,Lv. 4
SAKURAスキップ,3,6.2,Lv. 6.2
SAKURAスキップ,4,7.8,Lv. 7.8
SAKURAスキップ,5,10.9,Lv. 10.9
Save This World νMIX,1,3,Lv. 3
Save This World νMIX,2,5,Lv. 5
Save This World νMIX,3,7.3,Lv. 7.3
Save This World νMIX,4,8.9,Lv. 8.9
Save This World νMIX,5,11.9,Lv. 11.9
Save This World νMIX,6,11.9,Lv. 11.9
Scarlet Lance,1,3,Lv. 3
Scarlet Lance,2,6,Lv. 6
Scarlet Lance,3,8.5,Lv. 8.5
Scarlet Lance,4,11.2,Lv. 11.2
Scarlet Lance,5,13,Lv. 13
Scars of FAUNA,1,2,Lv. 2
Scars of FAUNA,2,5,Lv. 5
Scars of FAUNA,3,7,Lv. 7
Scars of FAUNA,4,9.6,Lv. 9.6
Scars of FAUNA,5,12.7,Lv. 12.7
Schwarzschild,1,4,Lv. 4
Schwarzschild,2,6,Lv. 6
Schwarzschild,3,8.9,Lv. 8.9
Schwarzschild,4,11.5,Lv. 11.5
Schwarzschild,5,13.5,Lv. 13.5
Schwarzschild,6,13.9,Lv. 13.9
SEGA SATURN Startup Sound[H.][Remix],1,2,Lv. 2
SEGA SATURN Startup Sound[H.][Remix],2,3,Lv. 3
SEGA SATURN Startup Sound[H.][Remix],3,6.3,Lv. 6.3
SEGA SATURN Startup Sound[H.][Remix],4,9.6,Lv. 9.6
SEGA SATURN Startup Sound[H.][Remix],5,11.7,Lv. 11.7
Seyana. ～AKANE's anything ok～,1,3,Lv. 3
Seyana. ～AKANE's anything ok～,2,4,Lv. 4
Seyana. ～AKANE's anything ok～,3,6.8,Lv. 6.8
Seyana. ～AKANE's anything ok～,4,9,Lv. 9
Seyana. ～AKANE's anything ok～,5,12,Lv. 12
Shiawase ni Nareru Kakushi Command ga Arurashii,1,3,Lv. 3
Shiawase ni Nareru Kakushi Command ga Arurashii,2,5,Lv. 5
Shiawase ni Nareru Kakushi Command ga Arurashii,3,8.5,Lv. 8.5
Shiawase ni Nareru Kakushi Command ga Arurashii,4,10.8,Lv. 10.8
Shiawase ni Nareru Kakushi Command ga Arurashii,5,12.9,Lv. 12.9
Shinchoku Doudesuka?,1,3,Lv. 3
Shinchoku Doudesuka?,2,5,Lv. 5
Shinchoku Doudesuka?,3,7.8,Lv. 7.8
Shinchoku Doudesuka?,4,9.5,Lv. 9.5
Shinchoku Doudesuka?,5,12.3,Lv. 12.3
Shinebaiinoni,1,2,Lv. 2
Shinebaiinoni,2,4,Lv. 4
Shinebaiinoni,3,6.2,Lv. 6.2
Shinebaiinoni,4,8.9,Lv. 8.9
Shinebaiinoni,5,11.7,Lv. 11.7
Shuuten,1,3,Lv. 3
Shuuten,2,5,Lv. 5
Shuuten,3,7.7,Lv. 7.7
Shuuten,4,10.8,Lv. 10.8
Shuuten,5,12.8,Lv. 12.8
Signature,1,3,Lv. 3
Signature,2,4,Lv. 4
Signature,3,7.8,Lv. 7.8
Signature,4,10.8,Lv. 10.8
Signature,5,12.2,Lv. 12.2
Signs Of Love (“Never More” ver.),1,2,Lv. 2
Signs Of Love (“Never More” ver.),2,4,Lv. 4
Signs Of Love (“Never More” ver.),3,7,Lv. 7
Signs Of Love (“Never More” ver.),4,9.9,Lv. 9.9
Signs Of Love (“Never More” ver.),5,11.7,Lv. 11.7
SILENT BLUE,1,4,Lv. 4
SILENT BLUE,2,5,Lv. 5
SILENT BLUE,3,8,Lv. 8
SILENT BLUE,4,11.4,Lv. 11.4
SILENT BLUE,5,13.8,Lv. 13.8
Sissou Ensemble,1,3,Lv. 3
Sissou Ensemble,2,5,Lv. 5
Sissou Ensemble,3,7.8,Lv. 7.8
Sissou Ensemble,4,9.8,Lv. 9.8
Sissou Ensemble,5,12.5,Lv. 12.5
Slip Flip,1,3,Lv. 3
Slip Flip,2,4,Lv. 4
Slip Flip,3,7.5,Lv. 7.5
Slip Flip,4,9.1,Lv. 9.1
Slip Flip,5,12.4,Lv. 12.4
Sosya ha tada senaka to violin de katarunomi,1,4,Lv. 4
Sosya ha tada senaka to violin de katarunomi,2,6,Lv. 6
Sosya ha tada senaka to violin de katarunomi,3,8.4,Lv. 8.4
Sosya ha tada senaka to violin de katarunomi,4,10.5,Lv. 10.5
Sosya ha tada senaka to violin de katarunomi,5,12.7,Lv. 12.7
sound,1,2,Lv. 2
sound,2,4,Lv. 4
sound,3,6.2,Lv. 6.2
sound,4,8.2,Lv. 8.2
sound,5,11.2,Lv. 11.2
specialist (“Never More” ver.),1,1,Lv. 1
specialist (“Never More” ver.),2,4,Lv. 4
specialist (“Never More” ver.),3,6.4,Lv. 6.4
specialist (“Never More” ver.),4,9.2,Lv. 9.2
specialist (“Never More” ver.),5,11.4,Lv. 11.4
Sprintrances,1,3,Lv. 3
Sprintrances,2,5,Lv. 5
Sprintrances,3,7.8,Lv. 7.8
Sprintrances,4,9.6,Lv. 9.6
Sprintrances,5,11.7,Lv. 11.7
StargazeR,1,2,Lv. 2
StargazeR,2,4,Lv. 4
StargazeR,3,6.8,Lv. 6.8
StargazeR,4,9.2,Lv. 9.2
StargazeR,5,11,Lv. 11
Starlight Dance Floor,1,1,Lv. 1
Starlight Dance Floor,2,4,Lv. 4
Starlight Dance Floor,3,6.8,Lv. 6.8
Starlight Dance Floor,4,8.8,Lv. 8.8
Starlight Dance Floor,5,11.1,Lv. 11.1
Streak,1,3,Lv. 3
Streak,2,6,Lv. 6
Streak,3,7.3,Lv. 7.3
Streak,4,10.8,Lv. 10.8
Streak,5,12.3,Lv. 12.3
Streaming Heart,1,3,Lv. 3
Streaming Heart,2,4,Lv. 4
Streaming Heart,3,7.2,Lv. 7.2
Streaming Heart,4,9.1,Lv. 9.1
Streaming Heart,5,12,Lv. 12
Super Nuko Ni Naritai,1,2,Lv. 2
Super Nuko Ni Naritai,2,4,Lv. 4
Super Nuko Ni Naritai,3,7.5,Lv. 7.5
Super Nuko Ni Naritai,4,9.2,Lv. 9.2
Super Nuko Ni Naritai,5,12.2,Lv. 12.2
sweet little sister,1,2,Lv. 2
sweet little sister,2,4,Lv. 4
sweet little sister,3,6.3,Lv. 6.3
sweet little sister,4,9.1,Lv. 9.1
sweet little sister,5,11.7,Lv. 11.7
System “Z”,1,3,Lv. 3
System “Z”,2,5,Lv. 5
System “Z”,3,8.3,Lv. 8.3
System “Z”,4,11.7,Lv. 11.7
System “Z”,5,13.2,Lv. 13.2
Syukudai ga owaranai!,1,2,Lv. 2
Syukudai ga owaranai!,2,4,Lv. 4
Syukudai ga owaranai!,3,6.8,Lv. 6.8
Syukudai ga owaranai!,4,8.9,Lv. 8.9
Syukudai ga owaranai!,5,11.7,Lv. 11.7
tengokutojigokukotonoharinne,1,2,Lv. 2
tengokutojigokukotonoharinne,2,4,Lv. 4
tengokutojigokukotonoharinne,3,6.8,Lv. 6.8
tengokutojigokukotonoharinne,4,9.8,Lv. 9.8
tengokutojigokukotonoharinne,5,11.8,Lv. 11.8
Tengu No Otoshibumi feat. Ytr,1,2,Lv. 2
Tengu No Otoshibumi feat. Ytr,2,4,Lv. 4
Tengu No Otoshibumi feat. Ytr,3,6.8,Lv. 6.8
Tengu No Otoshibumi feat. Ytr,4,10,Lv. 10
Tengu No Otoshibumi feat. Ytr,5,11.9,Lv. 11.9
The “Wanderlast”,1,3,Lv. 3
The “Wanderlast”,2,5,Lv. 5
The “Wanderlast”,3,7.8,Lv. 7.8
The “Wanderlast”,4,10.8,Lv. 10.8
The “Wanderlast”,5,12.8,Lv. 12.8
The Defeated Boy,1,3,Lv. 3
The Defeated Boy,2,5,Lv. 5
The Defeated Boy,3,7.8,Lv. 7.8
The Defeated Boy,4,10,Lv. 10
The Defeated Boy,5,12.1,Lv. 12.1
The Disappearance of Hatsune Miku,1,3,Lv. 3
The Disappearance of Hatsune Miku,2,5,Lv. 5
The Disappearance of Hatsune Miku,3,8,Lv. 8
The Disappearance of Hatsune Miku,4,10,Lv. 10
The Disappearance of Hatsune Miku,5,12.8,Lv. 12.8
the EmpErroR,1,3,Lv. 3
the EmpErroR,2,5,Lv. 5
the EmpErroR,3,9.7,Lv. 9.7
the EmpErroR,4,12,Lv. 12
the EmpErroR,5,13.6,Lv. 13.6
the EmpErroR,6,13.9,Lv. 13.9
The Intense Singing of Hatsune Miku,1,3,Lv. 3
The Intense Singing of Hatsune Miku,2,6,Lv. 6
The Intense Singing of Hatsune Miku,3,8,Lv. 8
The Intense Singing of Hatsune Miku,4,10.8,Lv. 10.8
The Intense Singing of Hatsune Miku,5,13.5,Lv. 13.5
The Lamentations of the Lost Ones,1,2,Lv. 2
The Lamentations of the Lost Ones,2,4,Lv. 4
The Lamentations of the Lost Ones,3,6,Lv. 6
The Lamentations of the Lost Ones,4,9.2,Lv. 9.2
The Lamentations of the Lost Ones,5,12.2,Lv. 12.2
The Lamentations of the Lost Ones,6,12.9,Lv. 12.9
The Synesthesia Ghost,1,2,Lv. 2
The Synesthesia Ghost,2,4,Lv. 4
The Synesthesia Ghost,3,6.4,Lv. 6.4
The Synesthesia Ghost,4,9.5,Lv. 9.5
The Synesthesia Ghost,5,11.7,Lv. 11.7
The wheel to the right,1,4,Lv. 4
The wheel to the right,2,6,Lv. 6
The wheel to the right,3,8.1,Lv. 8.1
The wheel to the right,4,11,Lv. 11
The wheel to the right,5,12.9,Lv. 12.9
This Messed-Up Wonderful World Exists For Me,1,2,Lv. 2
This Messed-Up Wonderful World Exists For Me,2,4,Lv. 4
This Messed-Up Wonderful World Exists For Me,3,6.8,Lv. 6.8
This Messed-Up Wonderful World Exists For Me,4,9.5,Lv. 9.5
This Messed-Up Wonderful World Exists For Me,5,11.7,Lv. 11.7
TiamaT:F minor,1,3,Lv. 3
TiamaT:F minor,2,6,Lv. 6
TiamaT:F minor,3,9.5,Lv. 9.5
TiamaT:F minor,4,11.8,Lv. 11.8
TiamaT:F minor,5,13.2,Lv. 13.2
Time To Make History (AKIRA YAMAOKA Remix),1,3,Lv. 3
Time To Make History (AKIRA YAMAOKA Remix),2,5,Lv. 5
Time To Make History (AKIRA YAMAOKA Remix),3,7.4,Lv. 7.4
Time To Make History (AKIRA YAMAOKA Remix),4,9.6,Lv. 9.6
Time To Make History (AKIRA YAMAOKA Remix),5,12.5,Lv. 12.5
toho yoyomu -the maximum moving about-,1,3,Lv. 3
toho yoyomu -the maximum moving about-,2,5,Lv. 5
toho yoyomu -the maximum moving about-,3,7.5,Lv. 7.5
toho yoyomu -the maximum moving about-,4,8.3,Lv. 8.3
toho yoyomu -the maximum moving about-,5,11.7,Lv. 11.7
Tonchinkan no en,1,2,Lv. 2
Tonchinkan no en,2,5,Lv. 5
Tonchinkan no en,3,7.9,Lv. 7.9
Tonchinkan no en,4,9.7,Lv. 9.7
Tonchinkan no en,5,12.7,Lv. 12.7
TRUST,1,3,Lv. 3
TRUST,2,5,Lv. 5
TRUST,3,7,Lv. 7
TRUST,4,9.8,Lv. 9.8
TRUST,5,12.1,Lv. 12.1
Tsuki Ni Murakumo Hana Ni Kaze,1,2,Lv. 2
Tsuki Ni Murakumo Hana Ni Kaze,2,4,Lv. 4
Tsuki Ni Murakumo Hana Ni Kaze,3,6.5,Lv. 6.5
Tsuki Ni Murakumo Hana Ni Kaze,4,8.7,Lv. 8.7
Tsuki Ni Murakumo Hana Ni Kaze,5,11.7,Lv. 11.7
ULTRA B+K,1,3,Lv. 3
ULTRA B+K,2,5,Lv. 5
ULTRA B+K,3,7.8,Lv. 7.8
ULTRA B+K,4,10.5,Lv. 10.5
ULTRA B+K,5,12.9,Lv. 12.9
Umiyuri Kaiteitan,1,2,Lv. 2
Umiyuri Kaiteitan,2,4,Lv. 4
Umiyuri Kaiteitan,3,6.7,Lv. 6.7
Umiyuri Kaiteitan,4,8.1,Lv. 8.1
Umiyuri Kaiteitan,5,12.4,Lv. 12.4
Unknown Mother-Goose,1,3,Lv. 3
Unknown Mother-Goose,2,4,Lv. 4
Unknown Mother-Goose,3,6.7,Lv. 6.7
Unknown Mother-Goose,4,9.7,Lv. 9.7
Unknown Mother-Goose,5,11.8,Lv. 11.8
Unrequited Love Samba,1,3,Lv. 3
Unrequited Love Samba,2,5,Lv. 5
Unrequited Love Samba,3,6.5,Lv. 6.5
Unrequited Love Samba,4,9.8,Lv. 9.8
Unrequited Love Samba,5,12.2,Lv. 12.2
USATEI,1,2,Lv. 2
USATEI,2,5,Lv. 5
USATEI,3,6.7,Lv. 6.7
USATEI,4,9.3,Lv. 9.3
USATEI,5,12.7,Lv. 12.7
VERTeX,1,3,Lv. 3
VERTeX,2,5,Lv. 5
VERTeX,3,8,Lv. 8
VERTeX,4,10.2,Lv. 10.2
VERTeX,5,13.4,Lv. 13.4
What Do You Mean!?,1,2,Lv. 2
What Do You Mean!?,2,4,Lv. 4
What Do You Mean!?,3,7.2,Lv. 7.2
What Do You Mean!?,4,9.7,Lv. 9.7
What Do You Mean!?,5,12,Lv. 12
White Traveling Girl,1,2,Lv. 2
White Traveling Girl,2,4,Lv. 4
White Traveling Girl,3,6.8,Lv. 6.8
White Traveling Girl,4,9,Lv. 9
White Traveling Girl,5,12.3,Lv. 12.3
WORLD'S END UMBRELLA,1,2,Lv. 2
WORLD'S END UMBRELLA,2,4,Lv. 4
WORLD'S END UMBRELLA,3,7.5,Lv. 7.5
WORLD'S END UMBRELLA,4,8.8,Lv. 8.8
WORLD'S END UMBRELLA,5,11.5,Lv. 11.5
Xevel,1,4,Lv. 4
Xevel,2,6,Lv. 6
Xevel,3,8,Lv. 8
Xevel,4,11,Lv. 11
Xevel,5,13.3,Lv. 13.3
YAMERO!KIKUNA!,1,3,Lv. 3
YAMERO!KIKUNA!,2,4,Lv. 4
YAMERO!KIKUNA!,3,7.1,Lv. 7.1
YAMERO!KIKUNA!,4,8.7,Lv. 8.7
YAMERO!KIKUNA!,5,11.7,Lv. 11.7
Yet Another ”drizzly rain”,1,2,Lv. 2
Yet Another ”drizzly rain”,2,4,Lv. 4
Yet Another ”drizzly rain”,3,6.8,Lv. 6.8
Yet Another ”drizzly rain”,4,8.8,Lv. 8.8
Yet Another ”drizzly rain”,5,11.1,Lv. 11.1
Yobanashi Deceive,1,2,Lv. 2
Yobanashi Deceive,2,4,Lv. 4
Yobanashi Deceive,3,7.8,Lv. 7.8
Yobanashi Deceive,4,10.6,Lv. 10.6
Yobanashi Deceive,5,12,Lv. 12
Young disease outburst Boy,1,3,Lv. 3
Young disease outburst Boy,2,5,Lv. 5
Young disease outburst Boy,3,7.4,Lv. 7.4
Young disease outburst Boy,4,9.4,Lv. 9.4
Young disease outburst Boy,5,12.5,Lv. 12.5
Yowamushi Mont Blanc,1,2,Lv. 2
Yowamushi Mont Blanc,2,4,Lv. 4
Yowamushi Mont Blanc,3,6.2,Lv. 6.2
Yowamushi Mont Blanc,4,9.5,Lv. 9.5
Yowamushi Mont Blanc,5,11.2,Lv. 11.2
YUBIKIRI,1,3,Lv. 3
YUBIKIRI,2,4,Lv. 4
YUBIKIRI,3,7.2,Lv. 7.2
YUBIKIRI,4,10,Lv. 10
YUBIKIRI,5,12,Lv. 12
Zenzenzense,1,2,Lv. 2
Zenzenzense,2,4,Lv. 4
Zenzenzense,3,6.2,Lv. 6.2
Zenzenzense,4,8.5,Lv. 8.5
Zenzenzense,5,11.8,Lv. 11.8
あねぺったん,1,2,Lv. 2
あねぺったん,2,5,Lv. 5
あねぺったん,3,7.4,Lv. 7.4
あねぺったん,4,9.2,Lv. 9.2
あねぺったん,5,11.8,Lv. 11.8
アリサのテーマ,1,2,Lv. 2
アリサのテーマ,2,4,Lv. 4
アリサのテーマ,3,6.8,Lv. 6.8
アリサのテーマ,4,9.8,Lv. 9.8
アリサのテーマ,5,12.7,Lv. 12.7
きたさいたま2000,1,3,Lv. 3
きたさいたま2000,2,5,Lv. 5
きたさいたま2000,3,7.8,Lv. 7.8
きたさいたま2000,4,11.4,Lv. 11.4
きたさいたま2000,5,13.1,Lv. 13.1
その群青が愛しかったようだった,1,2,Lv. 2
その群青が愛しかったようだった,2,5,Lv. 5
その群青が愛しかったようだった,3,7,Lv. 7
その群青が愛しかったようだった,4,9.5,Lv. 9.5
その群青が愛しかったようだった,5,11.4,Lv. 11.4
ホシトハナ,1,2,Lv. 2
ホシトハナ,2,4,Lv. 4
ホシトハナ,3,6.8,Lv. 6.8
ホシトハナ,4,9.2,Lv. 9.2
ホシトハナ,5,11,Lv. 11
ゆりゆららららゆるゆり大事件,1,2,Lv. 2
ゆりゆららららゆるゆり大事件,2,4,Lv. 4
ゆりゆららららゆるゆり大事件,3,6.4,Lv. 6.4
ゆりゆららららゆるゆり大事件,4,7.5,Lv. 7.5
ゆりゆららららゆるゆり大事件,5,10.7,Lv. 10.7
全力☆Summer!,1,2,Lv. 2
全力☆Summer!,2,4,Lv. 4
全力☆Summer!,3,6.7,Lv. 6.7
全力☆Summer!,4,8.8,Lv. 8.8
全力☆Summer!,5,10.8,Lv. 10.8
全力☆Summer!,6,11.8,Lv. 11.8
夜明けまであと３秒,1,4,Lv. 4
夜明けまであと３秒,2,6,Lv. 6
夜明けまであと３秒,3,8.5,Lv. 8.5
夜明けまであと３秒,4,11,Lv. 11
夜明けまであと３秒,5,12.9,Lv. 12.9
私の中の幻想的世界観及びその顕現を想起させたある現実での出来事に関する一考察,1,2,Lv. 2
私の中の幻想的世界観及びその顕現を想起させたある現実での出来事に関する一考察,2,5,Lv. 5
私の中の幻想的世界観及びその顕現を想起させたある現実での出来事に関する一考察,3,6.7,Lv. 6.7
私の中の幻想的世界観及びその顕現を想起させたある現実での出来事に関する一考察,4,8.2,Lv. 8.2
私の中の幻想的世界観及びその顕現を想起させたある現実での出来事に関する一考察,5,12,Lv. 12
Daydream café,1,1,Lv. 1
Daydream café,2,4,Lv. 4
Daydream café,3,6.1,Lv. 6.1
Daydream café,4,7.7,Lv. 7.7
Daydream café,5,11.1,Lv. 11.1
-OutsideR:RequieM-,1,2,Lv. 2
-OutsideR:RequieM-,2,4,Lv. 4
-OutsideR:RequieM-,3,7,Lv. 7
-OutsideR:RequieM-,4,9.8,Lv. 9.8
-OutsideR:RequieM-,5,12.3,Lv. 12.3
[Toho nicokara]Secret God Matara feat.TAMAONSEN[IOSYS],1,2,Lv. 2
[Toho nicokara]Secret God Matara feat.TAMAONSEN[IOSYS],2,4,Lv. 4
[Toho nicokara]Secret God Matara feat.TAMAONSEN[IOSYS],3,7.5,Lv. 7.5
[Toho nicokara]Secret God Matara feat.TAMAONSEN[IOSYS],4,10,Lv. 10
[Toho nicokara]Secret God Matara feat.TAMAONSEN[IOSYS],5,12.7,Lv. 12.7
"*Hello, Planet.",1,2,Lv. 2
"*Hello, Planet.",2,3,Lv. 3
"*Hello, Planet.",3,6,Lv. 6
"*Hello, Planet.",4,7.9,Lv. 7.9
"*Hello, Planet.",5,11,Lv. 11
+♂,1,3,Lv. 3
+♂,2,5,Lv. 5
+♂,3,7.5,Lv. 7.5
+♂,4,9,Lv. 9
+♂,5,12.1,Lv. 12.1
～AETERNITAS LUDOLOGY～,1,2,Lv. 2
～AETERNITAS LUDOLOGY～,2,4,Lv. 4
～AETERNITAS LUDOLOGY～,3,6.8,Lv. 6.8
～AETERNITAS LUDOLOGY～,4,9.7,Lv. 9.7
～AETERNITAS LUDOLOGY～,5,12.3,Lv. 12.3
1/3 No Junjou Na Kanjou,1,2,Lv. 2
1/3 No Junjou Na Kanjou,2,5,Lv. 5
1/3 No Junjou Na Kanjou,3,6,Lv. 6
1/3 No Junjou Na Kanjou,4,8.8,Lv. 8.8
1/3 No Junjou Na Kanjou,5,10.9,Lv. 10.9
39,1,2,Lv. 2
39,2,5,Lv. 5
39,3,7.8,Lv. 7.8
39,4,9.8,Lv. 9.8
39,5,12,Lv. 12
39,6,12.3,Lv. 12.3
7 Girls War,1,2,Lv. 2
7 Girls War,2,4,Lv. 4
7 Girls War,3,7.2,Lv. 7.2
7 Girls War,4,8.8,Lv. 8.8
7 Girls War,5,10.2,Lv. 10.2
7thSense,1,4,Lv. 4
7thSense,2,6,Lv. 6
7thSense,3,8,Lv. 8
7thSense,4,10,Lv. 10
7thSense,5,13,Lv. 13
A・E・I・U・E・O・AO!!,1,3,Lv. 3
A・E・I・U・E・O・AO!!,2,5,Lv. 5
A・E・I・U・E・O・AO!!,3,7.7,Lv. 7.7
A・E・I・U・E・O・AO!!,4,9.2,Lv. 9.2
A・E・I・U・E・O・AO!!,5,12,Lv. 12
Acceleration,1,4,Lv. 4
Acceleration,2,6,Lv. 6
Acceleration,3,7.9,Lv. 7.9
Acceleration,4,10.5,Lv. 10.5
Acceleration,5,11.9,Lv. 11.9
After Burner,1,3,Lv. 3
After Burner,2,5,Lv. 5
After Burner,3,7.8,Lv. 7.8
After Burner,4,10,Lv. 10
After Burner,5,12,Lv. 12
Ageage Again,1,2,Lv. 2
Ageage Again,2,4,Lv. 4
Ageage Again,3,7.2,Lv. 7.2
Ageage Again,4,8.9,Lv. 8.9
Ageage Again,5,10.7,Lv. 10.7
Aimai Mind,1,2,Lv. 2
Aimai Mind,2,5,Lv. 5
Aimai Mind,3,7.8,Lv. 7.8
Aimai Mind,4,10.2,Lv. 10.2
Aimai Mind,5,12,Lv. 12
Aiolos,1,4,Lv. 4
Aiolos,2,6,Lv. 6
Aiolos,3,8,Lv. 8
Aiolos,4,10.6,Lv. 10.6
Aiolos,5,13,Lv. 13
air's gravity,1,4,Lv. 4
air's gravity,2,5,Lv. 5
air's gravity,3,7.8,Lv. 7.8
air's gravity,4,9.8,Lv. 9.8
air's gravity,5,12.1,Lv. 12.1
akeboshi rocket,1,2,Lv. 2
akeboshi rocket,2,4,Lv. 4
akeboshi rocket,3,6.8,Lv. 6.8
akeboshi rocket,4,8.6,Lv. 8.6
akeboshi rocket,5,10.7,Lv. 10.7
akeboshi rocket,6,11.3,Lv. 11.3
Alea jacta est!,1,4,Lv. 4
Alea jacta est!,2,6,Lv. 6
Alea jacta est!,3,8.8,Lv. 8.8
Alea jacta est!,4,11.5,Lv. 11.5
Alea jacta est!,5,13.5,Lv. 13.5
Alea jacta est!,6,13.9,Lv. 13.9
Alien Alien,1,2,Lv. 2
Alien Alien,2,4,Lv. 4
Alien Alien,3,7.2,Lv. 7.2
Alien Alien,4,8.7,Lv. 8.7
Alien Alien,5,11.1,Lv. 11.1
Altale,1,3,Lv. 3
Altale,2,4,Lv. 4
Altale,3,7.7,Lv. 7.7
Altale,4,10.8,Lv. 10.8
Altale,5,12.7,Lv. 12.7
amanojaku,1,3,Lv. 3
amanojaku,2,5,Lv. 5
amanojaku,3,7.6,Lv. 7.6
amanojaku,4,9.3,Lv. 9.3
amanojaku,5,11.7,Lv. 11.7
Amanojaku Reverse (feat. ｙｔｒ),1,2,Lv. 2
Amanojaku Reverse (feat. ｙｔｒ),2,4,Lv. 4
Amanojaku Reverse (feat. ｙｔｒ),3,7.2,Lv. 7.2
Amanojaku Reverse (feat. ｙｔｒ),4,9.8,Lv. 9.8
Amanojaku Reverse (feat. ｙｔｒ),5,12.6,Lv. 12.6
AMAZING MIGHTYYYY!!!!,1,4,Lv. 4
AMAZING MIGHTYYYY!!!!,2,6,Lv. 6
AMAZING MIGHTYYYY!!!!,3,9,Lv. 9
AMAZING MIGHTYYYY!!!!,4,12,Lv. 12
AMAZING MIGHTYYYY!!!!,5,13.6,Lv. 13.6
AMAZING MIGHTYYYY!!!!,6,13.5,Lv. 13.5
Amenohoakari,1,3,Lv. 3
Amenohoakari,2,5,Lv. 5
Amenohoakari,3,8.9,Lv. 8.9
Amenohoakari,4,11.3,Lv. 11.3
Amenohoakari,5,12.9,Lv. 12.9
Angels with Burning Hearts,1,2,Lv. 2
Angels with Burning Hearts,2,4,Lv. 4
Angels with Burning Hearts,3,7.6,Lv. 7.6
Angels with Burning Hearts,4,9.5,Lv. 9.5
Angels with Burning Hearts,5,10.4,Lv. 10.4
Angels with Burning Hearts,6,12.7,Lv. 12.7
Anti-clockwise,1,3,Lv. 3
Anti-clockwise,2,5,Lv. 5
Anti-clockwise,3,7.2,Lv. 7.2
Anti-clockwise,4,9,Lv. 9
Anti-clockwise,5,10.8,Lv. 10.8
Anti-clockwise,6,12.4,Lv. 12.4
Anticyclone Cat Rock,1,3,Lv. 3
Anticyclone Cat Rock,2,5,Lv. 5
Anticyclone Cat Rock,3,8,Lv. 8
Anticyclone Cat Rock,4,9.8,Lv. 9.8
Anticyclone Cat Rock,5,12.3,Lv. 12.3
Anything which was awakened to phantom-dusk,1,1,Lv. 1
Anything which was awakened to phantom-dusk,2,3,Lv. 3
Anything which was awakened to phantom-dusk,3,6,Lv. 6
Anything which was awakened to phantom-dusk,4,9.5,Lv. 9.5
Anything which was awakened to phantom-dusk,5,12.3,Lv. 12.3
April showers,1,2,Lv. 2
April showers,2,4,Lv. 4
April showers,3,7.8,Lv. 7.8
April showers,4,10.9,Lv. 10.9
April showers,5,12.9,Lv. 12.9
Argent Symmetry,1,2,Lv. 2
Argent Symmetry,2,4,Lv. 4
Argent Symmetry,3,6.4,Lv. 6.4
Argent Symmetry,4,9.4,Lv. 9.4
Argent Symmetry,5,12.1,Lv. 12.1
Arifureta sekai seifuku,1,2,Lv. 2
Arifureta sekai seifuku,2,4,Lv. 4
Arifureta sekai seifuku,3,6.8,Lv. 6.8
Arifureta sekai seifuku,4,8.4,Lv. 8.4
Arifureta sekai seifuku,5,12,Lv. 12
Arrival of Tears,1,3,Lv. 3
Arrival of Tears,2,4,Lv. 4
Arrival of Tears,3,6.2,Lv. 6.2
Arrival of Tears,4,9.2,Lv. 9.2
Arrival of Tears,5,12.3,Lv. 12.3
ARROW,1,2,Lv. 2
ARROW,2,4,Lv. 4
ARROW,3,6.8,Lv. 6.8
ARROW,4,10.2,Lv. 10.2
ARROW,5,12.3,Lv. 12.3
Arukari Rettousei,1,2,Lv. 2
Arukari Rettousei,2,4,Lv. 4
Arukari Rettousei,3,6.5,Lv. 6.5
Arukari Rettousei,4,9.2,Lv. 9.2
Arukari Rettousei,5,11.4,Lv. 11.4
Audience wo wakasu teido no nouryoku feat.Tights-on,1,2,Lv. 2
Audience wo wakasu teido no nouryoku feat.Tights-on,2,4,Lv. 4
Audience wo wakasu teido no nouryoku feat.Tights-on,3,7.2,Lv. 7.2
Audience wo wakasu teido no nouryoku feat.Tights-on,4,9,Lv. 9
Audience wo wakasu teido no nouryoku feat.Tights-on,5,12,Lv. 12
awake,1,2,Lv. 2
awake,2,4,Lv. 4
awake,3,7.7,Lv. 7.7
awake,4,8,Lv. 8
awake,5,11.7,Lv. 11.7
Axeria,1,4,Lv. 4
Axeria,2,6,Lv. 6
Axeria,3,7.8,Lv. 7.8
Axeria,4,10.8,Lv. 10.8
Axeria,5,13.4,Lv. 13.4
B.B.K.K.B.K.K.,1,3,Lv. 3
B.B.K.K.B.K.K.,2,5,Lv. 5
B.B.K.K.B.K.K.,3,8,Lv. 8
B.B.K.K.B.K.K.,4,10.6,Lv. 10.6
B.B.K.K.B.K.K.,5,12.9,Lv. 12.9
B.M.S.,1,3,Lv. 3
B.M.S.,2,5,Lv. 5
B.M.S.,3,8,Lv. 8
B.M.S.,4,11,Lv. 11
B.M.S.,5,13,Lv. 13
Back 2 Back,1,3,Lv. 3
Back 2 Back,2,5,Lv. 5
Back 2 Back,3,7,Lv. 7
Back 2 Back,4,9.3,Lv. 9.3
Back 2 Back,5,12.5,Lv. 12.5
Bad Apple!! feat nomico,1,2,Lv. 2
Bad Apple!! feat nomico,2,4,Lv. 4
Bad Apple!! feat nomico,3,6,Lv. 6
Bad Apple!! feat nomico,4,8.9,Lv. 8.9
Bad Apple!! feat nomico,5,10.9,Lv. 10.9
Bad Apple!! feat nomico,6,12.3,Lv. 12.3
BAD GIRL,1,2,Lv. 2
BAD GIRL,2,4,Lv. 4
BAD GIRL,3,6.7,Lv. 6.7
BAD GIRL,4,10,Lv. 10
BAD GIRL,5,11,Lv. 11
BAD・DANCE・HALL,1,2,Lv. 2
BAD・DANCE・HALL,2,4,Lv. 4
BAD・DANCE・HALL,3,6.7,Lv. 6.7
BAD・DANCE・HALL,4,9.8,Lv. 9.8
BAD・DANCE・HALL,5,12,Lv. 12
BAD∞END∞NIGHT,1,2,Lv. 2
BAD∞END∞NIGHT,2,4,Lv. 4
BAD∞END∞NIGHT,3,7.8,Lv. 7.8
BAD∞END∞NIGHT,4,9,Lv. 9
BAD∞END∞NIGHT,5,11.7,Lv. 11.7
Balalaika,1,2,Lv. 2
Balalaika,2,4,Lv. 4
Balalaika,3,6.9,Lv. 6.9
Balalaika,4,8.3,Lv. 8.3
Balalaika,5,10,Lv. 10
Balleriko,1,2,Lv. 2
Balleriko,2,4,Lv. 4
Balleriko,3,6.5,Lv. 6.5
Balleriko,4,9,Lv. 9
Balleriko,5,11.7,Lv. 11.7
Bang Babang Bang!!!,1,2,Lv. 2
Bang Babang Bang!!!,2,5,Lv. 5
Bang Babang Bang!!!,3,7.7,Lv. 7.7
Bang Babang Bang!!!,4,9.8,Lv. 9.8
Bang Babang Bang!!!,5,12,Lv. 12
Barbed Eye,1,2,Lv. 2
Barbed Eye,2,4,Lv. 4
Barbed Eye,3,6.8,Lv. 6.8
Barbed Eye,4,9.2,Lv. 9.2
Barbed Eye,5,11.7,Lv. 11.7
Beat of getting entangled,1,3,Lv. 3
Beat of getting entangled,2,5,Lv. 5
Beat of getting entangled,3,8,Lv. 8
Beat of getting entangled,4,10.6,Lv. 10.6
Beat of getting entangled,5,12.2,Lv. 12.2
Beat Of Mind,1,4,Lv. 4
Beat Of Mind,2,6,Lv. 6
Beat Of Mind,3,8.5,Lv. 8.5
Beat Of Mind,4,10.5,Lv. 10.5
Beat Of Mind,5,10.5,Lv. 10.5
Beat Of Mind,6,13.5,Lv. 13.5
Believe the Rainbow,1,2,Lv. 2
Believe the Rainbow,2,4,Lv. 4
Believe the Rainbow,3,7.8,Lv. 7.8
Believe the Rainbow,4,8.8,Lv. 8.8
Believe the Rainbow,5,12,Lv. 12
BETTER CHOICE,1,3,Lv. 3
BETTER CHOICE,2,5,Lv. 5
BETTER CHOICE,3,7.5,Lv. 7.5
BETTER CHOICE,4,9.2,Lv. 9.2
BETTER CHOICE,5,11.7,Lv. 11.7
Black Out,1,4,Lv. 4
Black Out,2,6,Lv. 6
Black Out,3,7.4,Lv. 7.4
Black Out,4,11.6,Lv. 11.6
Black Out,5,11.6,Lv. 11.6
Blew Moon,1,2,Lv. 2
Blew Moon,2,4,Lv. 4
Blew Moon,3,8.4,Lv. 8.4
Blew Moon,4,10.3,Lv. 10.3
Blew Moon,5,11.9,Lv. 11.9
Blew Moon,6,11.7,Lv. 11.7
Brain Power,1,3,Lv. 3
Brain Power,2,5,Lv. 5
Brain Power,3,7.9,Lv. 7.9
Brain Power,4,10.2,Lv. 10.2
Brain Power,5,12.6,Lv. 12.6
Brand-new Japanesque,1,2,Lv. 2
Brand-new Japanesque,2,4,Lv. 4
Brand-new Japanesque,3,7.6,Lv. 7.6
Brand-new Japanesque,4,9.1,Lv. 9.1
Brand-new Japanesque,5,11.8,Lv. 11.8
brash behavior,1,2,Lv. 2
brash behavior,2,4,Lv. 4
brash behavior,3,7.3,Lv. 7.3
brash behavior,4,9.3,Lv. 9.3
brash behavior,5,12.4,Lv. 12.4
BREAK YOU!!,1,2,Lv. 2
BREAK YOU!!,2,5,Lv. 5
BREAK YOU!!,3,6.4,Lv. 6.4
BREAK YOU!!,4,9.5,Lv. 9.5
BREAK YOU!!,5,12,Lv. 12
brilliant better,1,3,Lv. 3
brilliant better,2,5,Lv. 5
brilliant better,3,6.7,Lv. 6.7
brilliant better,4,9.9,Lv. 9.9
brilliant better,5,11.7,Lv. 11.7
Brionac of Steel-flash,1,4,Lv. 4
Brionac of Steel-flash,2,6,Lv. 6
Brionac of Steel-flash,3,8,Lv. 8
Brionac of Steel-flash,4,10,Lv. 10
Brionac of Steel-flash,5,12.7,Lv. 12.7
BURIKI NO DANCE,1,3,Lv. 3
BURIKI NO DANCE,2,5,Lv. 5
BURIKI NO DANCE,3,7,Lv. 7
BURIKI NO DANCE,4,9.4,Lv. 9.4
BURIKI NO DANCE,5,11.1,Lv. 11.1
BURIKI NO DANCE,6,12.5,Lv. 12.5
Butterfly on your Right Shoulder,1,2,Lv. 2
Butterfly on your Right Shoulder,2,4,Lv. 4
Butterfly on your Right Shoulder,3,6.5,Lv. 6.5
Butterfly on your Right Shoulder,4,9.8,Lv. 9.8
Butterfly on your Right Shoulder,5,12.4,Lv. 12.4
Calamity Fortune,1,3,Lv. 3
Calamity Fortune,2,6,Lv. 6
Calamity Fortune,3,8.5,Lv. 8.5
Calamity Fortune,4,11,Lv. 11
Calamity Fortune,5,13.2,Lv. 13.2
Caliburne ～Story of the Legendary sword～,1,4,Lv. 4
Caliburne ～Story of the Legendary sword～,2,6,Lv. 6
Caliburne ～Story of the Legendary sword～,3,8.6,Lv. 8.6
Caliburne ～Story of the Legendary sword～,4,11,Lv. 11
Caliburne ～Story of the Legendary sword～,5,13.2,Lv. 13.2
CALL HEAVEN!!,1,1,Lv. 1
CALL HEAVEN!!,2,4,Lv. 4
CALL HEAVEN!!,3,6.8,Lv. 6.8
CALL HEAVEN!!,4,9.2,Lv. 9.2
CALL HEAVEN!!,5,10.8,Lv. 10.8
Candy Tall Woman,1,3,Lv. 3
Candy Tall Woman,2,5,Lv. 5
Candy Tall Woman,3,7,Lv. 7
Candy Tall Woman,4,10.2,Lv. 10.2
Candy Tall Woman,5,12.4,Lv. 12.4
Captain Murasa's Ketsu Anchor,1,3,Lv. 3
Captain Murasa's Ketsu Anchor,2,4,Lv. 4
Captain Murasa's Ketsu Anchor,3,6.6,Lv. 6.6
Captain Murasa's Ketsu Anchor,4,9.8,Lv. 9.8
Captain Murasa's Ketsu Anchor,5,12,Lv. 12
caramelldansen,1,3,Lv. 3
caramelldansen,2,5,Lv. 5
caramelldansen,3,7.5,Lv. 7.5
caramelldansen,4,8,Lv. 8
caramelldansen,5,11.7,Lv. 11.7
Catch The Future,1,3,Lv. 3
Catch The Future,2,5,Lv. 5
Catch The Future,3,7.9,Lv. 7.9
Catch The Future,4,9.4,Lv. 9.4
Catch The Future,5,11,Lv. 11
Cats,1,3,Lv. 3
Cats,2,5,Lv. 5
Cats,3,7.1,Lv. 7.1
Cats,4,7.5,Lv. 7.5
Cats,5,10.6,Lv. 10.6
Chain story,1,1,Lv. 1
Chain story,2,4,Lv. 4
Chain story,3,6.4,Lv. 6.4
Chain story,4,7.6,Lv. 7.6
Chain story,5,11.8,Lv. 11.8
Change Our MIRAI！,1,3,Lv. 3
Change Our MIRAI！,2,4,Lv. 4
Change Our MIRAI！,3,7.2,Lv. 7.2
Change Our MIRAI！,4,9.5,Lv. 9.5
Change Our MIRAI！,5,11.7,Lv. 11.7
Charles,1,2,Lv. 2
Charles,2,4,Lv. 4
Charles,3,6.2,Lv. 6.2
Charles,4,8.5,Lv. 8.5
Charles,5,11.7,Lv. 11.7
Cheering Marie,1,2,Lv. 2
Cheering Marie,2,4,Lv. 4
Cheering Marie,3,6.2,Lv. 6.2
Cheering Marie,4,7.4,Lv. 7.4
Cheering Marie,5,10.1,Lv. 10.1
Chen No Gensoukyo Ondo,1,1,Lv. 1
Chen No Gensoukyo Ondo,2,4,Lv. 4
Chen No Gensoukyo Ondo,3,6.2,Lv. 6.2
Chen No Gensoukyo Ondo,4,8.6,Lv. 8.6
Chen No Gensoukyo Ondo,5,11.7,Lv. 11.7
CHIGAU!!!,1,3,Lv. 3
CHIGAU!!!,2,5,Lv. 5
CHIGAU!!!,3,7.2,Lv. 7.2
CHIGAU!!!,4,9.4,Lv. 9.4
CHIGAU!!!,5,12.2,Lv. 12.2
Chizyou no senshi,1,2,Lv. 2
Chizyou no senshi,2,4,Lv. 4
Chizyou no senshi,3,6.9,Lv. 6.9
Chizyou no senshi,4,9.5,Lv. 9.5
Chizyou no senshi,5,10.7,Lv. 10.7
Chururira・Chururira・Daddadda!,1,2,Lv. 2
Chururira・Chururira・Daddadda!,2,5,Lv. 5
Chururira・Chururira・Daddadda!,3,7.2,Lv. 7.2
Chururira・Chururira・Daddadda!,4,9.5,Lv. 9.5
Chururira・Chururira・Daddadda!,5,12.1,Lv. 12.1
Cirno's Perfect Math Class,1,2,Lv. 2
Cirno's Perfect Math Class,2,4,Lv. 4
Cirno's Perfect Math Class,3,6.4,Lv. 6.4
Cirno's Perfect Math Class,4,8.8,Lv. 8.8
Cirno's Perfect Math Class,5,11.7,Lv. 11.7
Cirno's Perfect Math Class ⑨ver,1,3,Lv. 3
Cirno's Perfect Math Class ⑨ver,2,5,Lv. 5
Cirno's Perfect Math Class ⑨ver,3,7,Lv. 7
Cirno's Perfect Math Class ⑨ver,4,9.2,Lv. 9.2
Cirno's Perfect Math Class ⑨ver,5,12.5,Lv. 12.5
CITRUS MONSTER,1,3,Lv. 3
CITRUS MONSTER,2,6,Lv. 6
CITRUS MONSTER,3,8.5,Lv. 8.5
CITRUS MONSTER,4,10.8,Lv. 10.8
CITRUS MONSTER,5,13.4,Lv. 13.4
City Escape: Act1,1,2,Lv. 2
City Escape: Act1,2,4,Lv. 4
City Escape: Act1,3,5.4,Lv. 5.4
City Escape: Act1,4,8,Lv. 8
City Escape: Act1,5,11.2,Lv. 11.2
City Escape: Act1,6,11.3,Lv. 11.3
Close and Open Demons and the Dead,1,2,Lv. 2
Close and Open Demons and the Dead,2,4,Lv. 4
Close and Open Demons and the Dead,3,7,Lv. 7
Close and Open Demons and the Dead,4,9.5,Lv. 9.5
Close and Open Demons and the Dead,5,11,Lv. 11
Close and Open Demons and the Dead,6,12.3,Lv. 12.3
Clover♣Club,1,2,Lv. 2
Clover♣Club,2,4,Lv. 4
Clover♣Club,3,6.2,Lv. 6.2
Clover♣Club,4,8.1,Lv. 8.1
Clover♣Club,5,12,Lv. 12
Club Ibuki in Break All,1,3,Lv. 3
Club Ibuki in Break All,2,5,Lv. 5
Club Ibuki in Break All,3,7.5,Lv. 7.5
Club Ibuki in Break All,4,9.7,Lv. 9.7
Club Ibuki in Break All,5,11.9,Lv. 11.9
Coinlaundry Disco,1,2,Lv. 2
Coinlaundry Disco,2,4,Lv. 4
Coinlaundry Disco,3,6.4,Lv. 6.4
Coinlaundry Disco,4,8.2,Lv. 8.2
Coinlaundry Disco,5,10.7,Lv. 10.7
Color My World,1,2,Lv. 2
Color My World,2,4,Lv. 4
Color My World,3,6.3,Lv. 6.3
Color My World,4,8.5,Lv. 8.5
Color My World,5,10.1,Lv. 10.1
Colorful × Melody,1,2,Lv. 2
Colorful × Melody,2,5,Lv. 5
Colorful × Melody,3,7.2,Lv. 7.2
Colorful × Melody,4,9.8,Lv. 9.8
Colorful × Melody,5,11.7,Lv. 11.7
come again,1,2,Lv. 2
come again,2,5,Lv. 5
come again,3,6.4,Lv. 6.4
come again,4,8.8,Lv. 8.8
come again,5,10.1,Lv. 10.1
Comet Honeymoon,1,2,Lv. 2
Comet Honeymoon,2,4,Lv. 4
Comet Honeymoon,3,6.5,Lv. 6.5
Comet Honeymoon,4,8.9,Lv. 8.9
Comet Honeymoon,5,11,Lv. 11
conflict,1,3,Lv. 3
conflict,2,5,Lv. 5
conflict,3,7.2,Lv. 7.2
conflict,4,10.9,Lv. 10.9
conflict,5,13.2,Lv. 13.2
connect,1,2,Lv. 2
connect,2,5,Lv. 5
connect,3,7.3,Lv. 7.3
connect,4,7.8,Lv. 7.8
connect,5,10.8,Lv. 10.8
connecting with you,1,3,Lv. 3
connecting with you,2,4,Lv. 4
connecting with you,3,7.4,Lv. 7.4
connecting with you,4,9.3,Lv. 9.3
connecting with you,5,11.7,Lv. 11.7
Conquista Ciela,1,2,Lv. 2
Conquista Ciela,2,4,Lv. 4
Conquista Ciela,3,6.8,Lv. 6.8
Conquista Ciela,4,8.5,Lv. 8.5
Conquista Ciela,5,11.7,Lv. 11.7
Contrapasso -paradiso-,1,4,Lv. 4
Contrapasso -paradiso-,2,6,Lv. 6
Contrapasso -paradiso-,3,8.7,Lv. 8.7
Contrapasso -paradiso-,4,11.5,Lv. 11.5
Contrapasso -paradiso-,5,13.4,Lv. 13.4
Cosmic Magic Shooter,1,3,Lv. 3
Cosmic Magic Shooter,2,4,Lv. 4
Cosmic Magic Shooter,3,7,Lv. 7
Cosmic Magic Shooter,4,9.3,Lv. 9.3
Cosmic Magic Shooter,5,12.5,Lv. 12.5
Cosmic Train,1,2,Lv. 2
Cosmic Train,2,4,Lv. 4
Cosmic Train,3,5.6,Lv. 5.6
Cosmic Train,4,9.4,Lv. 9.4
Cosmic Train,5,10.9,Lv. 10.9
Counselor,1,2,Lv. 2
Counselor,2,4,Lv. 4
Counselor,3,7,Lv. 7
Counselor,4,9,Lv. 9
Counselor,5,10.7,Lv. 10.7
Crazy Crazy Dancers,1,2,Lv. 2
Crazy Crazy Dancers,2,4,Lv. 4
Crazy Crazy Dancers,3,7.5,Lv. 7.5
Crazy Crazy Dancers,4,9.2,Lv. 9.2
Crazy Crazy Dancers,5,10.8,Lv. 10.8
Crazy Crazy Dancers,6,12.7,Lv. 12.7
Credits,1,3,Lv. 3
Credits,2,6,Lv. 6
Credits,3,8.2,Lv. 8.2
Credits,4,11.8,Lv. 11.8
Credits,5,13.6,Lv. 13.6
Crush On You,1,2,Lv. 2
Crush On You,2,4,Lv. 4
Crush On You,3,6.8,Lv. 6.8
Crush On You,4,8,Lv. 8
Crush On You,5,10,Lv. 10
Crush On You,6,12.9,Lv. 12.9
CYBER Sparks,1,3,Lv. 3
CYBER Sparks,2,5,Lv. 5
CYBER Sparks,3,7,Lv. 7
CYBER Sparks,4,10,Lv. 10
CYBER Sparks,5,10.9,Lv. 10.9
CYBER Sparks,6,12.8,Lv. 12.8
CYCLES,1,2,Lv. 2
CYCLES,2,5,Lv. 5
CYCLES,3,7.2,Lv. 7.2
CYCLES,4,9.2,Lv. 9.2
CYCLES,5,12.6,Lv. 12.6
D✪N’T ST✪P R✪CKIN’,1,3,Lv. 3
D✪N’T ST✪P R✪CKIN’,2,5,Lv. 5
D✪N’T ST✪P R✪CKIN’,3,7.3,Lv. 7.3
D✪N’T ST✪P R✪CKIN’,4,10.2,Lv. 10.2
D✪N’T ST✪P R✪CKIN’,5,12.7,Lv. 12.7
DADDY MULK -Groove remix-,1,2,Lv. 2
DADDY MULK -Groove remix-,2,4,Lv. 4
DADDY MULK -Groove remix-,3,6.7,Lv. 6.7
DADDY MULK -Groove remix-,4,10.3,Lv. 10.3
DADDY MULK -Groove remix-,5,12.5,Lv. 12.5
Dance Orchestra,1,2,Lv. 2
Dance Orchestra,2,5,Lv. 5
Dance Orchestra,3,6.4,Lv. 6.4
Dance Orchestra,4,8.4,Lv. 8.4
Dance Orchestra,5,10.7,Lv. 10.7
Dance Robot Dance,1,3,Lv. 3
Dance Robot Dance,2,5,Lv. 5
Dance Robot Dance,3,7.2,Lv. 7.2
Dance Robot Dance,4,9.8,Lv. 9.8
Dance Robot Dance,5,12,Lv. 12
Dancing☆Samurai,1,2,Lv. 2
Dancing☆Samurai,2,4,Lv. 4
Dancing☆Samurai,3,7.4,Lv. 7.4
Dancing☆Samurai,4,9,Lv. 9
Dancing☆Samurai,5,10.7,Lv. 10.7
Danza zandA,1,2,Lv. 2
Danza zandA,2,4,Lv. 4
Danza zandA,3,7,Lv. 7
Danza zandA,4,9.2,Lv. 9.2
Danza zandA,5,12,Lv. 12
Danza zandA,6,12,Lv. 12
Daydream café,1,1,Lv. 1
Daydream café,2,4,Lv. 4
Daydream café,3,6.1,Lv. 6.1
Daydream café,4,7.7,Lv. 7.7
Daydream café,5,11.1,Lv. 11.1
DEAD RED GIRLS,1,2,Lv. 2
DEAD RED GIRLS,2,4,Lv. 4
DEAD RED GIRLS,3,7.8,Lv. 7.8
DEAD RED GIRLS,4,9.2,Lv. 9.2
DEAD RED GIRLS,5,12.7,Lv. 12.7
Dear Doppelganger,1,3,Lv. 3
Dear Doppelganger,2,5,Lv. 5
Dear Doppelganger,3,7.7,Lv. 7.7
Dear Doppelganger,4,10.5,Lv. 10.5
Dear Doppelganger,5,12.6,Lv. 12.6
Death Scythe,1,2,Lv. 2
Death Scythe,2,5,Lv. 5
Death Scythe,3,7.8,Lv. 7.8
Death Scythe,4,10.3,Lv. 10.3
Death Scythe,5,12.4,Lv. 12.4
Deep in Abyss,1,1,Lv. 1
Deep in Abyss,2,4,Lv. 4
Deep in Abyss,3,6,Lv. 6
Deep in Abyss,4,8.7,Lv. 8.7
Deep in Abyss,5,11.7,Lv. 11.7
Deep-Sea Girl,1,2,Lv. 2
Deep-Sea Girl,2,4,Lv. 4
Deep-Sea Girl,3,6.5,Lv. 6.5
Deep-Sea Girl,4,8.5,Lv. 8.5
Deep-Sea Girl,5,11.7,Lv. 11.7
Dekoboko Taisou No.2,1,2,Lv. 2
Dekoboko Taisou No.2,2,4,Lv. 4
Dekoboko Taisou No.2,3,6,Lv. 6
Dekoboko Taisou No.2,4,7.7,Lv. 7.7
Dekoboko Taisou No.2,5,9,Lv. 9
Delusion Tax,1,2,Lv. 2
Delusion Tax,2,4,Lv. 4
Delusion Tax,3,6.5,Lv. 6.5
Delusion Tax,4,9,Lv. 9
Delusion Tax,5,10.3,Lv. 10.3
Densha de Densha de GO!GO!GO!GC! -GMT remix-,1,1,Lv. 1
Densha de Densha de GO!GO!GO!GC! -GMT remix-,2,4,Lv. 4
Densha de Densha de GO!GO!GO!GC! -GMT remix-,3,6.8,Lv. 6.8
Densha de Densha de GO!GO!GO!GC! -GMT remix-,4,7.8,Lv. 7.8
Densha de Densha de GO!GO!GO!GC! -GMT remix-,5,11.1,Lv. 11.1
Densha de Densha de OPA!OPA!OPA! -GMT mashup-,1,2,Lv. 2
Densha de Densha de OPA!OPA!OPA! -GMT mashup-,2,4,Lv. 4
Densha de Densha de OPA!OPA!OPA! -GMT mashup-,3,6.5,Lv. 6.5
Densha de Densha de OPA!OPA!OPA! -GMT mashup-,4,10,Lv. 10
Densha de Densha de OPA!OPA!OPA! -GMT mashup-,5,12.7,Lv. 12.7
Desperate,1,2,Lv. 2
Desperate,2,5,Lv. 5
Desperate,3,7.8,Lv. 7.8
Desperate,4,10.5,Lv. 10.5
Desperate,5,12.8,Lv. 12.8
DETARAME ROCK&ROLL THEORY,1,3,Lv. 3
DETARAME ROCK&ROLL THEORY,2,4,Lv. 4
DETARAME ROCK&ROLL THEORY,3,7.6,Lv. 7.6
DETARAME ROCK&ROLL THEORY,4,9.5,Lv. 9.5
DETARAME ROCK&ROLL THEORY,5,12.2,Lv. 12.2
DO RORO DERODERO ON DO RORO,1,3,Lv. 3
DO RORO DERODERO ON DO RORO,2,5,Lv. 5
DO RORO DERODERO ON DO RORO,3,8.1,Lv. 8.1
DO RORO DERODERO ON DO RORO,4,11.5,Lv. 11.5
DO RORO DERODERO ON DO RORO,5,12,Lv. 12
Dogs,1,1,Lv. 1
Dogs,2,4,Lv. 4
Dogs,3,6.2,Lv. 6.2
Dogs,4,8.7,Lv. 8.7
Dogs,5,10.1,Lv. 10.1
DOKIDOKI DREAM!!!,1,3,Lv. 3
DOKIDOKI DREAM!!!,2,5,Lv. 5
DOKIDOKI DREAM!!!,3,7.9,Lv. 7.9
DOKIDOKI DREAM!!!,4,9.9,Lv. 9.9
DOKIDOKI DREAM!!!,5,11.8,Lv. 11.8
DOKUSENYOKU,1,2,Lv. 2
DOKUSENYOKU,2,5,Lv. 5
DOKUSENYOKU,3,7,Lv. 7
DOKUSENYOKU,4,9.3,Lv. 9.3
DOKUSENYOKU,5,12.3,Lv. 12.3
Doll Judgment,1,3,Lv. 3
Doll Judgment,2,4,Lv. 4
Doll Judgment,3,7.8,Lv. 7.8
Doll Judgment,4,10.4,Lv. 10.4
Doll Judgment,5,12.5,Lv. 12.5
Doll wAndeRing iN tHe NighTmARe,1,4,Lv. 4
Doll wAndeRing iN tHe NighTmARe,2,6,Lv. 6
Doll wAndeRing iN tHe NighTmARe,3,8.5,Lv. 8.5
Doll wAndeRing iN tHe NighTmARe,4,11.5,Lv. 11.5
Doll wAndeRing iN tHe NighTmARe,5,13.5,Lv. 13.5
DONUT HOLE,1,3,Lv. 3
DONUT HOLE,2,5,Lv. 5
DONUT HOLE,3,6.8,Lv. 6.8
DONUT HOLE,4,10.4,Lv. 10.4
DONUT HOLE,5,12.7,Lv. 12.7
Double Lariat,1,2,Lv. 2
Double Lariat,2,4,Lv. 4
Double Lariat,3,5.8,Lv. 5.8
Double Lariat,4,9.4,Lv. 9.4
Double Lariat,5,12.1,Lv. 12.1
Doushite Kou Natta,1,2,Lv. 2
Doushite Kou Natta,2,5,Lv. 5
Doushite Kou Natta,3,7,Lv. 7
Doushite Kou Natta,4,9.8,Lv. 9.8
Doushite Kou Natta,5,12.3,Lv. 12.3
DRAGONLADY,1,2,Lv. 2
DRAGONLADY,2,5,Lv. 5
DRAGONLADY,3,7.6,Lv. 7.6
DRAGONLADY,4,11.4,Lv. 11.4
DRAGONLADY,5,12.8,Lv. 12.8
Dragoon,1,3,Lv. 3
Dragoon,2,5,Lv. 5
Dragoon,3,7.8,Lv. 7.8
Dragoon,4,9.4,Lv. 9.4
Dragoon,5,12.3,Lv. 12.3
Dreampainter,1,2,Lv. 2
Dreampainter,2,4,Lv. 4
Dreampainter,3,7,Lv. 7
Dreampainter,4,9.7,Lv. 9.7
Dreampainter,5,11.7,Lv. 11.7
DUNE feat. Hatsune Miku,1,2,Lv. 2
DUNE feat. Hatsune Miku,2,4,Lv. 4
DUNE feat. Hatsune Miku,3,6.8,Lv. 6.8
DUNE feat. Hatsune Miku,4,9,Lv. 9
DUNE feat. Hatsune Miku,5,12.3,Lv. 12.3
ECHO,1,2,Lv. 2
ECHO,2,4,Lv. 4
ECHO,3,6.8,Lv. 6.8
ECHO,4,9.7,Lv. 9.7
ECHO,5,12.5,Lv. 12.5
Electric Angel,1,2,Lv. 2
Electric Angel,2,4,Lv. 4
Electric Angel,3,7.2,Lv. 7.2
Electric Angel,4,8.8,Lv. 8.8
Electric Angel,5,10.9,Lv. 10.9
Enbukyoku Kimini,1,1,Lv. 1
Enbukyoku Kimini,2,4,Lv. 4
Enbukyoku Kimini,3,6,Lv. 6
Enbukyoku Kimini,4,9.8,Lv. 9.8
Enbukyoku Kimini,5,11.7,Lv. 11.7
End Mark ni Kibou to Namida wo soete,1,4,Lv. 4
End Mark ni Kibou to Namida wo soete,2,6,Lv. 6
End Mark ni Kibou to Namida wo soete,3,8.8,Lv. 8.8
End Mark ni Kibou to Namida wo soete,4,11.1,Lv. 11.1
End Mark ni Kibou to Namida wo soete,5,13.3,Lv. 13.3
End of Twilight,1,3,Lv. 3
End of Twilight,2,4,Lv. 4
End of Twilight,3,7,Lv. 7
End of Twilight,4,10.2,Lv. 10.2
End of Twilight,5,11.3,Lv. 11.3
End Time,1,3,Lv. 3
End Time,2,6,Lv. 6
End Time,3,8.5,Lv. 8.5
End Time,4,11.4,Lv. 11.4
End Time,5,13.7,Lv. 13.7
Endless World,1,2,Lv. 2
Endless World,2,4,Lv. 4
Endless World,3,6.2,Lv. 6.2
Endless World,4,9.8,Lv. 9.8
Endless World,5,10.7,Lv. 10.7
Endless World,6,12.1,Lv. 12.1
"Endless, Sleepless Night",1,2,Lv. 2
"Endless, Sleepless Night",2,4,Lv. 4
"Endless, Sleepless Night",3,7.5,Lv. 7.5
"Endless, Sleepless Night",4,9.3,Lv. 9.3
"Endless, Sleepless Night",5,11.8,Lv. 11.8
ENERGY SYNERGY MATRIX,1,2,Lv. 2
ENERGY SYNERGY MATRIX,2,5,Lv. 5
ENERGY SYNERGY MATRIX,3,7,Lv. 7
ENERGY SYNERGY MATRIX,4,10.9,Lv. 10.9
ENERGY SYNERGY MATRIX,5,12.7,Lv. 12.7
ENJOY POLIS,1,2,Lv. 2
ENJOY POLIS,2,5,Lv. 5
ENJOY POLIS,3,7.4,Lv. 7.4
ENJOY POLIS,4,9,Lv. 9
ENJOY POLIS,5,11.7,Lv. 11.7
Epikouros no niji wa mou mienai,1,2,Lv. 2
Epikouros no niji wa mou mienai,2,4,Lv. 4
Epikouros no niji wa mou mienai,3,6.6,Lv. 6.6
Epikouros no niji wa mou mienai,4,8.4,Lv. 8.4
Epikouros no niji wa mou mienai,5,10.6,Lv. 10.6
Epikouros no niji wa mou mienai,6,11.9,Lv. 11.9
Eternal Melody,1,2,Lv. 2
Eternal Melody,2,4,Lv. 4
Eternal Melody,3,6.5,Lv. 6.5
Eternal Melody,4,8.9,Lv. 8.9
Eternal Melody,5,10.9,Lv. 10.9
EVERGREEN,1,2,Lv. 2
EVERGREEN,2,4,Lv. 4
EVERGREEN,3,7,Lv. 7
EVERGREEN,4,10.5,Lv. 10.5
EVERGREEN,5,12,Lv. 12
Everyone's,1,2,Lv. 2
Everyone's,2,4,Lv. 4
Everyone's,3,6.8,Lv. 6.8
Everyone's,4,8.7,Lv. 8.7
Everyone's,5,11.4,Lv. 11.4
Excalibur ～Revived resolution～,1,4,Lv. 4
Excalibur ～Revived resolution～,2,6,Lv. 6
Excalibur ～Revived resolution～,3,9.5,Lv. 9.5
Excalibur ～Revived resolution～,4,11.5,Lv. 11.5
Excalibur ～Revived resolution～,5,13.8,Lv. 13.8
FA TOSHITE TOGENKYO,1,2,Lv. 2
FA TOSHITE TOGENKYO,2,4,Lv. 4
FA TOSHITE TOGENKYO,3,6.5,Lv. 6.5
FA TOSHITE TOGENKYO,4,8.8,Lv. 8.8
FA TOSHITE TOGENKYO,5,11.7,Lv. 11.7
fake!fake!,1,2,Lv. 2
fake!fake!,2,4,Lv. 4
fake!fake!,3,7,Lv. 7
fake!fake!,4,8.7,Lv. 8.7
fake!fake!,5,11.7,Lv. 11.7
fantastic dreamer,1,3,Lv. 3
fantastic dreamer,2,4,Lv. 4
fantastic dreamer,3,6.7,Lv. 6.7
fantastic dreamer,4,8.8,Lv. 8.8
fantastic dreamer,5,11.4,Lv. 11.4
FANTASY ZONE OPA-OPA! -GMT remix-,1,2,Lv. 2
FANTASY ZONE OPA-OPA! -GMT remix-,2,4,Lv. 4
FANTASY ZONE OPA-OPA! -GMT remix-,3,6.6,Lv. 6.6
FANTASY ZONE OPA-OPA! -GMT remix-,4,9.2,Lv. 9.2
FANTASY ZONE OPA-OPA! -GMT remix-,5,11.5,Lv. 11.5
FEEL ALIVE,1,4,Lv. 4
FEEL ALIVE,2,5,Lv. 5
FEEL ALIVE,3,8,Lv. 8
FEEL ALIVE,4,10.6,Lv. 10.6
FEEL ALIVE,5,12.6,Lv. 12.6
Feel My Fire,1,2,Lv. 2
Feel My Fire,2,4,Lv. 4
Feel My Fire,3,8.3,Lv. 8.3
Feel My Fire,4,9.7,Lv. 9.7
Feel My Fire,5,11.8,Lv. 11.8
FEEL the BEATS,1,3,Lv. 3
FEEL the BEATS,2,5,Lv. 5
FEEL the BEATS,3,7.8,Lv. 7.8
FEEL the BEATS,4,9.8,Lv. 9.8
FEEL the BEATS,5,12.2,Lv. 12.2
Feel the Magic -XY♥XX-,1,2,Lv. 2
Feel the Magic -XY♥XX-,2,4,Lv. 4
Feel the Magic -XY♥XX-,3,6.2,Lv. 6.2
Feel the Magic -XY♥XX-,4,8.6,Lv. 8.6
Feel the Magic -XY♥XX-,5,10.6,Lv. 10.6
FestivaLight,1,2,Lv. 2
FestivaLight,2,4,Lv. 4
FestivaLight,3,7.2,Lv. 7.2
FestivaLight,4,9,Lv. 9
FestivaLight,5,12.1,Lv. 12.1
FFT,1,4,Lv. 4
FFT,2,6,Lv. 6
FFT,3,8.7,Lv. 8.7
FFT,4,11.6,Lv. 11.6
FFT,5,13.5,Lv. 13.5
FFT,6,13.9,Lv. 13.9
Fist Bump,1,3,Lv. 3
Fist Bump,2,5,Lv. 5
Fist Bump,3,7.7,Lv. 7.7
Fist Bump,4,9.8,Lv. 9.8
Fist Bump,5,12,Lv. 12
Fixer,1,2,Lv. 2
Fixer,2,4,Lv. 4
Fixer,3,6.8,Lv. 6.8
Fixer,4,8.8,Lv. 8.8
Fixer,5,12.4,Lv. 12.4
FLOWER,1,3,Lv. 3
FLOWER,2,5,Lv. 5
FLOWER,3,7.5,Lv. 7.5
FLOWER,4,10.3,Lv. 10.3
FLOWER,5,12.8,Lv. 12.8
"Flower, snow and Drum'n'bass.",1,2,Lv. 2
"Flower, snow and Drum'n'bass.",2,6,Lv. 6
"Flower, snow and Drum'n'bass.",3,8,Lv. 8
"Flower, snow and Drum'n'bass.",4,11.3,Lv. 11.3
"Flower, snow and Drum'n'bass.",5,13.5,Lv. 13.5
"Flower, snow and Drum'n'bass.",6,12.9,Lv. 12.9
Fortissimo BELL,1,1,Lv. 1
Fortissimo BELL,2,3,Lv. 3
Fortissimo BELL,3,6.1,Lv. 6.1
Fortissimo BELL,4,7.8,Lv. 7.8
Fortissimo BELL,5,11.2,Lv. 11.2
Four-Dimensional Warp Device,1,2,Lv. 2
Four-Dimensional Warp Device,2,4,Lv. 4
Four-Dimensional Warp Device,3,6.2,Lv. 6.2
Four-Dimensional Warp Device,4,9.2,Lv. 9.2
Four-Dimensional Warp Device,5,12,Lv. 12
fragile,1,1,Lv. 1
fragile,2,4,Lv. 4
fragile,3,7,Lv. 7
fragile,4,8.2,Lv. 8.2
fragile,5,11.9,Lv. 11.9
Fragments -T.V. maimai edit-,1,2,Lv. 2
Fragments -T.V. maimai edit-,2,4,Lv. 4
Fragments -T.V. maimai edit-,3,5.8,Lv. 5.8
Fragments -T.V. maimai edit-,4,8.2,Lv. 8.2
Fragments -T.V. maimai edit-,5,10.7,Lv. 10.7
Fragrance,1,4,Lv. 4
Fragrance,2,5,Lv. 5
Fragrance,3,8.5,Lv. 8.5
Fragrance,4,11.7,Lv. 11.7
Fragrance,5,13.1,Lv. 13.1
Fragrance,6,13.5,Lv. 13.5
FREEDOM DiVE (tpz Overcute Remix),1,4,Lv. 4
FREEDOM DiVE (tpz Overcute Remix),2,6,Lv. 6
FREEDOM DiVE (tpz Overcute Remix),3,8.7,Lv. 8.7
FREEDOM DiVE (tpz Overcute Remix),4,10.8,Lv. 10.8
FREEDOM DiVE (tpz Overcute Remix),5,13.4,Lv. 13.4
Freedom Lolita,1,2,Lv. 2
Freedom Lolita,2,4,Lv. 4
Freedom Lolita,3,6.5,Lv. 6.5
Freedom Lolita,4,8.7,Lv. 8.7
Freedom Lolita,5,11.7,Lv. 11.7
FUJIN Rumble,1,2,Lv. 2
FUJIN Rumble,2,5,Lv. 5
FUJIN Rumble,3,7.8,Lv. 7.8
FUJIN Rumble,4,10.2,Lv. 10.2
FUJIN Rumble,5,13.3,Lv. 13.3
fumou!,1,2,Lv. 2
fumou!,2,4,Lv. 4
fumou!,3,7.3,Lv. 7.3
fumou!,4,8.7,Lv. 8.7
fumou!,5,11.1,Lv. 11.1
Fusigi-no-kuni no Christmas,1,2,Lv. 2
Fusigi-no-kuni no Christmas,2,4,Lv. 4
Fusigi-no-kuni no Christmas,3,5.8,Lv. 5.8
Fusigi-no-kuni no Christmas,4,8.5,Lv. 8.5
Fusigi-no-kuni no Christmas,5,11.8,Lv. 11.8
Future,1,3,Lv. 3
Future,2,6,Lv. 6
Future,3,6.2,Lv. 6.2
Future,4,7.9,Lv. 7.9
Future,5,9.5,Lv. 9.5
Future,6,11.3,Lv. 11.3
Gabriel DropKick,1,2,Lv. 2
Gabriel DropKick,2,4,Lv. 4
Gabriel DropKick,3,7,Lv. 7
Gabriel DropKick,4,8.5,Lv. 8.5
Gabriel DropKick,5,11.9,Lv. 11.9
Gacha Gacha Cute Figu@mate,1,3,Lv. 3
Gacha Gacha Cute Figu@mate,2,5,Lv. 5
Gacha Gacha Cute Figu@mate,3,7,Lv. 7
Gacha Gacha Cute Figu@mate,4,9.8,Lv. 9.8
Gacha Gacha Cute Figu@mate,5,11.8,Lv. 11.8
Garakuta Doll Play,1,4,Lv. 4
Garakuta Doll Play,2,6,Lv. 6
Garakuta Doll Play,3,8.2,Lv. 8.2
Garakuta Doll Play,4,11,Lv. 11
Garakuta Doll Play,5,13.1,Lv. 13.1
Garakuta Doll Play,6,13.7,Lv. 13.7
Garden Of The Dragon,1,1,Lv. 1
Garden Of The Dragon,2,3,Lv. 3
Garden Of The Dragon,3,6.2,Lv. 6.2
Garden Of The Dragon,4,10.2,Lv. 10.2
Garden Of The Dragon,5,11.8,Lv. 11.8
GEKI！TEIKOKUKAGEKIDAN(KAI),1,2,Lv. 2
GEKI！TEIKOKUKAGEKIDAN(KAI),2,4,Lv. 4
GEKI！TEIKOKUKAGEKIDAN(KAI),3,6.6,Lv. 6.6
GEKI！TEIKOKUKAGEKIDAN(KAI),4,8.1,Lv. 8.1
GEKI！TEIKOKUKAGEKIDAN(KAI),5,8.7,Lv. 8.7
GEKI！TEIKOKUKAGEKIDAN(KAI),6,11,Lv. 11
GEMINI -M-,1,4,Lv. 4
GEMINI -M-,2,6,Lv. 6
GEMINI -M-,3,7,Lv. 7
GEMINI -M-,4,10.2,Lv. 10.2
GEMINI -M-,5,12.7,Lv. 12.7
Genghis Khan,1,3,Lv. 3
Genghis Khan,2,4,Lv. 4
Genghis Khan,3,6.8,Lv. 6.8
Genghis Khan,4,8.9,Lv. 8.9
Genghis Khan,5,12.2,Lv. 12.2
gensounosateraito,1,2,Lv. 2
gensounosateraito,2,4,Lv. 4
gensounosateraito,3,7.3,Lv. 7.3
gensounosateraito,4,9.7,Lv. 9.7
gensounosateraito,5,12.9,Lv. 12.9
Get Happy,1,3,Lv. 3
Get Happy,2,5,Lv. 5
Get Happy,3,7,Lv. 7
Get Happy,4,10.8,Lv. 10.8
Get Happy,5,12.3,Lv. 12.3
GET!! YUME&DREAM,1,2,Lv. 2
GET!! YUME&DREAM,2,4,Lv. 4
GET!! YUME&DREAM,3,7,Lv. 7
GET!! YUME&DREAM,4,8.5,Lv. 8.5
GET!! YUME&DREAM,5,11,Lv. 11
Getting Faster and Faster,1,2,Lv. 2
Getting Faster and Faster,2,4,Lv. 4
Getting Faster and Faster,3,7.5,Lv. 7.5
Getting Faster and Faster,4,8.8,Lv. 8.8
Getting Faster and Faster,5,10.9,Lv. 10.9
Getting Faster and Faster,6,11.2,Lv. 11.2
Ghost Rule,1,3,Lv. 3
Ghost Rule,2,5,Lv. 5
Ghost Rule,3,7.7,Lv. 7.7
Ghost Rule,4,9.4,Lv. 9.4
Ghost Rule,5,12,Lv. 12
girigiri saikyou Ai Mai Mi!,1,2,Lv. 2
girigiri saikyou Ai Mai Mi!,2,5,Lv. 5
girigiri saikyou Ai Mai Mi!,3,7.2,Lv. 7.2
girigiri saikyou Ai Mai Mi!,4,9.5,Lv. 9.5
girigiri saikyou Ai Mai Mi!,5,12.7,Lv. 12.7
Glorious Crown,1,4,Lv. 4
Glorious Crown,2,6,Lv. 6
Glorious Crown,3,9.7,Lv. 9.7
Glorious Crown,4,11.3,Lv. 11.3
Glorious Crown,5,13.7,Lv. 13.7
GO BACK 2 YOUR RAVE,1,3,Lv. 3
GO BACK 2 YOUR RAVE,2,5,Lv. 5
GO BACK 2 YOUR RAVE,3,7.7,Lv. 7.7
GO BACK 2 YOUR RAVE,4,10.5,Lv. 10.5
GO BACK 2 YOUR RAVE,5,12.9,Lv. 12.9
Go Go Yureisen,1,2,Lv. 2
Go Go Yureisen,2,4,Lv. 4
Go Go Yureisen,3,7.4,Lv. 7.4
Go Go Yureisen,4,9.7,Lv. 9.7
Go Go Yureisen,5,10.6,Lv. 10.6
GOKUJOU SUMAIRU,1,1,Lv. 1
GOKUJOU SUMAIRU,2,4,Lv. 4
GOKUJOU SUMAIRU,3,6,Lv. 6
GOKUJOU SUMAIRU,4,7.5,Lv. 7.5
GOKUJOU SUMAIRU,5,9.8,Lv. 9.8
GoldenHolyNightRottingintotheFrostandSnow,1,3,Lv. 3
GoldenHolyNightRottingintotheFrostandSnow,2,5,Lv. 5
GoldenHolyNightRottingintotheFrostandSnow,3,7.8,Lv. 7.8
GoldenHolyNightRottingintotheFrostandSnow,4,9.8,Lv. 9.8
GoldenHolyNightRottingintotheFrostandSnow,5,11.9,Lv. 11.9
"Good Bye, Mr. Jack",1,3,Lv. 3
"Good Bye, Mr. Jack",2,5,Lv. 5
"Good Bye, Mr. Jack",3,8.2,Lv. 8.2
"Good Bye, Mr. Jack",4,11.5,Lv. 11.5
"Good Bye, Mr. Jack",5,12.9,Lv. 12.9
GOODMEN,1,3,Lv. 3
GOODMEN,2,5,Lv. 5
GOODMEN,3,7.3,Lv. 7.3
GOODMEN,4,9.8,Lv. 9.8
GOODMEN,5,11.8,Lv. 11.8
Got more raves？,1,3,Lv. 3
Got more raves？,2,5,Lv. 5
Got more raves？,3,8,Lv. 8
Got more raves？,4,10.9,Lv. 10.9
Got more raves？,5,12.7,Lv. 12.7
Grip & Break down !!,1,2,Lv. 2
Grip & Break down !!,2,4,Lv. 4
Grip & Break down !!,3,6.2,Lv. 6.2
Grip & Break down !!,4,7.5,Lv. 7.5
Grip & Break down !!,5,11.9,Lv. 11.9
Grumpy Waltz,1,3,Lv. 3
Grumpy Waltz,2,5,Lv. 5
Grumpy Waltz,3,7,Lv. 7
Grumpy Waltz,4,8.8,Lv. 8.8
Grumpy Waltz,5,12.1,Lv. 12.1
Guren no Yumiya,1,1,Lv. 1
Guren no Yumiya,2,4,Lv. 4
Guren no Yumiya,3,7.8,Lv. 7.8
Guren no Yumiya,4,9,Lv. 9
Guren no Yumiya,5,11.1,Lv. 11.1
H-A-J-I-M-A-R-I-U-T-A-!!,1,1,Lv. 1
H-A-J-I-M-A-R-I-U-T-A-!!,2,3,Lv. 3
H-A-J-I-M-A-R-I-U-T-A-!!,3,6.8,Lv. 6.8
H-A-J-I-M-A-R-I-U-T-A-!!,4,8.7,Lv. 8.7
H-A-J-I-M-A-R-I-U-T-A-!!,5,11.7,Lv. 11.7
Hakanakimono Ningen,1,3,Lv. 3
Hakanakimono Ningen,2,5,Lv. 5
Hakanakimono Ningen,3,7.7,Lv. 7.7
Hakanakimono Ningen,4,9.4,Lv. 9.4
Hakanakimono Ningen,5,12.8,Lv. 12.8
Hand in Hand,1,2,Lv. 2
Hand in Hand,2,4,Lv. 4
Hand in Hand,3,6,Lv. 6
Hand in Hand,4,8.9,Lv. 8.9
Hand in Hand,5,11.2,Lv. 11.2
HAPPY SYNTHESIZER,1,2,Lv. 2
HAPPY SYNTHESIZER,2,4,Lv. 4
HAPPY SYNTHESIZER,3,6.8,Lv. 6.8
HAPPY SYNTHESIZER,4,8,Lv. 8
HAPPY SYNTHESIZER,5,10.8,Lv. 10.8
Haro／Hawayu,1,1,Lv. 1
Haro／Hawayu,2,4,Lv. 4
Haro／Hawayu,3,5.8,Lv. 5.8
Haro／Hawayu,4,8.1,Lv. 8.1
Haro／Hawayu,5,10.7,Lv. 10.7
healthy end,1,2,Lv. 2
healthy end,2,4,Lv. 4
healthy end,3,7,Lv. 7
healthy end,4,9.7,Lv. 9.7
healthy end,5,11.9,Lv. 11.9
Heart Beats,1,2,Lv. 2
Heart Beats,2,5,Lv. 5
Heart Beats,3,6.7,Lv. 6.7
Heart Beats,4,8.2,Lv. 8.2
Heart Beats,5,10.3,Lv. 10.3
heart・beat,1,3,Lv. 3
heart・beat,2,5,Lv. 5
heart・beat,3,7.5,Lv. 7.5
heart・beat,4,9.2,Lv. 9.2
heart・beat,5,12.1,Lv. 12.1
Heartbeats,1,2,Lv. 2
Heartbeats,2,4,Lv. 4
Heartbeats,3,8,Lv. 8
Heartbeats,4,10,Lv. 10
Heartbeats,5,11.3,Lv. 11.3
Helix of Garatia,1,3,Lv. 3
Helix of Garatia,2,6,Lv. 6
Helix of Garatia,3,8,Lv. 8
Helix of Garatia,4,11,Lv. 11
Helix of Garatia,5,13.5,Lv. 13.5
Helix of Garatia,6,13.7,Lv. 13.7
HELL FLAME,1,3,Lv. 3
HELL FLAME,2,5,Lv. 5
HELL FLAME,3,8.2,Lv. 8.2
HELL FLAME,4,10.5,Lv. 10.5
HELL FLAME,5,12.7,Lv. 12.7
"Help me, ERINNNNNN!!",1,2,Lv. 2
"Help me, ERINNNNNN!!",2,5,Lv. 5
"Help me, ERINNNNNN!!",3,6.2,Lv. 6.2
"Help me, ERINNNNNN!!",4,9.8,Lv. 9.8
"Help me, ERINNNNNN!!",5,10.4,Lv. 10.4
"Help me, あーりん！",1,2,Lv. 2
"Help me, あーりん！",2,4,Lv. 4
"Help me, あーりん！",3,7,Lv. 7
"Help me, あーりん！",4,9,Lv. 9
"Help me, あーりん！",5,11.7,Lv. 11.7
Her Dream Is To Be A Fantastic Sorceress,1,1,Lv. 1
Her Dream Is To Be A Fantastic Sorceress,2,3,Lv. 3
Her Dream Is To Be A Fantastic Sorceress,3,6,Lv. 6
Her Dream Is To Be A Fantastic Sorceress,4,9.5,Lv. 9.5
Her Dream Is To Be A Fantastic Sorceress,5,10.3,Lv. 10.3
HERA,1,4,Lv. 4
HERA,2,6,Lv. 6
HERA,3,8.5,Lv. 8.5
HERA,4,10.8,Lv. 10.8
HERA,5,13.2,Lv. 13.2
HIBANA,1,3,Lv. 3
HIBANA,2,4,Lv. 4
HIBANA,3,7.4,Lv. 7.4
HIBANA,4,9.7,Lv. 9.7
HIBANA,5,10.8,Lv. 10.8
HIBANA,6,11.8,Lv. 11.8
Hibikase,1,2,Lv. 2
Hibikase,2,4,Lv. 4
Hibikase,3,7,Lv. 7
Hibikase,4,9.8,Lv. 9.8
Hibikase,5,12.1,Lv. 12.1
hiiro no dance,1,2,Lv. 2
hiiro no dance,2,4,Lv. 4
hiiro no dance,3,6.8,Lv. 6.8
hiiro no dance,4,9,Lv. 9
hiiro no dance,5,11.9,Lv. 11.9
hiiro no dance,6,12.6,Lv. 12.6
HIMITSU SPARK,1,2,Lv. 2
HIMITSU SPARK,2,4,Lv. 4
HIMITSU SPARK,3,6.8,Lv. 6.8
HIMITSU SPARK,4,8.7,Lv. 8.7
HIMITSU SPARK,5,11.7,Lv. 11.7
Hirefuse Gumin-domo!,1,2,Lv. 2
Hirefuse Gumin-domo!,2,4,Lv. 4
Hirefuse Gumin-domo!,3,7,Lv. 7
Hirefuse Gumin-domo!,4,9,Lv. 9
Hirefuse Gumin-domo!,5,11.7,Lv. 11.7
hitozato ni kudatta atai ga itsunomanika syachiku ni natteita ken,1,3,Lv. 3
hitozato ni kudatta atai ga itsunomanika syachiku ni natteita ken,2,5,Lv. 5
hitozato ni kudatta atai ga itsunomanika syachiku ni natteita ken,3,8.2,Lv. 8.2
hitozato ni kudatta atai ga itsunomanika syachiku ni natteita ken,4,11,Lv. 11
hitozato ni kudatta atai ga itsunomanika syachiku ni natteita ken,5,12.9,Lv. 12.9
HOMURA-UTA,1,2,Lv. 2
HOMURA-UTA,2,4,Lv. 4
HOMURA-UTA,3,6.4,Lv. 6.4
HOMURA-UTA,4,10.5,Lv. 10.5
HOMURA-UTA,5,12.3,Lv. 12.3
Honey Trap,1,4,Lv. 4
Honey Trap,2,5,Lv. 5
Honey Trap,3,7.8,Lv. 7.8
Honey Trap,4,10.7,Lv. 10.7
Honey Trap,5,10.1,Lv. 10.1
Houkago Stride,1,2,Lv. 2
Houkago Stride,2,4,Lv. 4
Houkago Stride,3,7.6,Lv. 7.6
Houkago Stride,4,9.1,Lv. 9.1
Houkago Stride,5,11.8,Lv. 11.8
How to be maimai sinken master!,1,3,Lv. 3
How to be maimai sinken master!,2,5,Lv. 5
How to be maimai sinken master!,3,7.8,Lv. 7.8
How to be maimai sinken master!,4,9.7,Lv. 9.7
How to be maimai sinken master!,5,12.2,Lv. 12.2
Hyper Active,1,4,Lv. 4
Hyper Active,2,6,Lv. 6
Hyper Active,3,8.3,Lv. 8.3
Hyper Active,4,11,Lv. 11
Hyper Active,5,12.9,Lv. 12.9
I ♥,1,2,Lv. 2
I ♥,2,4,Lv. 4
I ♥,3,6.9,Lv. 6.9
I ♥,4,7.7,Lv. 7.7
I ♥,5,10.7,Lv. 10.7
I must transform to Magical-girl,1,3,Lv. 3
I must transform to Magical-girl,2,5,Lv. 5
I must transform to Magical-girl,3,8,Lv. 8
I must transform to Magical-girl,4,10.8,Lv. 10.8
I must transform to Magical-girl,5,12.9,Lv. 12.9
I wanna be it!,1,3,Lv. 3
I wanna be it!,2,5,Lv. 5
I wanna be it!,3,7.2,Lv. 7.2
I wanna be it!,4,9.2,Lv. 9.2
I wanna be it!,5,10.8,Lv. 10.8
I wanna be it!,6,12.1,Lv. 12.1
I'll Miku-Miku You♪(For Reals),1,2,Lv. 2
I'll Miku-Miku You♪(For Reals),2,4,Lv. 4
I'll Miku-Miku You♪(For Reals),3,6,Lv. 6
I'll Miku-Miku You♪(For Reals),4,7.7,Lv. 7.7
I'll Miku-Miku You♪(For Reals),5,10.7,Lv. 10.7
IAIA★NIGHT OF DESIRE,1,2,Lv. 2
IAIA★NIGHT OF DESIRE,2,4,Lv. 4
IAIA★NIGHT OF DESIRE,3,6.5,Lv. 6.5
IAIA★NIGHT OF DESIRE,4,8.4,Lv. 8.4
IAIA★NIGHT OF DESIRE,5,9.9,Lv. 9.9
iarufanclub,1,2,Lv. 2
iarufanclub,2,4,Lv. 4
iarufanclub,3,6.7,Lv. 6.7
iarufanclub,4,7.4,Lv. 7.4
iarufanclub,5,10.3,Lv. 10.3
iarufanclub,6,11.8,Lv. 11.8
Ievan Polkka,1,1,Lv. 1
Ievan Polkka,2,3,Lv. 3
Ievan Polkka,3,6.8,Lv. 6.8
Ievan Polkka,4,10.7,Lv. 10.7
Ievan Polkka,5,12.5,Lv. 12.5
Ignis Danse,1,2,Lv. 2
Ignis Danse,2,5,Lv. 5
Ignis Danse,3,7.5,Lv. 7.5
Ignis Danse,4,10.8,Lv. 10.8
Ignis Danse,5,13.3,Lv. 13.3
Ignite Infinity,1,2,Lv. 2
Ignite Infinity,2,4,Lv. 4
Ignite Infinity,3,6.4,Lv. 6.4
Ignite Infinity,4,10.2,Lv. 10.2
Ignite Infinity,5,10.7,Lv. 10.7
Ikazuchi,1,4,Lv. 4
Ikazuchi,2,6,Lv. 6
Ikazuchi,3,8.8,Lv. 8.8
Ikazuchi,4,11.8,Lv. 11.8
Ikazuchi,5,13.6,Lv. 13.6
IKUSHION-Ixion-,1,3,Lv. 3
IKUSHION-Ixion-,2,5,Lv. 5
IKUSHION-Ixion-,3,7.8,Lv. 7.8
IKUSHION-Ixion-,4,9.2,Lv. 9.2
IKUSHION-Ixion-,5,11.7,Lv. 11.7
Imagined Mirage,1,3,Lv. 3
Imagined Mirage,2,5,Lv. 5
Imagined Mirage,3,7,Lv. 7
Imagined Mirage,4,9.5,Lv. 9.5
Imagined Mirage,5,12.4,Lv. 12.4
Imitation:Loud Lounge,1,3,Lv. 3
Imitation:Loud Lounge,2,5,Lv. 5
Imitation:Loud Lounge,3,7,Lv. 7
Imitation:Loud Lounge,4,10.4,Lv. 10.4
Imitation:Loud Lounge,5,12.4,Lv. 12.4
Imperishable Night 2006 (2016 Refine),1,3,Lv. 3
Imperishable Night 2006 (2016 Refine),2,5,Lv. 5
Imperishable Night 2006 (2016 Refine),3,7.8,Lv. 7.8
Imperishable Night 2006 (2016 Refine),4,10.5,Lv. 10.5
Imperishable Night 2006 (2016 Refine),5,12.7,Lv. 12.7
In Chaos,1,2,Lv. 2
In Chaos,2,5,Lv. 5
In Chaos,3,6.8,Lv. 6.8
In Chaos,4,8,Lv. 8
In Chaos,5,10.7,Lv. 10.7
In Chaos,6,13.7,Lv. 13.7
Infantoon Fantasy,1,3,Lv. 3
Infantoon Fantasy,2,5,Lv. 5
Infantoon Fantasy,3,7.8,Lv. 7.8
Infantoon Fantasy,4,9.3,Lv. 9.3
Infantoon Fantasy,5,12.5,Lv. 12.5
INFINITE WORLD,1,2,Lv. 2
INFINITE WORLD,2,4,Lv. 4
INFINITE WORLD,3,7.4,Lv. 7.4
INFINITE WORLD,4,9.2,Lv. 9.2
INFINITE WORLD,5,11.7,Lv. 11.7
inochi bakkari,1,2,Lv. 2
inochi bakkari,2,3,Lv. 3
inochi bakkari,3,6.8,Lv. 6.8
inochi bakkari,4,8.5,Lv. 8.5
inochi bakkari,5,11.8,Lv. 11.8
Inokori Sensei,1,2,Lv. 2
Inokori Sensei,2,4,Lv. 4
Inokori Sensei,3,6.7,Lv. 6.7
Inokori Sensei,4,8.5,Lv. 8.5
Inokori Sensei,5,11,Lv. 11
Invisible,1,3,Lv. 3
Invisible,2,5,Lv. 5
Invisible,3,7.2,Lv. 7.2
Invisible,4,9.8,Lv. 9.8
Invisible,5,10.9,Lv. 10.9
Invisible,6,12.7,Lv. 12.7
Invitation,1,2,Lv. 2
Invitation,2,4,Lv. 4
Invitation,3,6.8,Lv. 6.8
Invitation,4,8.3,Lv. 8.3
Invitation,5,11.7,Lv. 11.7
Inzen,1,3,Lv. 3
Inzen,2,5,Lv. 5
Inzen,3,7.8,Lv. 7.8
Inzen,4,9.8,Lv. 9.8
Inzen,5,11.1,Lv. 11.1
Inzen,6,12.4,Lv. 12.4
Iro Ha Nioedo Chirinuruwo,1,2,Lv. 2
Iro Ha Nioedo Chirinuruwo,2,3,Lv. 3
Iro Ha Nioedo Chirinuruwo,3,6.8,Lv. 6.8
Iro Ha Nioedo Chirinuruwo,4,8.2,Lv. 8.2
Iro Ha Nioedo Chirinuruwo,5,11.3,Lv. 11.3
Irotoridori no melody,1,2,Lv. 2
Irotoridori no melody,2,4,Lv. 4
Irotoridori no melody,3,6.5,Lv. 6.5
Irotoridori no melody,4,9.5,Lv. 9.5
Irotoridori no melody,5,11.7,Lv. 11.7
Itazura,1,2,Lv. 2
Itazura,2,4,Lv. 4
Itazura,3,6.4,Lv. 6.4
Itazura,4,8.8,Lv. 8.8
Itazura,5,11.3,Lv. 11.3
Jack-the-Ripper◆,1,3,Lv. 3
Jack-the-Ripper◆,2,5,Lv. 5
Jack-the-Ripper◆,3,8.2,Lv. 8.2
Jack-the-Ripper◆,4,10.4,Lv. 10.4
Jack-the-Ripper◆,5,12.9,Lv. 12.9
JACKY [Remix],1,2,Lv. 2
JACKY [Remix],2,4,Lv. 4
JACKY [Remix],3,6.7,Lv. 6.7
JACKY [Remix],4,9.6,Lv. 9.6
JACKY [Remix],5,12.1,Lv. 12.1
jelly,1,2,Lv. 2
jelly,2,4,Lv. 4
jelly,3,7.2,Lv. 7.2
jelly,4,7.7,Lv. 7.7
jelly,5,10.7,Lv. 10.7
Jikuu Wo Koete Hisashiburi!,1,1,Lv. 1
Jikuu Wo Koete Hisashiburi!,2,3,Lv. 3
Jikuu Wo Koete Hisashiburi!,3,5.4,Lv. 5.4
Jikuu Wo Koete Hisashiburi!,4,8.8,Lv. 8.8
Jikuu Wo Koete Hisashiburi!,5,11.5,Lv. 11.5
Jimang Shot,1,2,Lv. 2
Jimang Shot,2,4,Lv. 4
Jimang Shot,3,6.8,Lv. 6.8
Jimang Shot,4,8.9,Lv. 8.9
Jimang Shot,5,11.7,Lv. 11.7
Jinglebell,1,2,Lv. 2
Jinglebell,2,5,Lv. 5
Jinglebell,3,7.1,Lv. 7.1
Jinglebell,4,9.5,Lv. 9.5
Jinglebell,5,13.1,Lv. 13.1
Jinglebell,6,13.1,Lv. 13.1
Jumble Rumble,1,3,Lv. 3
Jumble Rumble,2,5,Lv. 5
Jumble Rumble,3,8,Lv. 8
Jumble Rumble,4,10.8,Lv. 10.8
Jumble Rumble,5,12.8,Lv. 12.8
JUMPIN' JUMPIN',1,2,Lv. 2
JUMPIN' JUMPIN',2,4,Lv. 4
JUMPIN' JUMPIN',3,7.7,Lv. 7.7
JUMPIN' JUMPIN',4,9.6,Lv. 9.6
JUMPIN' JUMPIN',5,11.5,Lv. 11.5
Jumping!!,1,2,Lv. 2
Jumping!!,2,4,Lv. 4
Jumping!!,3,6.8,Lv. 6.8
Jumping!!,4,8.4,Lv. 8.4
Jumping!!,5,10.7,Lv. 10.7
Just Be Friends,1,1,Lv. 1
Just Be Friends,2,4,Lv. 4
Just Be Friends,3,7,Lv. 7
Just Be Friends,4,9,Lv. 9
Just Be Friends,5,11.7,Lv. 11.7
Justified,1,3,Lv. 3
Justified,2,4,Lv. 4
Justified,3,8.2,Lv. 8.2
Justified,4,11.5,Lv. 11.5
Justified,5,12.9,Lv. 12.9
Kachoufugetsu,1,1,Lv. 1
Kachoufugetsu,2,3,Lv. 3
Kachoufugetsu,3,5.8,Lv. 5.8
Kachoufugetsu,4,8,Lv. 8
Kachoufugetsu,5,11.3,Lv. 11.3
Kagerou Days,1,2,Lv. 2
Kagerou Days,2,4,Lv. 4
Kagerou Days,3,6.2,Lv. 6.2
Kagerou Days,4,9.8,Lv. 9.8
Kagerou Days,5,11.2,Lv. 11.2
Kagerou Days,6,13,Lv. 13
kakoinakiyohaichigonotsukikage,1,2,Lv. 2
kakoinakiyohaichigonotsukikage,2,5,Lv. 5
kakoinakiyohaichigonotsukikage,3,7.2,Lv. 7.2
kakoinakiyohaichigonotsukikage,4,9.1,Lv. 9.1
kakoinakiyohaichigonotsukikage,5,11.2,Lv. 11.2
KAKUSHINTEKI METAMARUFOOZE,1,2,Lv. 2
KAKUSHINTEKI METAMARUFOOZE,2,4,Lv. 4
KAKUSHINTEKI METAMARUFOOZE,3,6.8,Lv. 6.8
KAKUSHINTEKI METAMARUFOOZE,4,8.3,Lv. 8.3
KAKUSHINTEKI METAMARUFOOZE,5,11,Lv. 11
KAKUSHINTEKI METAMARUFOOZE,6,12,Lv. 12
kamigaminoinori,1,1,Lv. 1
kamigaminoinori,2,3,Lv. 3
kamigaminoinori,3,6.3,Lv. 6.3
kamigaminoinori,4,7.8,Lv. 7.8
kamigaminoinori,5,11.4,Lv. 11.4
KAMURO-SETSUGEKKA,1,2,Lv. 2
KAMURO-SETSUGEKKA,2,4,Lv. 4
KAMURO-SETSUGEKKA,3,6.9,Lv. 6.9
KAMURO-SETSUGEKKA,4,10.7,Lv. 10.7
KAMURO-SETSUGEKKA,5,11.3,Lv. 11.3
Kanbu de Tomatte Sugu Tokeru,1,2,Lv. 2
Kanbu de Tomatte Sugu Tokeru,2,4,Lv. 4
Kanbu de Tomatte Sugu Tokeru,3,7.2,Lv. 7.2
Kanbu de Tomatte Sugu Tokeru,4,9,Lv. 9
Kanbu de Tomatte Sugu Tokeru,5,12.7,Lv. 12.7
Kanbu de Tomatte Sugu Tokeru,6,13,Lv. 13
Karakuri Pierrot,1,1,Lv. 1
Karakuri Pierrot,2,3,Lv. 3
Karakuri Pierrot,3,5.8,Lv. 5.8
Karakuri Pierrot,4,8.7,Lv. 8.7
Karakuri Pierrot,5,10.6,Lv. 10.6
Karakuri Pierrot,6,11.8,Lv. 11.8
Kasege！Jarinko Hero,1,2,Lv. 2
Kasege！Jarinko Hero,2,4,Lv. 4
Kasege！Jarinko Hero,3,6.8,Lv. 6.8
Kasege！Jarinko Hero,4,8.3,Lv. 8.3
Kasege！Jarinko Hero,5,10.7,Lv. 10.7
Kattobi KEIKYU Rider,1,4,Lv. 4
Kattobi KEIKYU Rider,2,5,Lv. 5
Kattobi KEIKYU Rider,3,8.5,Lv. 8.5
Kattobi KEIKYU Rider,4,11,Lv. 11
Kattobi KEIKYU Rider,5,12.8,Lv. 12.8
keep hopping,1,3,Lv. 3
keep hopping,2,5,Lv. 5
keep hopping,3,7.8,Lv. 7.8
keep hopping,4,10.8,Lv. 10.8
keep hopping,5,12.9,Lv. 12.9
kero9destiny,1,2,Lv. 2
kero9destiny,2,4,Lv. 4
kero9destiny,3,6.5,Lv. 6.5
kero9destiny,4,9.4,Lv. 9.4
kero9destiny,5,11,Lv. 11
Kiborinamazu to Migikatazonbi,1,2,Lv. 2
Kiborinamazu to Migikatazonbi,2,5,Lv. 5
Kiborinamazu to Migikatazonbi,3,7.3,Lv. 7.3
Kiborinamazu to Migikatazonbi,4,9.3,Lv. 9.3
Kiborinamazu to Migikatazonbi,5,12.4,Lv. 12.4
Kimi no Shiranai Monogatari,1,3,Lv. 3
Kimi no Shiranai Monogatari,2,3,Lv. 3
Kimi no Shiranai Monogatari,3,6.6,Lv. 6.6
Kimi no Shiranai Monogatari,4,8.3,Lv. 8.3
Kimi no Shiranai Monogatari,5,10.4,Lv. 10.4
KIMINO YOZORA SHOUKAIHAN,1,2,Lv. 2
KIMINO YOZORA SHOUKAIHAN,2,4,Lv. 4
KIMINO YOZORA SHOUKAIHAN,3,7,Lv. 7
KIMINO YOZORA SHOUKAIHAN,4,9.2,Lv. 9.2
KIMINO YOZORA SHOUKAIHAN,5,11.7,Lv. 11.7
Kinda Way,1,3,Lv. 3
Kinda Way,2,4,Lv. 4
Kinda Way,3,7.8,Lv. 7.8
Kinda Way,4,10,Lv. 10
Kinda Way,5,12,Lv. 12
KING is BACK!!,1,3,Lv. 3
KING is BACK!!,2,5,Lv. 5
KING is BACK!!,3,8,Lv. 8
KING is BACK!!,4,10.4,Lv. 10.4
KING is BACK!!,5,12.8,Lv. 12.8
"kioku,kiroku",1,3,Lv. 3
"kioku,kiroku",2,4,Lv. 4
"kioku,kiroku",3,8.4,Lv. 8.4
"kioku,kiroku",4,9.5,Lv. 9.5
"kioku,kiroku",5,12,Lv. 12
Kirasse! Wood Village Farm,1,3,Lv. 3
Kirasse! Wood Village Farm,2,5,Lv. 5
Kirasse! Wood Village Farm,3,7.3,Lv. 7.3
Kirasse! Wood Village Farm,4,8.7,Lv. 8.7
Kirasse! Wood Village Farm,5,11,Lv. 11
Kire Kyari On,1,2,Lv. 2
Kire Kyari On,2,4,Lv. 4
Kire Kyari On,3,6.2,Lv. 6.2
Kire Kyari On,4,8.8,Lv. 8.8
Kire Kyari On,5,11.7,Lv. 11.7
Kirin,1,4,Lv. 4
Kirin,2,6,Lv. 6
Kirin,3,8.7,Lv. 8.7
Kirin,4,11.2,Lv. 11.2
Kirin,5,13.2,Lv. 13.2
KISS CANDY FLAVOR,1,2,Lv. 2
KISS CANDY FLAVOR,2,4,Lv. 4
KISS CANDY FLAVOR,3,7.5,Lv. 7.5
KISS CANDY FLAVOR,4,9.7,Lv. 9.7
KISS CANDY FLAVOR,5,12.1,Lv. 12.1
KODOU - move on -,1,2,Lv. 2
KODOU - move on -,2,3,Lv. 3
KODOU - move on -,3,6.9,Lv. 6.9
KODOU - move on -,4,9.2,Lv. 9.2
KODOU - move on -,5,12.6,Lv. 12.6
KOKORO,1,1,Lv. 1
KOKORO,2,4,Lv. 4
KOKORO,3,6.5,Lv. 6.5
KOKORO,4,8.5,Lv. 8.5
KOKORO,5,10.9,Lv. 10.9
KOKOROSCAN,1,1,Lv. 1
KOKOROSCAN,2,4,Lv. 4
KOKOROSCAN,3,6.7,Lv. 6.7
KOKOROSCAN,4,9.6,Lv. 9.6
KOKOROSCAN,5,12.5,Lv. 12.5
KONNAN-jyanai!,1,2,Lv. 2
KONNAN-jyanai!,2,4,Lv. 4
KONNAN-jyanai!,3,6,Lv. 6
KONNAN-jyanai!,4,7.5,Lv. 7.5
KONNAN-jyanai!,5,12.3,Lv. 12.3
Kono Piano de Omae o 8759632145kai Bunnaguru,1,3,Lv. 3
Kono Piano de Omae o 8759632145kai Bunnaguru,2,5,Lv. 5
Kono Piano de Omae o 8759632145kai Bunnaguru,3,7.5,Lv. 7.5
Kono Piano de Omae o 8759632145kai Bunnaguru,4,9.7,Lv. 9.7
Kono Piano de Omae o 8759632145kai Bunnaguru,5,12.2,Lv. 12.2
Kotoba・Colorful,1,2,Lv. 2
Kotoba・Colorful,2,3,Lv. 3
Kotoba・Colorful,3,6.4,Lv. 6.4
Kotoba・Colorful,4,7.4,Lv. 7.4
Kotoba・Colorful,5,11.6,Lv. 11.6
KOTONOHA Karma,1,2,Lv. 2
KOTONOHA Karma,2,4,Lv. 4
KOTONOHA Karma,3,6.7,Lv. 6.7
KOTONOHA Karma,4,9.1,Lv. 9.1
KOTONOHA Karma,5,11.9,Lv. 11.9
KOTONOHA Yu-Gi,1,3,Lv. 3
KOTONOHA Yu-Gi,2,4,Lv. 4
KOTONOHA Yu-Gi,3,7,Lv. 7
KOTONOHA Yu-Gi,4,9.4,Lv. 9.4
KOTONOHA Yu-Gi,5,11.4,Lv. 11.4
Kouganinpouchou,1,2,Lv. 2
Kouganinpouchou,2,4,Lv. 4
Kouganinpouchou,3,6.5,Lv. 6.5
Kouganinpouchou,4,9.2,Lv. 9.2
Kouganinpouchou,5,10.8,Lv. 10.8
Kouganinpouchou,6,11.7,Lv. 11.7
Kunoichi demo Koi ga shitai,1,2,Lv. 2
Kunoichi demo Koi ga shitai,2,5,Lv. 5
Kunoichi demo Koi ga shitai,3,7.1,Lv. 7.1
Kunoichi demo Koi ga shitai,4,9.5,Lv. 9.5
Kunoichi demo Koi ga shitai,5,11.7,Lv. 11.7
Kusare gedou to chocolate,1,2,Lv. 2
Kusare gedou to chocolate,2,6,Lv. 6
Kusare gedou to chocolate,3,8.2,Lv. 8.2
Kusare gedou to chocolate,4,10.6,Lv. 10.6
Kusare gedou to chocolate,5,12,Lv. 12
KYOKUKEN,1,3,Lv. 3
KYOKUKEN,2,6,Lv. 6
KYOKUKEN,3,8.7,Lv. 8.7
KYOKUKEN,4,11.5,Lv. 11.5
KYOKUKEN,5,13,Lv. 13
Kyouen,1,2,Lv. 2
Kyouen,2,4,Lv. 4
Kyouen,3,6,Lv. 6
Kyouen,4,8,Lv. 8
Kyouen,5,11.6,Lv. 11.6
L'épilogue,1,2,Lv. 2
L'épilogue,2,5,Lv. 5
L'épilogue,3,7.4,Lv. 7.4
L'épilogue,4,9.9,Lv. 9.9
L'épilogue,5,12.4,Lv. 12.4
L4TS:2018 (feat. Ah1ru &KTA),1,2,Lv. 2
L4TS:2018 (feat. Ah1ru &KTA),2,4,Lv. 4
L4TS:2018 (feat. Ah1ru &KTA),3,7,Lv. 7
L4TS:2018 (feat. Ah1ru &KTA),4,10.4,Lv. 10.4
L4TS:2018 (feat. Ah1ru &KTA),5,12.5,Lv. 12.5
L9,1,4,Lv. 4
L9,2,6,Lv. 6
L9,3,7.5,Lv. 7.5
L9,4,9.4,Lv. 9.4
L9,5,12.5,Lv. 12.5
LANCE,1,3,Lv. 3
LANCE,2,5,Lv. 5
LANCE,3,7.9,Lv. 7.9
LANCE,4,9.7,Lv. 9.7
LANCE,5,12.6,Lv. 12.6
larva,1,4,Lv. 4
larva,2,6,Lv. 6
larva,3,8.5,Lv. 8.5
larva,4,11.6,Lv. 11.6
larva,5,13.7,Lv. 13.7
Last Brave ～ Go to zero,1,2,Lv. 2
Last Brave ～ Go to zero,2,4,Lv. 4
Last Brave ～ Go to zero,3,7.2,Lv. 7.2
Last Brave ～ Go to zero,4,10,Lv. 10
Last Brave ～ Go to zero,5,12.5,Lv. 12.5
Last Brutal Sister Flandre S,1,3,Lv. 3
Last Brutal Sister Flandre S,2,4,Lv. 4
Last Brutal Sister Flandre S,3,7,Lv. 7
Last Brutal Sister Flandre S,4,9.8,Lv. 9.8
Last Brutal Sister Flandre S,5,10.9,Lv. 10.9
Last Brutal Sister Flandre S,6,12.7,Lv. 12.7
Let's Go Away,1,1,Lv. 1
Let's Go Away,2,4,Lv. 4
Let's Go Away,3,7,Lv. 7
Let's Go Away,4,9.4,Lv. 9.4
Let's Go Away,5,11.9,Lv. 11.9
Let's go! Onmyoji,1,2,Lv. 2
Let's go! Onmyoji,2,3,Lv. 3
Let's go! Onmyoji,3,6.7,Lv. 6.7
Let's go! Onmyoji,4,8,Lv. 8
Let's go! Onmyoji,5,11.7,Lv. 11.7
Life Feels Good,1,3,Lv. 3
Life Feels Good,2,5,Lv. 5
Life Feels Good,3,8,Lv. 8
Life Feels Good,4,10.8,Lv. 10.8
Life Feels Good,5,12.4,Lv. 12.4
Life Reset Button,1,3,Lv. 3
Life Reset Button,2,5,Lv. 5
Life Reset Button,3,7.8,Lv. 7.8
Life Reset Button,4,10.6,Lv. 10.6
Life Reset Button,5,12.7,Lv. 12.7
Like the Wind [Reborn],1,3,Lv. 3
Like the Wind [Reborn],2,5,Lv. 5
Like the Wind [Reborn],3,8.2,Lv. 8.2
Like the Wind [Reborn],4,9.7,Lv. 9.7
Like the Wind [Reborn],5,12.7,Lv. 12.7
Lily Lily★Burning Night,1,2,Lv. 2
Lily Lily★Burning Night,2,4,Lv. 4
Lily Lily★Burning Night,3,7.5,Lv. 7.5
Lily Lily★Burning Night,4,8.1,Lv. 8.1
Lily Lily★Burning Night,5,9.9,Lv. 9.9
Limit Break,1,2,Lv. 2
Limit Break,2,5,Lv. 5
Limit Break,3,7.5,Lv. 7.5
Limit Break,4,9.8,Lv. 9.8
Limit Break,5,12,Lv. 12
Link,1,2,Lv. 2
Link,2,5,Lv. 5
Link,3,7.4,Lv. 7.4
Link,4,7.4,Lv. 7.4
Link,5,10.9,Lv. 10.9
Link,1,2,Lv. 2
Link,2,6,Lv. 6
Link,3,7,Lv. 7
Link,4,10.9,Lv. 10.9
Link,5,10.9,Lv. 10.9
Lionheart,1,3,Lv. 3
Lionheart,2,6,Lv. 6
Lionheart,3,7.4,Lv. 7.4
Lionheart,4,9.8,Lv. 9.8
Lionheart,5,12.3,Lv. 12.3
Live & Learn,1,2,Lv. 2
Live & Learn,2,4,Lv. 4
Live & Learn,3,6.8,Lv. 6.8
Live & Learn,4,9.6,Lv. 9.6
Live & Learn,5,11.8,Lv. 11.8
Lividi,1,4,Lv. 4
Lividi,2,5,Lv. 5
Lividi,3,8.8,Lv. 8.8
Lividi,4,11,Lv. 11
Lividi,5,12.9,Lv. 12.9
Living ghost is alive,1,2,Lv. 2
Living ghost is alive,2,4,Lv. 4
Living ghost is alive,3,6.5,Lv. 6.5
Living ghost is alive,4,9.5,Lv. 9.5
Living ghost is alive,5,11.8,Lv. 11.8
Living Universe,1,2,Lv. 2
Living Universe,2,4,Lv. 4
Living Universe,3,7.3,Lv. 7.3
Living Universe,4,8.7,Lv. 8.7
Living Universe,5,10.5,Lv. 10.5
Living Universe,6,11.7,Lv. 11.7
LOL -lots of laugh-,1,2,Lv. 2
LOL -lots of laugh-,2,4,Lv. 4
LOL -lots of laugh-,3,6.2,Lv. 6.2
LOL -lots of laugh-,4,8.9,Lv. 8.9
LOL -lots of laugh-,5,10.8,Lv. 10.8
Los! Los! Los!,1,3,Lv. 3
Los! Los! Los!,2,4,Lv. 4
Los! Los! Los!,3,7.4,Lv. 7.4
Los! Los! Los!,4,9.8,Lv. 9.8
Los! Los! Los!,5,11.7,Lv. 11.7
Lost Princess,1,2,Lv. 2
Lost Princess,2,4,Lv. 4
Lost Princess,3,6.4,Lv. 6.4
Lost Princess,4,9,Lv. 9
Lost Princess,5,10.7,Lv. 10.7
Lost Princess,6,11.8,Lv. 11.8
Lost Summer,1,4,Lv. 4
Lost Summer,2,5,Lv. 5
Lost Summer,3,6.8,Lv. 6.8
Lost Summer,4,8.7,Lv. 8.7
Lost Summer,5,10.3,Lv. 10.3
LOVE CINO,1,2,Lv. 2
LOVE CINO,2,4,Lv. 4
LOVE CINO,3,6.5,Lv. 6.5
LOVE CINO,4,8.5,Lv. 8.5
LOVE CINO,5,10.7,Lv. 10.7
LOVE EAST,1,2,Lv. 2
LOVE EAST,2,4,Lv. 4
LOVE EAST,3,6.5,Lv. 6.5
LOVE EAST,4,9.2,Lv. 9.2
LOVE EAST,5,11.5,Lv. 11.5
Love or Lies,1,2,Lv. 2
Love or Lies,2,4,Lv. 4
Love or Lies,3,6,Lv. 6
Love or Lies,4,8,Lv. 8
Love or Lies,5,10.1,Lv. 10.1
Love Trial,1,2,Lv. 2
Love Trial,2,4,Lv. 4
Love Trial,3,6.3,Lv. 6.3
Love Trial,4,8.6,Lv. 8.6
Love Trial,5,10,Lv. 10
Love You,1,2,Lv. 2
Love You,2,5,Lv. 5
Love You,3,6,Lv. 6
Love You,4,8.3,Lv. 8.3
Love You,5,10.6,Lv. 10.6
Love! Snow! Really Magic,1,2,Lv. 2
Love! Snow! Really Magic,2,4,Lv. 4
Love! Snow! Really Magic,3,6.5,Lv. 6.5
Love! Snow! Really Magic,4,9.5,Lv. 9.5
Love! Snow! Really Magic,5,11,Lv. 11
Lovely☆Angel!!,1,2,Lv. 2
Lovely☆Angel!!,2,4,Lv. 4
Lovely☆Angel!!,3,6.5,Lv. 6.5
Lovely☆Angel!!,4,8.7,Lv. 8.7
Lovely☆Angel!!,5,10.8,Lv. 10.8
lovette jewelry angel break,1,3,Lv. 3
lovette jewelry angel break,2,4,Lv. 4
lovette jewelry angel break,3,7.7,Lv. 7.7
lovette jewelry angel break,4,10,Lv. 10
lovette jewelry angel break,5,12,Lv. 12
LUCIA,1,2,Lv. 2
LUCIA,2,4,Lv. 4
LUCIA,3,6.7,Lv. 6.7
LUCIA,4,10.5,Lv. 10.5
LUCIA,5,11.1,Lv. 11.1
LukaLuka★Night Fever,1,3,Lv. 3
LukaLuka★Night Fever,2,4,Lv. 4
LukaLuka★Night Fever,3,6.8,Lv. 6.8
LukaLuka★Night Fever,4,7.7,Lv. 7.7
LukaLuka★Night Fever,5,10.4,Lv. 10.4
Lunate Elf - Birthday Festival of the Moon,1,1,Lv. 1
Lunate Elf - Birthday Festival of the Moon,2,4,Lv. 4
Lunate Elf - Birthday Festival of the Moon,3,6.5,Lv. 6.5
Lunate Elf - Birthday Festival of the Moon,4,9,Lv. 9
Lunate Elf - Birthday Festival of the Moon,5,11.7,Lv. 11.7
M.S.S.Planet,1,2,Lv. 2
M.S.S.Planet,2,4,Lv. 4
M.S.S.Planet,3,6.9,Lv. 6.9
M.S.S.Planet,4,9,Lv. 9
M.S.S.Planet,5,11.5,Lv. 11.5
machibitohakozu,1,2,Lv. 2
machibitohakozu,2,4,Lv. 4
machibitohakozu,3,6.8,Lv. 6.8
machibitohakozu,4,8.3,Lv. 8.3
machibitohakozu,5,11.4,Lv. 11.4
Magical Flavor,1,2,Lv. 2
Magical Flavor,2,4,Lv. 4
Magical Flavor,3,7.5,Lv. 7.5
Magical Flavor,4,9,Lv. 9
Magical Flavor,5,12.2,Lv. 12.2
MagicalSoundShower,1,3,Lv. 3
MagicalSoundShower,2,5,Lv. 5
MagicalSoundShower,3,7.2,Lv. 7.2
MagicalSoundShower,4,9.5,Lv. 9.5
MagicalSoundShower,5,12.3,Lv. 12.3
magician's operation,1,2,Lv. 2
magician's operation,2,4,Lv. 4
magician's operation,3,7.1,Lv. 7.1
magician's operation,4,10,Lv. 10
magician's operation,5,12.6,Lv. 12.6
Maiden's Illusionary Funeral Elegy - Necro Fantasia,1,3,Lv. 3
Maiden's Illusionary Funeral Elegy - Necro Fantasia,2,5,Lv. 5
Maiden's Illusionary Funeral Elegy - Necro Fantasia,3,7.4,Lv. 7.4
Maiden's Illusionary Funeral Elegy - Necro Fantasia,4,9.3,Lv. 9.3
Maiden's Illusionary Funeral Elegy - Necro Fantasia,5,12.3,Lv. 12.3
maimai chan,1,2,Lv. 2
maimai chan,2,4,Lv. 4
maimai chan,3,6.3,Lv. 6.3
maimai chan,4,8,Lv. 8
maimai chan,5,10.7,Lv. 10.7
Mare Maris,1,3,Lv. 3
Mare Maris,2,5,Lv. 5
Mare Maris,3,8.5,Lv. 8.5
Mare Maris,4,10.8,Lv. 10.8
Mare Maris,5,12.9,Lv. 12.9
Marisa Stole the Precious Thing,1,2,Lv. 2
Marisa Stole the Precious Thing,2,4,Lv. 4
Marisa Stole the Precious Thing,3,6.4,Lv. 6.4
Marisa Stole the Precious Thing,4,7.8,Lv. 7.8
Marisa Stole the Precious Thing,5,11.7,Lv. 11.7
MATRYOSHKA,1,3,Lv. 3
MATRYOSHKA,2,5,Lv. 5
MATRYOSHKA,3,7.8,Lv. 7.8
MATRYOSHKA,4,8.1,Lv. 8.1
MATRYOSHKA,5,9.9,Lv. 9.9
MATRYOSHKA,6,11.7,Lv. 11.7
Maxi,1,3,Lv. 3
Maxi,2,5,Lv. 5
Maxi,3,8.5,Lv. 8.5
Maxi,4,10.8,Lv. 10.8
Maxi,5,12.8,Lv. 12.8
mayim mayim feat. Weekly Shonen Magazine,1,3,Lv. 3
mayim mayim feat. Weekly Shonen Magazine,2,4,Lv. 4
mayim mayim feat. Weekly Shonen Magazine,3,6.8,Lv. 6.8
mayim mayim feat. Weekly Shonen Magazine,4,9.7,Lv. 9.7
mayim mayim feat. Weekly Shonen Magazine,5,11.3,Lv. 11.3
MeguMegu☆Fire Endless Night,1,2,Lv. 2
MeguMegu☆Fire Endless Night,2,5,Lv. 5
MeguMegu☆Fire Endless Night,3,6.7,Lv. 6.7
MeguMegu☆Fire Endless Night,4,7.5,Lv. 7.5
MeguMegu☆Fire Endless Night,5,9.9,Lv. 9.9
MEITANTEIRENZOKUSATSUJINJIKEN,1,2,Lv. 2
MEITANTEIRENZOKUSATSUJINJIKEN,2,5,Lv. 5
MEITANTEIRENZOKUSATSUJINJIKEN,3,6.8,Lv. 6.8
MEITANTEIRENZOKUSATSUJINJIKEN,4,9.7,Lv. 9.7
MEITANTEIRENZOKUSATSUJINJIKEN,5,11.4,Lv. 11.4
MELANCHOLIC,1,3,Lv. 3
MELANCHOLIC,2,6,Lv. 6
MELANCHOLIC,3,6,Lv. 6
MELANCHOLIC,4,7.8,Lv. 7.8
MELANCHOLIC,5,10.1,Lv. 10.1
METATRON,1,3,Lv. 3
METATRON,2,6,Lv. 6
METATRON,3,8,Lv. 8
METATRON,4,10.2,Lv. 10.2
METATRON,5,12.8,Lv. 12.8
Mihata no motoni,1,2,Lv. 2
Mihata no motoni,2,4,Lv. 4
Mihata no motoni,3,6.8,Lv. 6.8
Mihata no motoni,4,10.6,Lv. 10.6
Mihata no motoni,5,11,Lv. 11
MilK,1,1,Lv. 1
MilK,2,4,Lv. 4
MilK,3,6.5,Lv. 6.5
MilK,4,10.8,Lv. 10.8
MilK,5,12.8,Lv. 12.8
minna no maimaimaa,1,2,Lv. 2
minna no maimaimaa,2,4,Lv. 4
minna no maimaimaa,3,7.8,Lv. 7.8
minna no maimaimaa,4,9.5,Lv. 9.5
minna no maimaimaa,5,12,Lv. 12
Miracle Paint,1,3,Lv. 3
Miracle Paint,2,4,Lv. 4
Miracle Paint,3,6.4,Lv. 6.4
Miracle Paint,4,9.4,Lv. 9.4
Miracle Paint,5,12.4,Lv. 12.4
Miracle Shopping,1,2,Lv. 2
Miracle Shopping,2,4,Lv. 4
Miracle Shopping,3,6.2,Lv. 6.2
Miracle Shopping,4,9.2,Lv. 9.2
Miracle Shopping,5,11.5,Lv. 11.5
MIRROR of MAGIC,1,3,Lv. 3
MIRROR of MAGIC,2,4,Lv. 4
MIRROR of MAGIC,3,7,Lv. 7
MIRROR of MAGIC,4,9,Lv. 9
MIRROR of MAGIC,5,11.7,Lv. 11.7
MKDR,1,2,Lv. 2
MKDR,2,3,Lv. 3
MKDR,3,6.2,Lv. 6.2
MKDR,4,8.2,Lv. 8.2
MKDR,5,10.5,Lv. 10.5
MKDR,6,12.2,Lv. 12.2
Mo-shin Soliste Life!,1,4,Lv. 4
Mo-shin Soliste Life!,2,6,Lv. 6
Mo-shin Soliste Life!,3,8.7,Lv. 8.7
Mo-shin Soliste Life!,4,10.8,Lv. 10.8
Mo-shin Soliste Life!,5,12.7,Lv. 12.7
Money Money,1,2,Lv. 2
Money Money,2,4,Lv. 4
Money Money,3,6.5,Lv. 6.5
Money Money,4,9.2,Lv. 9.2
Money Money,5,12,Lv. 12
Monochrome Rainbow,1,2,Lv. 2
Monochrome Rainbow,2,4,Lv. 4
Monochrome Rainbow,3,7.8,Lv. 7.8
Monochrome Rainbow,4,9.4,Lv. 9.4
Monochrome Rainbow,5,11,Lv. 11
Monologue,1,2,Lv. 2
Monologue,2,5,Lv. 5
Monologue,3,6.7,Lv. 6.7
Monologue,4,9,Lv. 9
Monologue,5,12.2,Lv. 12.2
Monosugoi Ikioide Ke-ne ga Sugoi Uta,1,2,Lv. 2
Monosugoi Ikioide Ke-ne ga Sugoi Uta,2,4,Lv. 4
Monosugoi Ikioide Ke-ne ga Sugoi Uta,3,6.5,Lv. 6.5
Monosugoi Ikioide Ke-ne ga Sugoi Uta,4,8.2,Lv. 8.2
Monosugoi Ikioide Ke-ne ga Sugoi Uta,5,11.6,Lv. 11.6
Moon of Noon,1,4,Lv. 4
Moon of Noon,2,6,Lv. 6
Moon of Noon,3,8.2,Lv. 8.2
Moon of Noon,4,11.2,Lv. 11.2
Moon of Noon,5,13.4,Lv. 13.4
MOU MINNA SHINEBA IINONI.,1,3,Lv. 3
MOU MINNA SHINEBA IINONI.,2,5,Lv. 5
MOU MINNA SHINEBA IINONI.,3,7.3,Lv. 7.3
MOU MINNA SHINEBA IINONI.,4,10.7,Lv. 10.7
MOU MINNA SHINEBA IINONI.,5,12.8,Lv. 12.8
Mozaik Role,1,2,Lv. 2
Mozaik Role,2,4,Lv. 4
Mozaik Role,3,6.9,Lv. 6.9
Mozaik Role,4,9,Lv. 9
Mozaik Role,5,10.9,Lv. 10.9
Mr. Wonderland,1,3,Lv. 3
Mr. Wonderland,2,5,Lv. 5
Mr. Wonderland,3,6.5,Lv. 6.5
Mr. Wonderland,4,8.7,Lv. 8.7
Mr. Wonderland,5,12,Lv. 12
Mukashi Mukashi no Kyou no Boku,1,2,Lv. 2
Mukashi Mukashi no Kyou no Boku,2,4,Lv. 4
Mukashi Mukashi no Kyou no Boku,3,6.4,Lv. 6.4
Mukashi Mukashi no Kyou no Boku,4,8.7,Lv. 8.7
Mukashi Mukashi no Kyou no Boku,5,10.7,Lv. 10.7
MUTEKI We are one!!,1,3,Lv. 3
MUTEKI We are one!!,2,5,Lv. 5
MUTEKI We are one!!,3,7.8,Lv. 7.8
MUTEKI We are one!!,4,8.7,Lv. 8.7
MUTEKI We are one!!,5,12.2,Lv. 12.2
My Dearest Song,1,3,Lv. 3
My Dearest Song,2,4,Lv. 4
My Dearest Song,3,7.5,Lv. 7.5
My Dearest Song,4,10.2,Lv. 10.2
My Dearest Song,5,12.5,Lv. 12.5
My First Phone,1,2,Lv. 2
My First Phone,2,5,Lv. 5
My First Phone,3,7.8,Lv. 7.8
My First Phone,4,10.9,Lv. 10.9
My First Phone,5,12.8,Lv. 12.8
My Old Friend Who Was Good At Drawing,1,1,Lv. 1
My Old Friend Who Was Good At Drawing,2,3,Lv. 3
My Old Friend Who Was Good At Drawing,3,6.4,Lv. 6.4
My Old Friend Who Was Good At Drawing,4,8.4,Lv. 8.4
My Old Friend Who Was Good At Drawing,5,11.7,Lv. 11.7
Mysterious Destiny,1,2,Lv. 2
Mysterious Destiny,2,4,Lv. 4
Mysterious Destiny,3,6.7,Lv. 6.7
Mysterious Destiny,4,10.6,Lv. 10.6
Mysterious Destiny,5,12.2,Lv. 12.2
MYTHOS,1,2,Lv. 2
MYTHOS,2,4,Lv. 4
MYTHOS,3,7.8,Lv. 7.8
MYTHOS,4,10.4,Lv. 10.4
MYTHOS,5,13,Lv. 13
NAISEN NO UTA,1,1,Lv. 1
NAISEN NO UTA,2,4,Lv. 4
NAISEN NO UTA,3,6,Lv. 6
NAISEN NO UTA,4,9.2,Lv. 9.2
NAISEN NO UTA,5,11.2,Lv. 11.2
NAKIMUSHI O'clock,1,2,Lv. 2
NAKIMUSHI O'clock,2,4,Lv. 4
NAKIMUSHI O'clock,3,7.3,Lv. 7.3
NAKIMUSHI O'clock,4,9.4,Lv. 9.4
NAKIMUSHI O'clock,5,10.7,Lv. 10.7
NATSUMATSURI,1,2,Lv. 2
NATSUMATSURI,2,4,Lv. 4
NATSUMATSURI,3,6.2,Lv. 6.2
NATSUMATSURI,4,7.3,Lv. 7.3
NATSUMATSURI,5,10.4,Lv. 10.4
Natural Flow,1,2,Lv. 2
Natural Flow,2,4,Lv. 4
Natural Flow,3,7.1,Lv. 7.1
Natural Flow,4,10.1,Lv. 10.1
Natural Flow,5,10.1,Lv. 10.1
NE!KO!,1,2,Lv. 2
NE!KO!,2,4,Lv. 4
NE!KO!,3,7,Lv. 7
NE!KO!,4,9,Lv. 9
NE!KO!,5,11.8,Lv. 11.8
Necrofantasia～Arr.Demetori,1,3,Lv. 3
Necrofantasia～Arr.Demetori,2,4,Lv. 4
Necrofantasia～Arr.Demetori,3,7.5,Lv. 7.5
Necrofantasia～Arr.Demetori,4,10,Lv. 10
Necrofantasia～Arr.Demetori,5,12.5,Lv. 12.5
negaiwoyobukisetsu,1,2,Lv. 2
negaiwoyobukisetsu,2,4,Lv. 4
negaiwoyobukisetsu,3,6.5,Lv. 6.5
negaiwoyobukisetsu,4,8.8,Lv. 8.8
negaiwoyobukisetsu,5,11,Lv. 11
Neko Matsuri,1,3,Lv. 3
Neko Matsuri,2,4,Lv. 4
Neko Matsuri,3,7.7,Lv. 7.7
Neko Matsuri,4,10,Lv. 10
Neko Matsuri,5,12,Lv. 12
Nerverakes,1,3,Lv. 3
Nerverakes,2,6,Lv. 6
Nerverakes,3,7.6,Lv. 7.6
Nerverakes,4,10.3,Lv. 10.3
Nerverakes,5,12.8,Lv. 12.8
Ni SoKu Ho Kou,1,3,Lv. 3
Ni SoKu Ho Kou,2,4,Lv. 4
Ni SoKu Ho Kou,3,6.8,Lv. 6.8
Ni SoKu Ho Kou,4,8.7,Lv. 8.7
Ni SoKu Ho Kou,5,11.9,Lv. 11.9
Nice To Meet You Mr. Earthling,1,2,Lv. 2
Nice To Meet You Mr. Earthling,2,4,Lv. 4
Nice To Meet You Mr. Earthling,3,6.5,Lv. 6.5
Nice To Meet You Mr. Earthling,4,8.8,Lv. 8.8
Nice To Meet You Mr. Earthling,5,11.9,Lv. 11.9
Night Fly,1,3,Lv. 3
Night Fly,2,4,Lv. 4
Night Fly,3,7.4,Lv. 7.4
Night Fly,4,9.9,Lv. 9.9
Night Fly,5,11.5,Lv. 11.5
NIGHT OF FIRE,1,3,Lv. 3
NIGHT OF FIRE,2,6,Lv. 6
NIGHT OF FIRE,3,7.4,Lv. 7.4
NIGHT OF FIRE,4,8.7,Lv. 8.7
NIGHT OF FIRE,5,10.1,Lv. 10.1
Night of Knights/Knight of Nights,1,2,Lv. 2
Night of Knights/Knight of Nights,2,4,Lv. 4
Night of Knights/Knight of Nights,3,7.2,Lv. 7.2
Night of Knights/Knight of Nights,4,10.2,Lv. 10.2
Night of Knights/Knight of Nights,5,11.7,Lv. 11.7
Night of Knights/Knight of Nights,6,13.3,Lv. 13.3
Nightmare Party Night,1,3,Lv. 3
Nightmare Party Night,2,4,Lv. 4
Nightmare Party Night,3,7.5,Lv. 7.5
Nightmare Party Night,4,9.5,Lv. 9.5
Nightmare Party Night,5,10.7,Lv. 10.7
Nightmare Party Night,6,11.8,Lv. 11.8
nihon no kome ha sekaiichi,1,2,Lv. 2
nihon no kome ha sekaiichi,2,4,Lv. 4
nihon no kome ha sekaiichi,3,6.7,Lv. 6.7
nihon no kome ha sekaiichi,4,9,Lv. 9
nihon no kome ha sekaiichi,5,11.7,Lv. 11.7
"NIJIYOMECHAN Exercise No 100,000,000",1,2,Lv. 2
"NIJIYOMECHAN Exercise No 100,000,000",2,4,Lv. 4
"NIJIYOMECHAN Exercise No 100,000,000",3,6.2,Lv. 6.2
"NIJIYOMECHAN Exercise No 100,000,000",4,8.2,Lv. 8.2
"NIJIYOMECHAN Exercise No 100,000,000",5,12.2,Lv. 12.2
Nitrous Fury,1,3,Lv. 3
Nitrous Fury,2,6,Lv. 6
Nitrous Fury,3,7.7,Lv. 7.7
Nitrous Fury,4,10.3,Lv. 10.3
Nitrous Fury,5,12.9,Lv. 12.9
No Entry,1,3,Lv. 3
No Entry,2,4,Lv. 4
No Entry,3,6.8,Lv. 6.8
No Entry,4,9.8,Lv. 9.8
No Entry,5,10.8,Lv. 10.8
No Entry,6,12.7,Lv. 12.7
No Routine,1,2,Lv. 2
No Routine,2,5,Lv. 5
No Routine,3,6.5,Lv. 6.5
No Routine,4,9.5,Lv. 9.5
No Routine,5,12.1,Lv. 12.1
NOISYLOVEPOWER,1,2,Lv. 2
NOISYLOVEPOWER,2,4,Lv. 4
NOISYLOVEPOWER,3,6.2,Lv. 6.2
NOISYLOVEPOWER,4,9.7,Lv. 9.7
NOISYLOVEPOWER,5,10.8,Lv. 10.8
NOISYLOVEPOWER,6,12.1,Lv. 12.1
Nonsense Literature,1,2,Lv. 2
Nonsense Literature,2,4,Lv. 4
Nonsense Literature,3,7,Lv. 7
Nonsense Literature,4,9.9,Lv. 9.9
Nonsense Literature,5,12.5,Lv. 12.5
nou shou sakuretsu girl,1,3,Lv. 3
nou shou sakuretsu girl,2,4,Lv. 4
nou shou sakuretsu girl,3,6.3,Lv. 6.3
nou shou sakuretsu girl,4,11,Lv. 11
nou shou sakuretsu girl,5,12.8,Lv. 12.8
Now Loading!!!!,1,2,Lv. 2
Now Loading!!!!,2,4,Lv. 4
Now Loading!!!!,3,7.4,Lv. 7.4
Now Loading!!!!,4,8.8,Lv. 8.8
Now Loading!!!!,5,11.2,Lv. 11.2
Nyan Cat EX,1,2,Lv. 2
Nyan Cat EX,2,4,Lv. 4
Nyan Cat EX,3,7.1,Lv. 7.1
Nyan Cat EX,4,9.8,Lv. 9.8
Nyan Cat EX,5,12.5,Lv. 12.5
oboro,1,3,Lv. 3
oboro,2,5,Lv. 5
oboro,3,7.6,Lv. 7.6
oboro,4,10,Lv. 10
oboro,5,12.7,Lv. 12.7
ochamekinou,1,2,Lv. 2
ochamekinou,2,4,Lv. 4
ochamekinou,3,7.3,Lv. 7.3
ochamekinou,4,7.6,Lv. 7.6
ochamekinou,5,11,Lv. 11
Ojamamushi,1,1,Lv. 1
Ojamamushi,2,3,Lv. 3
Ojamamushi,3,6.5,Lv. 6.5
Ojamamushi,4,8.2,Lv. 8.2
Ojamamushi,5,10.9,Lv. 10.9
Okinimesumama,1,2,Lv. 2
Okinimesumama,2,4,Lv. 4
Okinimesumama,3,7,Lv. 7
Okinimesumama,4,8.8,Lv. 8.8
Okinimesumama,5,10.5,Lv. 10.5
Okinimesumama,6,12,Lv. 12
Okocyama Sensou,1,2,Lv. 2
Okocyama Sensou,2,4,Lv. 4
Okocyama Sensou,3,6.5,Lv. 6.5
Okocyama Sensou,4,9.3,Lv. 9.3
Okocyama Sensou,5,12,Lv. 12
Omoiyoshino,1,2,Lv. 2
Omoiyoshino,2,4,Lv. 4
Omoiyoshino,3,7,Lv. 7
Omoiyoshino,4,9.3,Lv. 9.3
Omoiyoshino,5,11.5,Lv. 11.5
One Step Ahead,1,2,Lv. 2
One Step Ahead,2,4,Lv. 4
One Step Ahead,3,6.7,Lv. 6.7
One Step Ahead,4,9.6,Lv. 9.6
One Step Ahead,5,10.7,Lv. 10.7
ONEgai Darlin',1,2,Lv. 2
ONEgai Darlin',2,4,Lv. 4
ONEgai Darlin',3,6.7,Lv. 6.7
ONEgai Darlin',4,9.7,Lv. 9.7
ONEgai Darlin',5,11.8,Lv. 11.8
only my railgun,1,2,Lv. 2
only my railgun,2,4,Lv. 4
only my railgun,3,6.2,Lv. 6.2
only my railgun,4,9,Lv. 9
only my railgun,5,10.7,Lv. 10.7
only my railgun,6,11.7,Lv. 11.7
OPA! OPA! RACER -GMT mashup-,1,2,Lv. 2
OPA! OPA! RACER -GMT mashup-,2,4,Lv. 4
OPA! OPA! RACER -GMT mashup-,3,6.3,Lv. 6.3
OPA! OPA! RACER -GMT mashup-,4,9.3,Lv. 9.3
OPA! OPA! RACER -GMT mashup-,5,12,Lv. 12
Orpheus in the Underworld,1,2,Lv. 2
Orpheus in the Underworld,2,5,Lv. 5
Orpheus in the Underworld,3,7.2,Lv. 7.2
Orpheus in the Underworld,4,8.6,Lv. 8.6
Orpheus in the Underworld,5,11.9,Lv. 11.9
Oshama Scramble!,1,3,Lv. 3
Oshama Scramble!,2,5,Lv. 5
Oshama Scramble!,3,7.8,Lv. 7.8
Oshama Scramble!,4,10,Lv. 10
Oshama Scramble!,5,13.3,Lv. 13.3
OTEMO☆Yan,1,1,Lv. 1
OTEMO☆Yan,2,4,Lv. 4
OTEMO☆Yan,3,6,Lv. 6
OTEMO☆Yan,4,8.9,Lv. 8.9
OTEMO☆Yan,5,11.8,Lv. 11.8
OTOHIMEMORY☆UTAGATION,1,3,Lv. 3
OTOHIMEMORY☆UTAGATION,2,4,Lv. 4
OTOHIMEMORY☆UTAGATION,3,7,Lv. 7
OTOHIMEMORY☆UTAGATION,4,9.8,Lv. 9.8
OTOHIMEMORY☆UTAGATION,5,11.7,Lv. 11.7
Our Fighting,1,2,Lv. 2
Our Fighting,2,4,Lv. 4
Our Fighting,3,6.8,Lv. 6.8
Our Fighting,4,9.3,Lv. 9.3
Our Fighting,5,11.1,Lv. 11.1
Our Wrenally,1,4,Lv. 4
Our Wrenally,2,6,Lv. 6
Our Wrenally,3,9,Lv. 9
Our Wrenally,4,11.5,Lv. 11.5
Our Wrenally,5,13.8,Lv. 13.8
Outer Science,1,3,Lv. 3
Outer Science,2,5,Lv. 5
Outer Science,3,7.2,Lv. 7.2
Outer Science,4,10.8,Lv. 10.8
Outer Science,5,12.3,Lv. 12.3
Outlaw's Lullaby,1,2,Lv. 2
Outlaw's Lullaby,2,4,Lv. 4
Outlaw's Lullaby,3,7.8,Lv. 7.8
Outlaw's Lullaby,4,9.1,Lv. 9.1
Outlaw's Lullaby,5,12.9,Lv. 12.9
OWARINAKIMONOGATARI,1,2,Lv. 2
OWARINAKIMONOGATARI,2,4,Lv. 4
OWARINAKIMONOGATARI,3,6.8,Lv. 6.8
OWARINAKIMONOGATARI,4,9.4,Lv. 9.4
OWARINAKIMONOGATARI,5,11.5,Lv. 11.5
Oyome ni Shinasai!,1,3,Lv. 3
Oyome ni Shinasai!,2,4,Lv. 4
Oyome ni Shinasai!,3,6.8,Lv. 6.8
Oyome ni Shinasai!,4,9.4,Lv. 9.4
Oyome ni Shinasai!,5,11,Lv. 11
PANDA HERO,1,2,Lv. 2
PANDA HERO,2,5,Lv. 5
PANDA HERO,3,6.9,Lv. 6.9
PANDA HERO,4,8.2,Lv. 8.2
PANDA HERO,5,9.7,Lv. 9.7
PANDORA PARADOXXX,1,6,Lv. 6
PANDORA PARADOXXX,2,7.7,Lv. 7.7
PANDORA PARADOXXX,3,10.7,Lv. 10.7
PANDORA PARADOXXX,4,12.7,Lv. 12.7
PANDORA PARADOXXX,5,13.9,Lv. 13.9
PANDORA PARADOXXX,6,14,Lv. 14
Panopticon,1,4,Lv. 4
Panopticon,2,5,Lv. 5
Panopticon,3,8.7,Lv. 8.7
Panopticon,4,11.5,Lv. 11.5
Panopticon,5,13.4,Lv. 13.4
Panopticon,6,13.4,Lv. 13.4
Paradisus-Paradoxum,1,2,Lv. 2
Paradisus-Paradoxum,2,4,Lv. 4
Paradisus-Paradoxum,3,7.3,Lv. 7.3
Paradisus-Paradoxum,4,9.2,Lv. 9.2
Paradisus-Paradoxum,5,12.2,Lv. 12.2
Party 4U ”holy nite mix”,1,3,Lv. 3
Party 4U ”holy nite mix”,2,5,Lv. 5
Party 4U ”holy nite mix”,3,7,Lv. 7
Party 4U ”holy nite mix”,4,10,Lv. 10
Party 4U ”holy nite mix”,5,12.5,Lv. 12.5
PERFECT HUMAN,1,1,Lv. 1
PERFECT HUMAN,2,4,Lv. 4
PERFECT HUMAN,3,6,Lv. 6
PERFECT HUMAN,4,8.5,Lv. 8.5
PERFECT HUMAN,5,11.2,Lv. 11.2
Perfect Life,1,3,Lv. 3
Perfect Life,2,5,Lv. 5
Perfect Life,3,7.3,Lv. 7.3
Perfect Life,4,8.7,Lv. 8.7
Perfect Life,5,12,Lv. 12
Phantasm Brigade,1,2,Lv. 2
Phantasm Brigade,2,5,Lv. 5
Phantasm Brigade,3,7.4,Lv. 7.4
Phantasm Brigade,4,9.8,Lv. 9.8
Phantasm Brigade,5,12.2,Lv. 12.2
Pi Pi Pa Puu!,1,1,Lv. 1
Pi Pi Pa Puu!,2,3,Lv. 3
Pi Pi Pa Puu!,3,7.4,Lv. 7.4
Pi Pi Pa Puu!,4,9.5,Lv. 9.5
Pi Pi Pa Puu!,5,11.1,Lv. 11.1
Piiman Tabetara,1,3,Lv. 3
Piiman Tabetara,2,5,Lv. 5
Piiman Tabetara,3,6.8,Lv. 6.8
Piiman Tabetara,4,9.7,Lv. 9.7
Piiman Tabetara,5,12.5,Lv. 12.5
Pixel Voyage,1,1,Lv. 1
Pixel Voyage,2,3,Lv. 3
Pixel Voyage,3,6,Lv. 6
Pixel Voyage,4,8.1,Lv. 8.1
Pixel Voyage,5,11,Lv. 11
planet dancer,1,2,Lv. 2
planet dancer,2,5,Lv. 5
planet dancer,3,7,Lv. 7
planet dancer,4,9.7,Lv. 9.7
planet dancer,5,11.9,Lv. 11.9
Please don‘t worry,1,2,Lv. 2
Please don‘t worry,2,4,Lv. 4
Please don‘t worry,3,7.5,Lv. 7.5
Please don‘t worry,4,9.9,Lv. 9.9
Please don‘t worry,5,11.8,Lv. 11.8
POP STAR,1,1,Lv. 1
POP STAR,2,4,Lv. 4
POP STAR,3,6.2,Lv. 6.2
POP STAR,4,7.9,Lv. 7.9
POP STAR,5,10.4,Lv. 10.4
POP TEAM EPIC,1,1,Lv. 1
POP TEAM EPIC,2,4,Lv. 4
POP TEAM EPIC,3,6.4,Lv. 6.4
POP TEAM EPIC,4,8.8,Lv. 8.8
POP TEAM EPIC,5,10.7,Lv. 10.7
POP TEAM EPIC,6,12.7,Lv. 12.7
POPIPO,1,2,Lv. 2
POPIPO,2,3,Lv. 3
POPIPO,3,6.7,Lv. 6.7
POPIPO,4,8.4,Lv. 8.4
POPIPO,5,11.4,Lv. 11.4
Popmusic Wa Bokunomono,1,2,Lv. 2
Popmusic Wa Bokunomono,2,4,Lv. 4
Popmusic Wa Bokunomono,3,6.2,Lv. 6.2
Popmusic Wa Bokunomono,4,8.5,Lv. 8.5
Popmusic Wa Bokunomono,5,12,Lv. 12
Power of order,1,2,Lv. 2
Power of order,2,5,Lv. 5
Power of order,3,7.8,Lv. 7.8
Power of order,4,10.2,Lv. 10.2
Power of order,5,11.2,Lv. 11.2
Prophesy One,1,4,Lv. 4
Prophesy One,2,6,Lv. 6
Prophesy One,3,8.5,Lv. 8.5
Prophesy One,4,10.5,Lv. 10.5
Prophesy One,5,13.6,Lv. 13.6
Pursuing My True Self,1,2,Lv. 2
Pursuing My True Self,2,4,Lv. 4
Pursuing My True Self,3,7,Lv. 7
Pursuing My True Self,4,9.7,Lv. 9.7
Pursuing My True Self,5,11.4,Lv. 11.4
Quartet Theme [Reborn],1,2,Lv. 2
Quartet Theme [Reborn],2,4,Lv. 4
Quartet Theme [Reborn],3,6.5,Lv. 6.5
Quartet Theme [Reborn],4,10.1,Lv. 10.1
Quartet Theme [Reborn],5,11.6,Lv. 11.6
QZKago Requiem,1,5,Lv. 5
QZKago Requiem,2,6,Lv. 6
QZKago Requiem,3,9.9,Lv. 9.9
QZKago Requiem,4,11.7,Lv. 11.7
QZKago Requiem,5,13.7,Lv. 13.7
QZKago Requiem,6,13.9,Lv. 13.9
Ragnarok,1,4,Lv. 4
Ragnarok,2,6,Lv. 6
Ragnarok,3,8.5,Lv. 8.5
Ragnarok,4,10.9,Lv. 10.9
Ragnarok,5,13.1,Lv. 13.1
Raikiri,1,4,Lv. 4
Raikiri,2,6,Lv. 6
Raikiri,3,8.5,Lv. 8.5
Raikiri,4,11.5,Lv. 11.5
Raikiri,5,13.5,Lv. 13.5
Raikiri,6,13.9,Lv. 13.9
Ray Tuning,1,2,Lv. 2
Ray Tuning,2,5,Lv. 5
Ray Tuning,3,7.2,Lv. 7.2
Ray Tuning,4,9.8,Lv. 9.8
Ray Tuning,5,12.1,Lv. 12.1
Reach For The Stars,1,2,Lv. 2
Reach For The Stars,2,5,Lv. 5
Reach For The Stars,3,7.8,Lv. 7.8
Reach For The Stars,4,9.4,Lv. 9.4
Reach For The Stars,5,12.7,Lv. 12.7
Rebellion of the Dwarfs,1,3,Lv. 3
Rebellion of the Dwarfs,2,5,Lv. 5
Rebellion of the Dwarfs,3,7.7,Lv. 7.7
Rebellion of the Dwarfs,4,9.8,Lv. 9.8
Rebellion of the Dwarfs,5,12.7,Lv. 12.7
reincarnation,1,3,Lv. 3
reincarnation,2,5,Lv. 5
reincarnation,3,7.4,Lv. 7.4
reincarnation,4,9.7,Lv. 9.7
reincarnation,5,12.4,Lv. 12.4
Reverb,1,2,Lv. 2
Reverb,2,3,Lv. 3
Reverb,3,6.2,Lv. 6.2
Reverb,4,8.5,Lv. 8.5
Reverb,5,10.4,Lv. 10.4
Revive The Rave,1,4,Lv. 4
Revive The Rave,2,6,Lv. 6
Revive The Rave,3,8,Lv. 8
Revive The Rave,4,10.6,Lv. 10.6
Revive The Rave,5,12.4,Lv. 12.4
REVIVER Hortensia SAGA Original Ver.,1,2,Lv. 2
REVIVER Hortensia SAGA Original Ver.,2,5,Lv. 5
REVIVER Hortensia SAGA Original Ver.,3,7.2,Lv. 7.2
REVIVER Hortensia SAGA Original Ver.,4,9.5,Lv. 9.5
REVIVER Hortensia SAGA Original Ver.,5,12,Lv. 12
Riders Of The Light,1,3,Lv. 3
Riders Of The Light,2,3,Lv. 3
Riders Of The Light,3,6.6,Lv. 6.6
Riders Of The Light,4,9.9,Lv. 9.9
Riders Of The Light,5,10.2,Lv. 10.2
RIDGE de RIDGE de GO!GO!GO! -GMT mashup-,1,2,Lv. 2
RIDGE de RIDGE de GO!GO!GO! -GMT mashup-,2,4,Lv. 4
RIDGE de RIDGE de GO!GO!GO! -GMT mashup-,3,6.8,Lv. 6.8
RIDGE de RIDGE de GO!GO!GO! -GMT mashup-,4,10,Lv. 10
RIDGE de RIDGE de GO!GO!GO! -GMT mashup-,5,11.7,Lv. 11.7
RIDGE RACER STEPS -GMT remix-,1,2,Lv. 2
RIDGE RACER STEPS -GMT remix-,2,5,Lv. 5
RIDGE RACER STEPS -GMT remix-,3,7.2,Lv. 7.2
RIDGE RACER STEPS -GMT remix-,4,10,Lv. 10
RIDGE RACER STEPS -GMT remix-,5,12,Lv. 12
Ringo Karenka,1,2,Lv. 2
Ringo Karenka,2,4,Lv. 4
Ringo Karenka,3,6.6,Lv. 6.6
Ringo Karenka,4,9.7,Lv. 9.7
Ringo Karenka,5,11,Lv. 11
Rodeo Machine,1,1,Lv. 1
Rodeo Machine,2,3,Lv. 3
Rodeo Machine,3,6.5,Lv. 6.5
Rodeo Machine,4,9.7,Lv. 9.7
Rodeo Machine,5,12.3,Lv. 12.3
ROKI,1,2,Lv. 2
ROKI,2,4,Lv. 4
ROKI,3,7.2,Lv. 7.2
ROKI,4,9.4,Lv. 9.4
ROKI,5,10.8,Lv. 10.8
ROKI,6,12.4,Lv. 12.4
Role-playing game,1,2,Lv. 2
Role-playing game,2,4,Lv. 4
Role-playing game,3,6.8,Lv. 6.8
Role-playing game,4,8.9,Lv. 8.9
Role-playing game,5,11.3,Lv. 11.3
Rollin’Girl,1,2,Lv. 2
Rollin’Girl,2,4,Lv. 4
Rollin’Girl,3,6.6,Lv. 6.6
Rollin’Girl,4,8.3,Lv. 8.3
Rollin’Girl,5,11.7,Lv. 11.7
Romeo and Cinderella,1,2,Lv. 2
Romeo and Cinderella,2,5,Lv. 5
Romeo and Cinderella,3,7.8,Lv. 7.8
Romeo and Cinderella,4,9.6,Lv. 9.6
Romeo and Cinderella,5,10.7,Lv. 10.7
Romeo and Cinderella,6,12.1,Lv. 12.1
Rooftop Run: Act1,1,2,Lv. 2
Rooftop Run: Act1,2,4,Lv. 4
Rooftop Run: Act1,3,6.6,Lv. 6.6
Rooftop Run: Act1,4,9.7,Lv. 9.7
Rooftop Run: Act1,5,10.1,Lv. 10.1
Rooftop Run: Act1,6,11.7,Lv. 11.7
Roshin Yukai,1,3,Lv. 3
Roshin Yukai,2,4,Lv. 4
Roshin Yukai,3,6.2,Lv. 6.2
Roshin Yukai,4,9.8,Lv. 9.8
Roshin Yukai,5,11.3,Lv. 11.3
Sacred Ruin,1,3,Lv. 3
Sacred Ruin,2,6,Lv. 6
Sacred Ruin,3,8.8,Lv. 8.8
Sacred Ruin,4,10.8,Lv. 10.8
Sacred Ruin,5,12.9,Lv. 12.9
SadoMamiHolic,1,3,Lv. 3
SadoMamiHolic,2,5,Lv. 5
SadoMamiHolic,3,7.8,Lv. 7.8
SadoMamiHolic,4,9.8,Lv. 9.8
SadoMamiHolic,5,10.9,Lv. 10.9
SadoMamiHolic,6,12.7,Lv. 12.7
Saishuu kichiku imouto ichibu koe,1,3,Lv. 3
Saishuu kichiku imouto ichibu koe,2,5,Lv. 5
Saishuu kichiku imouto ichibu koe,3,7.5,Lv. 7.5
Saishuu kichiku imouto ichibu koe,4,10.3,Lv. 10.3
Saishuu kichiku imouto ichibu koe,5,12.8,Lv. 12.8
Saisoku Saikou Shutter Girl,1,2,Lv. 2
Saisoku Saikou Shutter Girl,2,3,Lv. 3
Saisoku Saikou Shutter Girl,3,7.4,Lv. 7.4
Saisoku Saikou Shutter Girl,4,9.4,Lv. 9.4
Saisoku Saikou Shutter Girl,5,11.1,Lv. 11.1
Sakihokore Tokoyo No Hana,1,3,Lv. 3
Sakihokore Tokoyo No Hana,2,5,Lv. 5
Sakihokore Tokoyo No Hana,3,7.2,Lv. 7.2
Sakihokore Tokoyo No Hana,4,10.2,Lv. 10.2
Sakihokore Tokoyo No Hana,5,12.4,Lv. 12.4
Sakura Fubuki,1,3,Lv. 3
Sakura Fubuki,2,4,Lv. 4
Sakura Fubuki,3,7.5,Lv. 7.5
Sakura Fubuki,4,10.7,Lv. 10.7
Sakura Fubuki,5,12.7,Lv. 12.7
SAKURAスキップ,1,2,Lv. 2
SAKURAスキップ,2,4,Lv. 4
SAKURAスキップ,3,6.2,Lv. 6.2
SAKURAスキップ,4,7.8,Lv. 7.8
SAKURAスキップ,5,10.9,Lv. 10.9
Samurai Bloodshow,1,3,Lv. 3
Samurai Bloodshow,2,5,Lv. 5
Samurai Bloodshow,3,7.7,Lv. 7.7
Samurai Bloodshow,4,9.1,Lv. 9.1
Samurai Bloodshow,5,10.8,Lv. 10.8
Save This World νMIX,1,3,Lv. 3
Save This World νMIX,2,5,Lv. 5
Save This World νMIX,3,7.3,Lv. 7.3
Save This World νMIX,4,8.9,Lv. 8.9
Save This World νMIX,5,11.9,Lv. 11.9
Save This World νMIX,6,11.9,Lv. 11.9
SAVIOR OF SONG,1,3,Lv. 3
SAVIOR OF SONG,2,4,Lv. 4
SAVIOR OF SONG,3,7.4,Lv. 7.4
SAVIOR OF SONG,4,9,Lv. 9
SAVIOR OF SONG,5,12.4,Lv. 12.4
Scarlet Lance,1,3,Lv. 3
Scarlet Lance,2,6,Lv. 6
Scarlet Lance,3,8.5,Lv. 8.5
Scarlet Lance,4,11.2,Lv. 11.2
Scarlet Lance,5,13,Lv. 13
Scars of FAUNA,1,2,Lv. 2
Scars of FAUNA,2,5,Lv. 5
Scars of FAUNA,3,7,Lv. 7
Scars of FAUNA,4,9.6,Lv. 9.6
Scars of FAUNA,5,12.7,Lv. 12.7
Schwarzschild,1,4,Lv. 4
Schwarzschild,2,6,Lv. 6
Schwarzschild,3,8.9,Lv. 8.9
Schwarzschild,4,11.5,Lv. 11.5
Schwarzschild,5,13.5,Lv. 13.5
Schwarzschild,6,13.9,Lv. 13.9
Scream out! -maimai SONIC WASHER Edit-,1,3,Lv. 3
Scream out! -maimai SONIC WASHER Edit-,2,5,Lv. 5
Scream out! -maimai SONIC WASHER Edit-,3,7.8,Lv. 7.8
Scream out! -maimai SONIC WASHER Edit-,4,10.8,Lv. 10.8
Scream out! -maimai SONIC WASHER Edit-,5,12.8,Lv. 12.8
SEGA SATURN Startup Sound[H.][Remix],1,2,Lv. 2
SEGA SATURN Startup Sound[H.][Remix],2,3,Lv. 3
SEGA SATURN Startup Sound[H.][Remix],3,6.3,Lv. 6.3
SEGA SATURN Startup Sound[H.][Remix],4,9.6,Lv. 9.6
SEGA SATURN Startup Sound[H.][Remix],5,11.7,Lv. 11.7
SEHA GA GA GANBATCHAU,1,3,Lv. 3
SEHA GA GA GANBATCHAU,2,5,Lv. 5
SEHA GA GA GANBATCHAU,3,7.3,Lv. 7.3
SEHA GA GA GANBATCHAU,4,9.7,Lv. 9.7
SEHA GA GA GANBATCHAU,5,11.9,Lv. 11.9
Sekishinsei：Kamatoto Araryoji,1,3,Lv. 3
Sekishinsei：Kamatoto Araryoji,2,5,Lv. 5
Sekishinsei：Kamatoto Araryoji,3,7,Lv. 7
Sekishinsei：Kamatoto Araryoji,4,8.4,Lv. 8.4
Sekishinsei：Kamatoto Araryoji,5,12.5,Lv. 12.5
Selector,1,2,Lv. 2
Selector,2,5,Lv. 5
Selector,3,7,Lv. 7
Selector,4,10.2,Lv. 10.2
Selector,5,12.6,Lv. 12.6
Senbon Zakura,1,2,Lv. 2
Senbon Zakura,2,4,Lv. 4
Senbon Zakura,3,7.4,Lv. 7.4
Senbon Zakura,4,9.1,Lv. 9.1
Senbon Zakura,5,12.1,Lv. 12.1
Sennou,1,1,Lv. 1
Sennou,2,4,Lv. 4
Sennou,3,6.3,Lv. 6.3
Sennou,4,9,Lv. 9
Sennou,5,10.3,Lv. 10.3
Sennou,6,10.7,Lv. 10.7
Session High!!,1,2,Lv. 2
Session High!!,2,5,Lv. 5
Session High!!,3,6.8,Lv. 6.8
Session High!!,4,9.1,Lv. 9.1
Session High!!,5,11.8,Lv. 11.8
Setsuna Trip,1,2,Lv. 2
Setsuna Trip,2,4,Lv. 4
Setsuna Trip,3,6.8,Lv. 6.8
Setsuna Trip,4,9.5,Lv. 9.5
Setsuna Trip,5,12.1,Lv. 12.1
Seyana. ～AKANE's anything ok～,1,3,Lv. 3
Seyana. ～AKANE's anything ok～,2,4,Lv. 4
Seyana. ～AKANE's anything ok～,3,6.8,Lv. 6.8
Seyana. ～AKANE's anything ok～,4,9,Lv. 9
Seyana. ～AKANE's anything ok～,5,12,Lv. 12
shake it!,1,2,Lv. 2
shake it!,2,4,Lv. 4
shake it!,3,6.8,Lv. 6.8
shake it!,4,7.5,Lv. 7.5
shake it!,5,10.8,Lv. 10.8
Shiawase ni Nareru Kakushi Command ga Arurashii,1,3,Lv. 3
Shiawase ni Nareru Kakushi Command ga Arurashii,2,5,Lv. 5
Shiawase ni Nareru Kakushi Command ga Arurashii,3,8.5,Lv. 8.5
Shiawase ni Nareru Kakushi Command ga Arurashii,4,10.8,Lv. 10.8
Shiawase ni Nareru Kakushi Command ga Arurashii,5,12.9,Lv. 12.9
Shiawase Usagi,1,2,Lv. 2
Shiawase Usagi,2,4,Lv. 4
Shiawase Usagi,3,6.5,Lv. 6.5
Shiawase Usagi,4,7.5,Lv. 7.5
Shiawase Usagi,5,10,Lv. 10
SHIN HANDSOME TAISOU DE ZUNDOKOHOI,1,2,Lv. 2
SHIN HANDSOME TAISOU DE ZUNDOKOHOI,2,5,Lv. 5
SHIN HANDSOME TAISOU DE ZUNDOKOHOI,3,6.2,Lv. 6.2
SHIN HANDSOME TAISOU DE ZUNDOKOHOI,4,8.9,Lv. 8.9
SHIN HANDSOME TAISOU DE ZUNDOKOHOI,5,12,Lv. 12
Shinchoku Doudesuka?,1,3,Lv. 3
Shinchoku Doudesuka?,2,5,Lv. 5
Shinchoku Doudesuka?,3,7.8,Lv. 7.8
Shinchoku Doudesuka?,4,9.5,Lv. 9.5
Shinchoku Doudesuka?,5,12.3,Lv. 12.3
SHINDESHIMAUTOWA NASAKENAI,1,2,Lv. 2
SHINDESHIMAUTOWA NASAKENAI,2,5,Lv. 5
SHINDESHIMAUTOWA NASAKENAI,3,7,Lv. 7
SHINDESHIMAUTOWA NASAKENAI,4,8.7,Lv. 8.7
SHINDESHIMAUTOWA NASAKENAI,5,11.7,Lv. 11.7
Shinebaiinoni,1,2,Lv. 2
Shinebaiinoni,2,4,Lv. 4
Shinebaiinoni,3,6.2,Lv. 6.2
Shinebaiinoni,4,8.9,Lv. 8.9
Shinebaiinoni,5,11.7,Lv. 11.7
SHINYDAYS,1,1,Lv. 1
SHINYDAYS,2,3,Lv. 3
SHINYDAYS,3,5.8,Lv. 5.8
SHINYDAYS,4,7.8,Lv. 7.8
SHINYDAYS,5,11,Lv. 11
Shirayuki,1,2,Lv. 2
Shirayuki,2,5,Lv. 5
Shirayuki,3,7.4,Lv. 7.4
Shirayuki,4,9.8,Lv. 9.8
Shirayuki,5,12.2,Lv. 12.2
Showtime,1,1,Lv. 1
Showtime,2,4,Lv. 4
Showtime,3,5.8,Lv. 5.8
Showtime,4,7.8,Lv. 7.8
Showtime,5,10.1,Lv. 10.1
Shuuten,1,3,Lv. 3
Shuuten,2,5,Lv. 5
Shuuten,3,7.7,Lv. 7.7
Shuuten,4,10.8,Lv. 10.8
Shuuten,5,12.8,Lv. 12.8
ShuwaSupa Daisakusen,1,2,Lv. 2
ShuwaSupa Daisakusen,2,5,Lv. 5
ShuwaSupa Daisakusen,3,6.7,Lv. 6.7
ShuwaSupa Daisakusen,4,8.4,Lv. 8.4
ShuwaSupa Daisakusen,5,11.1,Lv. 11.1
Signature,1,3,Lv. 3
Signature,2,4,Lv. 4
Signature,3,7.8,Lv. 7.8
Signature,4,10.8,Lv. 10.8
Signature,5,12.2,Lv. 12.2
Signs Of Love (“Never More” ver.),1,2,Lv. 2
Signs Of Love (“Never More” ver.),2,4,Lv. 4
Signs Of Love (“Never More” ver.),3,7,Lv. 7
Signs Of Love (“Never More” ver.),4,9.9,Lv. 9.9
Signs Of Love (“Never More” ver.),5,11.7,Lv. 11.7
SILENT BLUE,1,4,Lv. 4
SILENT BLUE,2,5,Lv. 5
SILENT BLUE,3,8,Lv. 8
SILENT BLUE,4,11.4,Lv. 11.4
SILENT BLUE,5,13.8,Lv. 13.8
Sissou Ensemble,1,3,Lv. 3
Sissou Ensemble,2,5,Lv. 5
Sissou Ensemble,3,7.8,Lv. 7.8
Sissou Ensemble,4,9.8,Lv. 9.8
Sissou Ensemble,5,12.5,Lv. 12.5
Six Trillion Years and Overnight Story,1,3,Lv. 3
Six Trillion Years and Overnight Story,2,5,Lv. 5
Six Trillion Years and Overnight Story,3,7,Lv. 7
Six Trillion Years and Overnight Story,4,9,Lv. 9
Six Trillion Years and Overnight Story,5,12.5,Lv. 12.5
Sky High [Reborn],1,2,Lv. 2
Sky High [Reborn],2,5,Lv. 5
Sky High [Reborn],3,7.4,Lv. 7.4
Sky High [Reborn],4,9,Lv. 9
Sky High [Reborn],5,11.2,Lv. 11.2
Slip Flip,1,3,Lv. 3
Slip Flip,2,4,Lv. 4
Slip Flip,3,7.5,Lv. 7.5
Slip Flip,4,9.1,Lv. 9.1
Slip Flip,5,12.4,Lv. 12.4
SLoWMoTIoN,1,2,Lv. 2
SLoWMoTIoN,2,4,Lv. 4
SLoWMoTIoN,3,6.5,Lv. 6.5
SLoWMoTIoN,4,8.1,Lv. 8.1
SLoWMoTIoN,5,11,Lv. 11
Soran☆Bushi,1,3,Lv. 3
Soran☆Bushi,2,5,Lv. 5
Soran☆Bushi,3,7.2,Lv. 7.2
Soran☆Bushi,4,9.8,Lv. 9.8
Soran☆Bushi,5,11.7,Lv. 11.7
Soranimae Sumizomenosakura,1,2,Lv. 2
Soranimae Sumizomenosakura,2,4,Lv. 4
Soranimae Sumizomenosakura,3,6.4,Lv. 6.4
Soranimae Sumizomenosakura,4,9.5,Lv. 9.5
Soranimae Sumizomenosakura,5,12.1,Lv. 12.1
Sosya ha tada senaka to violin de katarunomi,1,4,Lv. 4
Sosya ha tada senaka to violin de katarunomi,2,6,Lv. 6
Sosya ha tada senaka to violin de katarunomi,3,8.4,Lv. 8.4
Sosya ha tada senaka to violin de katarunomi,4,10.5,Lv. 10.5
Sosya ha tada senaka to violin de katarunomi,5,12.7,Lv. 12.7
sound,1,2,Lv. 2
sound,2,4,Lv. 4
sound,3,6.2,Lv. 6.2
sound,4,8.2,Lv. 8.2
sound,5,11.2,Lv. 11.2
soushisouai,1,2,Lv. 2
soushisouai,2,5,Lv. 5
soushisouai,3,7.8,Lv. 7.8
soushisouai,4,9.8,Lv. 9.8
soushisouai,5,12.2,Lv. 12.2
Space Harrier Main Theme [Reborn],1,2,Lv. 2
Space Harrier Main Theme [Reborn],2,5,Lv. 5
Space Harrier Main Theme [Reborn],3,6.8,Lv. 6.8
Space Harrier Main Theme [Reborn],4,9.9,Lv. 9.9
Space Harrier Main Theme [Reborn],5,12.5,Lv. 12.5
specialist (“Never More” ver.),1,1,Lv. 1
specialist (“Never More” ver.),2,4,Lv. 4
specialist (“Never More” ver.),3,6.4,Lv. 6.4
specialist (“Never More” ver.),4,9.2,Lv. 9.2
specialist (“Never More” ver.),5,11.4,Lv. 11.4
SPiCa,1,2,Lv. 2
SPiCa,2,4,Lv. 4
SPiCa,3,6.4,Lv. 6.4
SPiCa,4,8.4,Lv. 8.4
SPiCa,5,11.3,Lv. 11.3
SPICY SWINGY STYLE,1,3,Lv. 3
SPICY SWINGY STYLE,2,5,Lv. 5
SPICY SWINGY STYLE,3,7.8,Lv. 7.8
SPICY SWINGY STYLE,4,10,Lv. 10
SPICY SWINGY STYLE,5,12.1,Lv. 12.1
SPILL OVER COLORS,1,3,Lv. 3
SPILL OVER COLORS,2,4,Lv. 4
SPILL OVER COLORS,3,7.7,Lv. 7.7
SPILL OVER COLORS,4,10,Lv. 10
SPILL OVER COLORS,5,12.2,Lv. 12.2
Spin me harder,1,3,Lv. 3
Spin me harder,2,6,Lv. 6
Spin me harder,3,7.6,Lv. 7.6
Spin me harder,4,10.7,Lv. 10.7
Spin me harder,5,12.5,Lv. 12.5
Sprintrances,1,3,Lv. 3
Sprintrances,2,5,Lv. 5
Sprintrances,3,7.8,Lv. 7.8
Sprintrances,4,9.6,Lv. 9.6
Sprintrances,5,11.7,Lv. 11.7
STAIRWAY TO GENERATION,1,2,Lv. 2
STAIRWAY TO GENERATION,2,5,Lv. 5
STAIRWAY TO GENERATION,3,7,Lv. 7
STAIRWAY TO GENERATION,4,9.8,Lv. 9.8
STAIRWAY TO GENERATION,5,12.2,Lv. 12.2
Stand Up!!!!,1,2,Lv. 2
Stand Up!!!!,2,4,Lv. 4
Stand Up!!!!,3,6.5,Lv. 6.5
Stand Up!!!!,4,8.8,Lv. 8.8
Stand Up!!!!,5,11,Lv. 11
Star Night Snow,1,2,Lv. 2
Star Night Snow,2,4,Lv. 4
Star Night Snow,3,6.4,Lv. 6.4
Star Night Snow,4,8.9,Lv. 8.9
Star Night Snow,5,10.8,Lv. 10.8
Star☆Glitter,1,2,Lv. 2
Star☆Glitter,2,4,Lv. 4
Star☆Glitter,3,7,Lv. 7
Star☆Glitter,4,9.5,Lv. 9.5
Star☆Glitter,5,11.3,Lv. 11.3
StargazeR,1,2,Lv. 2
StargazeR,2,4,Lv. 4
StargazeR,3,6.8,Lv. 6.8
StargazeR,4,9.2,Lv. 9.2
StargazeR,5,11,Lv. 11
Starlight Dance Floor,1,1,Lv. 1
Starlight Dance Floor,2,4,Lv. 4
Starlight Dance Floor,3,6.8,Lv. 6.8
Starlight Dance Floor,4,8.8,Lv. 8.8
Starlight Dance Floor,5,11.1,Lv. 11.1
Starlight Disco,1,2,Lv. 2
Starlight Disco,2,4,Lv. 4
Starlight Disco,3,7,Lv. 7
Starlight Disco,4,10.4,Lv. 10.4
Starlight Disco,5,10.6,Lv. 10.6
Starlight Disco,6,11.6,Lv. 11.6
Starlight Vision,1,2,Lv. 2
Starlight Vision,2,4,Lv. 4
Starlight Vision,3,7,Lv. 7
Starlight Vision,4,9.8,Lv. 9.8
Starlight Vision,5,11.4,Lv. 11.4
Still,1,2,Lv. 2
Still,2,4,Lv. 4
Still,3,6.8,Lv. 6.8
Still,4,9.7,Lv. 9.7
Still,5,12.4,Lv. 12.4
Streak,1,3,Lv. 3
Streak,2,6,Lv. 6
Streak,3,7.3,Lv. 7.3
Streak,4,10.8,Lv. 10.8
Streak,5,12.3,Lv. 12.3
Streaming Heart,1,3,Lv. 3
Streaming Heart,2,4,Lv. 4
Streaming Heart,3,7.2,Lv. 7.2
Streaming Heart,4,9.1,Lv. 9.1
Streaming Heart,5,12,Lv. 12
Sugar Song and Bitter Step,1,2,Lv. 2
Sugar Song and Bitter Step,2,5,Lv. 5
Sugar Song and Bitter Step,3,7,Lv. 7
Sugar Song and Bitter Step,4,8.6,Lv. 8.6
Sugar Song and Bitter Step,5,11.7,Lv. 11.7
Sun Dance,1,2,Lv. 2
Sun Dance,2,4,Lv. 4
Sun Dance,3,6.8,Lv. 6.8
Sun Dance,4,7.7,Lv. 7.7
Sun Dance,5,9.1,Lv. 9.1
Sun Dance,6,12.9,Lv. 12.9
Sunshine world tour,1,2,Lv. 2
Sunshine world tour,2,4,Lv. 4
Sunshine world tour,3,7,Lv. 7
Sunshine world tour,4,8.8,Lv. 8.8
Sunshine world tour,5,11,Lv. 11
Super Nuko Ni Naritai,1,2,Lv. 2
Super Nuko Ni Naritai,2,4,Lv. 4
Super Nuko Ni Naritai,3,7.5,Lv. 7.5
Super Nuko Ni Naritai,4,9.2,Lv. 9.2
Super Nuko Ni Naritai,5,12.2,Lv. 12.2
Superlative,1,3,Lv. 3
Superlative,2,5,Lv. 5
Superlative,3,7.9,Lv. 7.9
Superlative,4,10.2,Lv. 10.2
Superlative,5,10.8,Lv. 10.8
SUSHITABETAI feat.SoySauce,1,1,Lv. 1
SUSHITABETAI feat.SoySauce,2,4,Lv. 4
SUSHITABETAI feat.SoySauce,3,6.5,Lv. 6.5
SUSHITABETAI feat.SoySauce,4,8.8,Lv. 8.8
SUSHITABETAI feat.SoySauce,5,11.7,Lv. 11.7
Sweet Devil,1,2,Lv. 2
Sweet Devil,2,4,Lv. 4
Sweet Devil,3,6.6,Lv. 6.6
Sweet Devil,4,9.8,Lv. 9.8
Sweet Devil,5,11.3,Lv. 11.3
sweet little sister,1,2,Lv. 2
sweet little sister,2,4,Lv. 4
sweet little sister,3,6.3,Lv. 6.3
sweet little sister,4,9.1,Lv. 9.1
sweet little sister,5,11.7,Lv. 11.7
Sweet Magic,1,2,Lv. 2
Sweet Magic,2,4,Lv. 4
Sweet Magic,3,6.3,Lv. 6.3
Sweet Magic,4,9.1,Lv. 9.1
Sweet Magic,5,10.5,Lv. 10.5
Sweetiex2,1,2,Lv. 2
Sweetiex2,2,4,Lv. 4
Sweetiex2,3,6.1,Lv. 6.1
Sweetiex2,4,7.3,Lv. 7.3
Sweetiex2,5,9.9,Lv. 9.9
Sweets×Sweets,1,2,Lv. 2
Sweets×Sweets,2,5,Lv. 5
Sweets×Sweets,3,6.6,Lv. 6.6
Sweets×Sweets,4,8,Lv. 8
Sweets×Sweets,5,9.7,Lv. 9.7
System “Z”,1,3,Lv. 3
System “Z”,2,5,Lv. 5
System “Z”,3,8.3,Lv. 8.3
System “Z”,4,11.7,Lv. 11.7
System “Z”,5,13.2,Lv. 13.2
Syukudai ga owaranai!,1,2,Lv. 2
Syukudai ga owaranai!,2,4,Lv. 4
Syukudai ga owaranai!,3,6.8,Lv. 6.8
Syukudai ga owaranai!,4,8.9,Lv. 8.9
Syukudai ga owaranai!,5,11.7,Lv. 11.7
taboo tears you up,1,3,Lv. 3
taboo tears you up,2,5,Lv. 5
taboo tears you up,3,7.4,Lv. 7.4
taboo tears you up,4,9.6,Lv. 9.6
taboo tears you up,5,11.7,Lv. 11.7
Takahase! Meijin-Man,1,2,Lv. 2
Takahase! Meijin-Man,2,4,Lv. 4
Takahase! Meijin-Man,3,6.7,Lv. 6.7
Takahase! Meijin-Man,4,8.2,Lv. 8.2
Takahase! Meijin-Man,5,12.5,Lv. 12.5
Teach Me Magical Lyrics!,1,2,Lv. 2
Teach Me Magical Lyrics!,2,6,Lv. 6
Teach Me Magical Lyrics!,3,7.2,Lv. 7.2
Teach Me Magical Lyrics!,4,8.1,Lv. 8.1
Teach Me Magical Lyrics!,5,9.7,Lv. 9.7
Tears and Meteor,1,2,Lv. 2
Tears and Meteor,2,5,Lv. 5
Tears and Meteor,3,7,Lv. 7
Tears and Meteor,4,9.2,Lv. 9.2
Tears and Meteor,5,10.6,Lv. 10.6
Tell Your World,1,1,Lv. 1
Tell Your World,2,4,Lv. 4
Tell Your World,3,6.7,Lv. 6.7
Tell Your World,4,8.9,Lv. 8.9
Tell Your World,5,10.7,Lv. 10.7
Tell Your World,6,11.2,Lv. 11.2
tengokutojigokukotonoharinne,1,2,Lv. 2
tengokutojigokukotonoharinne,2,4,Lv. 4
tengokutojigokukotonoharinne,3,6.8,Lv. 6.8
tengokutojigokukotonoharinne,4,9.8,Lv. 9.8
tengokutojigokukotonoharinne,5,11.8,Lv. 11.8
Tengu No Otoshibumi feat. Ytr,1,2,Lv. 2
Tengu No Otoshibumi feat. Ytr,2,4,Lv. 4
Tengu No Otoshibumi feat. Ytr,3,6.8,Lv. 6.8
Tengu No Otoshibumi feat. Ytr,4,10,Lv. 10
Tengu No Otoshibumi feat. Ytr,5,11.9,Lv. 11.9
Terminal Storm,1,2,Lv. 2
Terminal Storm,2,4,Lv. 4
Terminal Storm,3,7,Lv. 7
Terminal Storm,4,9.7,Lv. 9.7
Terminal Storm,5,12.1,Lv. 12.1
TEWI！ ～EIENTEWIVer～,1,3,Lv. 3
TEWI！ ～EIENTEWIVer～,2,4,Lv. 4
TEWI！ ～EIENTEWIVer～,3,6.5,Lv. 6.5
TEWI！ ～EIENTEWIVer～,4,8,Lv. 8
TEWI！ ～EIENTEWIVer～,5,10.7,Lv. 10.7
TEWI！ ～EIENTEWIVer～,6,11.5,Lv. 11.5
The “Wanderlast”,1,3,Lv. 3
The “Wanderlast”,2,5,Lv. 5
The “Wanderlast”,3,7.8,Lv. 7.8
The “Wanderlast”,4,10.8,Lv. 10.8
The “Wanderlast”,5,12.8,Lv. 12.8
The Defeated Boy,1,3,Lv. 3
The Defeated Boy,2,5,Lv. 5
The Defeated Boy,3,7.8,Lv. 7.8
The Defeated Boy,4,10,Lv. 10
The Defeated Boy,5,12.1,Lv. 12.1
The Disappearance of Hatsune Miku,1,3,Lv. 3
The Disappearance of Hatsune Miku,2,5,Lv. 5
The Disappearance of Hatsune Miku,3,8,Lv. 8
The Disappearance of Hatsune Miku,4,10,Lv. 10
The Disappearance of Hatsune Miku,5,12.8,Lv. 12.8
the EmpErroR,1,3,Lv. 3
the EmpErroR,2,5,Lv. 5
the EmpErroR,3,9.7,Lv. 9.7
the EmpErroR,4,12,Lv. 12
the EmpErroR,5,13.6,Lv. 13.6
the EmpErroR,6,13.9,Lv. 13.9
The Great Journey,1,2,Lv. 2
The Great Journey,2,4,Lv. 4
The Great Journey,3,6,Lv. 6
The Great Journey,4,8.9,Lv. 8.9
The Great Journey,5,10,Lv. 10
The Intense Singing of Hatsune Miku,1,3,Lv. 3
The Intense Singing of Hatsune Miku,2,6,Lv. 6
The Intense Singing of Hatsune Miku,3,8,Lv. 8
The Intense Singing of Hatsune Miku,4,10.8,Lv. 10.8
The Intense Singing of Hatsune Miku,5,13.5,Lv. 13.5
The Lamentations of the Lost Ones,1,2,Lv. 2
The Lamentations of the Lost Ones,2,4,Lv. 4
The Lamentations of the Lost Ones,3,6,Lv. 6
The Lamentations of the Lost Ones,4,9.2,Lv. 9.2
The Lamentations of the Lost Ones,5,12.2,Lv. 12.2
The Lamentations of the Lost Ones,6,12.9,Lv. 12.9
The MMORPG Addict's Anthem,1,2,Lv. 2
The MMORPG Addict's Anthem,2,4,Lv. 4
The MMORPG Addict's Anthem,3,7,Lv. 7
The MMORPG Addict's Anthem,4,9,Lv. 9
The MMORPG Addict's Anthem,5,12.3,Lv. 12.3
THE RHYTHM SENSE TEST,1,4,Lv. 4
THE RHYTHM SENSE TEST,2,6,Lv. 6
THE RHYTHM SENSE TEST,3,8,Lv. 8
THE RHYTHM SENSE TEST,4,10,Lv. 10
THE RHYTHM SENSE TEST,5,12,Lv. 12
The Snow White Princess is,1,2,Lv. 2
The Snow White Princess is,2,5,Lv. 5
The Snow White Princess is,3,7.2,Lv. 7.2
The Snow White Princess is,4,9.8,Lv. 9.8
The Snow White Princess is,5,11.7,Lv. 11.7
The Synesthesia Ghost,1,2,Lv. 2
The Synesthesia Ghost,2,4,Lv. 4
The Synesthesia Ghost,3,6.4,Lv. 6.4
The Synesthesia Ghost,4,9.5,Lv. 9.5
The Synesthesia Ghost,5,11.7,Lv. 11.7
The wheel to the right,1,4,Lv. 4
The wheel to the right,2,6,Lv. 6
The wheel to the right,3,8.1,Lv. 8.1
The wheel to the right,4,11,Lv. 11
The wheel to the right,5,12.9,Lv. 12.9
The★Tanko★Bushi,1,3,Lv. 3
The★Tanko★Bushi,2,4,Lv. 4
The★Tanko★Bushi,3,6.3,Lv. 6.3
The★Tanko★Bushi,4,8.5,Lv. 8.5
The★Tanko★Bushi,5,11.7,Lv. 11.7
Theme of Phantom R,1,2,Lv. 2
Theme of Phantom R,2,5,Lv. 5
Theme of Phantom R,3,7,Lv. 7
Theme of Phantom R,4,8.9,Lv. 8.9
Theme of Phantom R,5,11.3,Lv. 11.3
This game,1,2,Lv. 2
This game,2,4,Lv. 4
This game,3,6.6,Lv. 6.6
This game,4,9.9,Lv. 9.9
This game,5,12,Lv. 12
This Messed-Up Wonderful World Exists For Me,1,2,Lv. 2
This Messed-Up Wonderful World Exists For Me,2,4,Lv. 4
This Messed-Up Wonderful World Exists For Me,3,6.8,Lv. 6.8
This Messed-Up Wonderful World Exists For Me,4,9.5,Lv. 9.5
This Messed-Up Wonderful World Exists For Me,5,11.7,Lv. 11.7
TiamaT:F minor,1,3,Lv. 3
TiamaT:F minor,2,6,Lv. 6
TiamaT:F minor,3,9.5,Lv. 9.5
TiamaT:F minor,4,11.8,Lv. 11.8
TiamaT:F minor,5,13.2,Lv. 13.2
Tic Tac DREAMIN’,1,1,Lv. 1
Tic Tac DREAMIN’,2,4,Lv. 4
Tic Tac DREAMIN’,3,6.5,Lv. 6.5
Tic Tac DREAMIN’,4,8,Lv. 8
Tic Tac DREAMIN’,5,11,Lv. 11
Time To Make History (AKIRA YAMAOKA Remix),1,3,Lv. 3
Time To Make History (AKIRA YAMAOKA Remix),2,5,Lv. 5
Time To Make History (AKIRA YAMAOKA Remix),3,7.4,Lv. 7.4
Time To Make History (AKIRA YAMAOKA Remix),4,9.6,Lv. 9.6
Time To Make History (AKIRA YAMAOKA Remix),5,12.5,Lv. 12.5
toho yoyomu -the maximum moving about-,1,3,Lv. 3
toho yoyomu -the maximum moving about-,2,5,Lv. 5
toho yoyomu -the maximum moving about-,3,7.5,Lv. 7.5
toho yoyomu -the maximum moving about-,4,8.3,Lv. 8.3
toho yoyomu -the maximum moving about-,5,11.7,Lv. 11.7
TOKYO REAL WORLD,1,2,Lv. 2
TOKYO REAL WORLD,2,4,Lv. 4
TOKYO REAL WORLD,3,6.7,Lv. 6.7
TOKYO REAL WORLD,4,7.7,Lv. 7.7
TOKYO REAL WORLD,5,9.8,Lv. 9.8
Tokyo Retro,1,1,Lv. 1
Tokyo Retro,2,4,Lv. 4
Tokyo Retro,3,6.2,Lv. 6.2
Tokyo Retro,4,8.4,Lv. 8.4
Tokyo Retro,5,10.5,Lv. 10.5
Tonchinkan no en,1,2,Lv. 2
Tonchinkan no en,2,5,Lv. 5
Tonchinkan no en,3,7.9,Lv. 7.9
Tonchinkan no en,4,9.7,Lv. 9.7
Tonchinkan no en,5,12.7,Lv. 12.7
Touhou Sweets! ~The Brutal Sisters and Suffering Maid~,1,2,Lv. 2
Touhou Sweets! ~The Brutal Sisters and Suffering Maid~,2,4,Lv. 4
Touhou Sweets! ~The Brutal Sisters and Suffering Maid~,3,6.9,Lv. 6.9
Touhou Sweets! ~The Brutal Sisters and Suffering Maid~,4,9.1,Lv. 9.1
Touhou Sweets! ~The Brutal Sisters and Suffering Maid~,5,11.4,Lv. 11.4
True Love Song,1,2,Lv. 2
True Love Song,2,4,Lv. 4
True Love Song,3,6.4,Lv. 6.4
True Love Song,4,8.8,Lv. 8.8
True Love Song,5,9.8,Lv. 9.8
true my heart -Lovable mix-,1,1,Lv. 1
true my heart -Lovable mix-,2,4,Lv. 4
true my heart -Lovable mix-,3,6.2,Lv. 6.2
true my heart -Lovable mix-,4,8.8,Lv. 8.8
true my heart -Lovable mix-,5,11,Lv. 11
TRUST,1,3,Lv. 3
TRUST,2,5,Lv. 5
TRUST,3,7,Lv. 7
TRUST,4,9.8,Lv. 9.8
TRUST,5,12.1,Lv. 12.1
Tsuki Ni Murakumo Hana Ni Kaze,1,2,Lv. 2
Tsuki Ni Murakumo Hana Ni Kaze,2,4,Lv. 4
Tsuki Ni Murakumo Hana Ni Kaze,3,6.5,Lv. 6.5
Tsuki Ni Murakumo Hana Ni Kaze,4,8.7,Lv. 8.7
Tsuki Ni Murakumo Hana Ni Kaze,5,11.7,Lv. 11.7
Turkish March - OWATA＼(^o^)／,1,2,Lv. 2
Turkish March - OWATA＼(^o^)／,2,3,Lv. 3
Turkish March - OWATA＼(^o^)／,3,6.8,Lv. 6.8
Turkish March - OWATA＼(^o^)／,4,8.2,Lv. 8.2
Turkish March - OWATA＼(^o^)／,5,12.5,Lv. 12.5
Turn around,1,3,Lv. 3
Turn around,2,6,Lv. 6
Turn around,3,7.3,Lv. 7.3
Turn around,4,11.8,Lv. 11.8
Turn around,5,12.2,Lv. 12.2
Turn To The Rainbow,1,3,Lv. 3
Turn To The Rainbow,2,5,Lv. 5
Turn To The Rainbow,3,7.6,Lv. 7.6
Turn To The Rainbow,4,9.5,Lv. 9.5
Turn To The Rainbow,5,10.8,Lv. 10.8
ULTRA B+K,1,3,Lv. 3
ULTRA B+K,2,5,Lv. 5
ULTRA B+K,3,7.8,Lv. 7.8
ULTRA B+K,4,10.5,Lv. 10.5
ULTRA B+K,5,12.9,Lv. 12.9
Ultranova,1,3,Lv. 3
Ultranova,2,5,Lv. 5
Ultranova,3,7.8,Lv. 7.8
Ultranova,4,11.2,Lv. 11.2
Ultranova,5,13,Lv. 13
Umiyuri Kaiteitan,1,2,Lv. 2
Umiyuri Kaiteitan,2,4,Lv. 4
Umiyuri Kaiteitan,3,6.7,Lv. 6.7
Umiyuri Kaiteitan,4,8.1,Lv. 8.1
Umiyuri Kaiteitan,5,12.4,Lv. 12.4
Unhappy Refrain,1,3,Lv. 3
Unhappy Refrain,2,5,Lv. 5
Unhappy Refrain,3,7.5,Lv. 7.5
Unhappy Refrain,4,10,Lv. 10
Unhappy Refrain,5,12.3,Lv. 12.3
Unknown Mother-Goose,1,3,Lv. 3
Unknown Mother-Goose,2,4,Lv. 4
Unknown Mother-Goose,3,6.7,Lv. 6.7
Unknown Mother-Goose,4,9.7,Lv. 9.7
Unknown Mother-Goose,5,11.8,Lv. 11.8
Unrequited Love Samba,1,3,Lv. 3
Unrequited Love Samba,2,5,Lv. 5
Unrequited Love Samba,3,6.5,Lv. 6.5
Unrequited Love Samba,4,9.8,Lv. 9.8
Unrequited Love Samba,5,12.2,Lv. 12.2
Uraomote Lovers,1,2,Lv. 2
Uraomote Lovers,2,5,Lv. 5
Uraomote Lovers,3,7.4,Lv. 7.4
Uraomote Lovers,4,10.5,Lv. 10.5
Uraomote Lovers,5,12.6,Lv. 12.6
Urban Crusher [Remix],1,3,Lv. 3
Urban Crusher [Remix],2,6,Lv. 6
Urban Crusher [Remix],3,8.3,Lv. 8.3
Urban Crusher [Remix],4,11.5,Lv. 11.5
Urban Crusher [Remix],5,11.7,Lv. 11.7
USATEI,1,2,Lv. 2
USATEI,2,5,Lv. 5
USATEI,3,6.7,Lv. 6.7
USATEI,4,9.3,Lv. 9.3
USATEI,5,12.7,Lv. 12.7
"Utakata, Ai No Mahoroba",1,2,Lv. 2
"Utakata, Ai No Mahoroba",2,4,Lv. 4
"Utakata, Ai No Mahoroba",3,6.7,Lv. 6.7
"Utakata, Ai No Mahoroba",4,8.8,Lv. 8.8
"Utakata, Ai No Mahoroba",5,11,Lv. 11
Utsukushiku Moeru Mori,1,2,Lv. 2
Utsukushiku Moeru Mori,2,4,Lv. 4
Utsukushiku Moeru Mori,3,6.4,Lv. 6.4
Utsukushiku Moeru Mori,4,7.9,Lv. 7.9
Utsukushiku Moeru Mori,5,9.7,Lv. 9.7
VERTeX,1,3,Lv. 3
VERTeX,2,5,Lv. 5
VERTeX,3,8,Lv. 8
VERTeX,4,10.2,Lv. 10.2
VERTeX,5,13.4,Lv. 13.4
WAKAICHIKARA -SEGA HARD GIRLS MIX-,1,2,Lv. 2
WAKAICHIKARA -SEGA HARD GIRLS MIX-,2,4,Lv. 4
WAKAICHIKARA -SEGA HARD GIRLS MIX-,3,6.3,Lv. 6.3
WAKAICHIKARA -SEGA HARD GIRLS MIX-,4,8.6,Lv. 8.6
WAKAICHIKARA -SEGA HARD GIRLS MIX-,5,11.1,Lv. 11.1
WAKAICHIKARA -SEGA HARD GIRLS MIX-,6,11.7,Lv. 11.7
Wakaranai,1,3,Lv. 3
Wakaranai,2,4,Lv. 4
Wakaranai,3,7.7,Lv. 7.7
Wakaranai,4,9.8,Lv. 9.8
Wakaranai,5,12.9,Lv. 12.9
WARNING×WARNING×WARNING,1,2,Lv. 2
WARNING×WARNING×WARNING,2,4,Lv. 4
WARNING×WARNING×WARNING,3,7,Lv. 7
WARNING×WARNING×WARNING,4,9.2,Lv. 9.2
WARNING×WARNING×WARNING,5,11.3,Lv. 11.3
We Gonna Journey,1,3,Lv. 3
We Gonna Journey,2,6,Lv. 6
We Gonna Journey,3,8.3,Lv. 8.3
We Gonna Journey,4,10.9,Lv. 10.9
We Gonna Journey,5,12.9,Lv. 12.9
We Gonna Party,1,3,Lv. 3
We Gonna Party,2,6,Lv. 6
We Gonna Party,3,7.8,Lv. 7.8
We Gonna Party,4,11.4,Lv. 11.4
We Gonna Party,5,12.2,Lv. 12.2
welcome to maimai!! with maimaimaa,1,3,Lv. 3
welcome to maimai!! with maimaimaa,2,5,Lv. 5
welcome to maimai!! with maimaimaa,3,7.2,Lv. 7.2
welcome to maimai!! with maimaimaa,4,8.4,Lv. 8.4
welcome to maimai!! with maimaimaa,5,11.2,Lv. 11.2
Welcome to the Japari Park,1,2,Lv. 2
Welcome to the Japari Park,2,4,Lv. 4
Welcome to the Japari Park,3,6.8,Lv. 6.8
Welcome to the Japari Park,4,8.5,Lv. 8.5
Welcome to the Japari Park,5,11.3,Lv. 11.3
Welcome to the Japari Park,6,12,Lv. 12
What Do You Mean!?,1,2,Lv. 2
What Do You Mean!?,2,4,Lv. 4
What Do You Mean!?,3,7.2,Lv. 7.2
What Do You Mean!?,4,9.7,Lv. 9.7
What Do You Mean!?,5,12,Lv. 12
White Traveling Girl,1,2,Lv. 2
White Traveling Girl,2,4,Lv. 4
White Traveling Girl,3,6.8,Lv. 6.8
White Traveling Girl,4,9,Lv. 9
White Traveling Girl,5,12.3,Lv. 12.3
Windy Hill -Zone 1,1,2,Lv. 2
Windy Hill -Zone 1,2,4,Lv. 4
Windy Hill -Zone 1,3,7.5,Lv. 7.5
Windy Hill -Zone 1,4,9.4,Lv. 9.4
Windy Hill -Zone 1,5,11.7,Lv. 11.7
World Vanquisher,1,4,Lv. 4
World Vanquisher,2,6,Lv. 6
World Vanquisher,3,8.8,Lv. 8.8
World Vanquisher,4,11.6,Lv. 11.6
World Vanquisher,5,13.2,Lv. 13.2
WORLD'S END DANCE HALL,1,3,Lv. 3
WORLD'S END DANCE HALL,2,5,Lv. 5
WORLD'S END DANCE HALL,3,7.6,Lv. 7.6
WORLD'S END DANCE HALL,4,7.3,Lv. 7.3
WORLD'S END DANCE HALL,5,10.7,Lv. 10.7
WORLD'S END DANCE HALL,6,12.1,Lv. 12.1
WORLD'S END UMBRELLA,1,2,Lv. 2
WORLD'S END UMBRELLA,2,4,Lv. 4
WORLD'S END UMBRELLA,3,7.5,Lv. 7.5
WORLD'S END UMBRELLA,4,8.8,Lv. 8.8
WORLD'S END UMBRELLA,5,11.5,Lv. 11.5
Xevel,1,4,Lv. 4
Xevel,2,6,Lv. 6
Xevel,3,8,Lv. 8
Xevel,4,11,Lv. 11
Xevel,5,13.3,Lv. 13.3
YA･DA･YO [Reborn],1,2,Lv. 2
YA･DA･YO [Reborn],2,4,Lv. 4
YA･DA･YO [Reborn],3,7.9,Lv. 7.9
YA･DA･YO [Reborn],4,11.6,Lv. 11.6
YA･DA･YO [Reborn],5,11.7,Lv. 11.7
YABAi○○,1,2,Lv. 2
YABAi○○,2,4,Lv. 4
YABAi○○,3,6.4,Lv. 6.4
YABAi○○,4,9,Lv. 9
YABAi○○,5,11.7,Lv. 11.7
Yakiniku Restaurant! Orin's Jigokutei!,1,2,Lv. 2
Yakiniku Restaurant! Orin's Jigokutei!,2,4,Lv. 4
Yakiniku Restaurant! Orin's Jigokutei!,3,6.5,Lv. 6.5
Yakiniku Restaurant! Orin's Jigokutei!,4,9,Lv. 9
Yakiniku Restaurant! Orin's Jigokutei!,5,10.9,Lv. 10.9
YAMERO!KIKUNA!,1,3,Lv. 3
YAMERO!KIKUNA!,2,4,Lv. 4
YAMERO!KIKUNA!,3,7.1,Lv. 7.1
YAMERO!KIKUNA!,4,8.7,Lv. 8.7
YAMERO!KIKUNA!,5,11.7,Lv. 11.7
YATTA!,1,1,Lv. 1
YATTA!,2,3,Lv. 3
YATTA!,3,6.1,Lv. 6.1
YATTA!,4,8.1,Lv. 8.1
YATTA!,5,10,Lv. 10
Yet Another ”drizzly rain”,1,2,Lv. 2
Yet Another ”drizzly rain”,2,4,Lv. 4
Yet Another ”drizzly rain”,3,6.8,Lv. 6.8
Yet Another ”drizzly rain”,4,8.8,Lv. 8.8
Yet Another ”drizzly rain”,5,11.1,Lv. 11.1
Yobanashi Deceive,1,2,Lv. 2
Yobanashi Deceive,2,4,Lv. 4
Yobanashi Deceive,3,7.8,Lv. 7.8
Yobanashi Deceive,4,10.6,Lv. 10.6
Yobanashi Deceive,5,12,Lv. 12
YOSHIWARALAMENTO,1,3,Lv. 3
YOSHIWARALAMENTO,2,5,Lv. 5
YOSHIWARALAMENTO,3,7.7,Lv. 7.7
YOSHIWARALAMENTO,4,10,Lv. 10
YOSHIWARALAMENTO,5,12.3,Lv. 12.3
Young disease outburst Boy,1,3,Lv. 3
Young disease outburst Boy,2,5,Lv. 5
Young disease outburst Boy,3,7.4,Lv. 7.4
Young disease outburst Boy,4,9.4,Lv. 9.4
Young disease outburst Boy,5,12.5,Lv. 12.5
Yowamushi Mont Blanc,1,2,Lv. 2
Yowamushi Mont Blanc,2,4,Lv. 4
Yowamushi Mont Blanc,3,6.2,Lv. 6.2
Yowamushi Mont Blanc,4,9.5,Lv. 9.5
Yowamushi Mont Blanc,5,11.2,Lv. 11.2
YU-MU,1,2,Lv. 2
YU-MU,2,4,Lv. 4
YU-MU,3,6.7,Lv. 6.7
YU-MU,4,9.3,Lv. 9.3
YU-MU,5,10.9,Lv. 10.9
YUBIKIRI,1,3,Lv. 3
YUBIKIRI,2,4,Lv. 4
YUBIKIRI,3,7.2,Lv. 7.2
YUBIKIRI,4,10,Lv. 10
YUBIKIRI,5,12,Lv. 12
YumeHANABI,1,3,Lv. 3
YumeHANABI,2,5,Lv. 5
YumeHANABI,3,7.7,Lv. 7.7
YumeHANABI,4,9.7,Lv. 9.7
YumeHANABI,5,12.7,Lv. 12.7
Zen-Jinrui no Hisoutensoku,1,3,Lv. 3
Zen-Jinrui no Hisoutensoku,2,4,Lv. 4
Zen-Jinrui no Hisoutensoku,3,7.1,Lv. 7.1
Zen-Jinrui no Hisoutensoku,4,8.9,Lv. 8.9
Zen-Jinrui no Hisoutensoku,5,10.9,Lv. 10.9
Zenzenzense,1,2,Lv. 2
Zenzenzense,2,4,Lv. 4
Zenzenzense,3,6.2,Lv. 6.2
Zenzenzense,4,8.5,Lv. 8.5
Zenzenzense,5,11.8,Lv. 11.8
ZIGG-ZAGG,1,3,Lv. 3
ZIGG-ZAGG,2,6,Lv. 6
ZIGG-ZAGG,3,6,Lv. 6
ZIGG-ZAGG,4,7.7,Lv. 7.7
ZIGG-ZAGG,5,9.2,Lv. 9.2
ZIGG-ZAGG,6,11.3,Lv. 11.3
あねぺったん,1,2,Lv. 2
あねぺったん,2,5,Lv. 5
あねぺったん,3,7.4,Lv. 7.4
あねぺったん,4,9.2,Lv. 9.2
あねぺったん,5,11.8,Lv. 11.8
アリサのテーマ,1,2,Lv. 2
アリサのテーマ,2,4,Lv. 4
アリサのテーマ,3,6.8,Lv. 6.8
アリサのテーマ,4,9.8,Lv. 9.8
アリサのテーマ,5,12.7,Lv. 12.7
いぇす！ゆゆゆ☆ゆるゆり♪♪,1,2,Lv. 2
いぇす！ゆゆゆ☆ゆるゆり♪♪,2,4,Lv. 4
いぇす！ゆゆゆ☆ゆるゆり♪♪,3,7,Lv. 7
いぇす！ゆゆゆ☆ゆるゆり♪♪,4,9.2,Lv. 9.2
いぇす！ゆゆゆ☆ゆるゆり♪♪,5,11.2,Lv. 11.2
うまるん体操,1,2,Lv. 2
うまるん体操,2,4,Lv. 4
うまるん体操,3,6.8,Lv. 6.8
うまるん体操,4,8.5,Lv. 8.5
うまるん体操,5,10.5,Lv. 10.5
うまるん体操,6,11.2,Lv. 11.2
きたさいたま2000,1,3,Lv. 3
きたさいたま2000,2,5,Lv. 5
きたさいたま2000,3,7.8,Lv. 7.8
きたさいたま2000,4,11.4,Lv. 11.4
きたさいたま2000,5,13.1,Lv. 13.1
キミとボクのミライ,1,2,Lv. 2
キミとボクのミライ,2,4,Lv. 4
キミとボクのミライ,3,7,Lv. 7
キミとボクのミライ,4,9,Lv. 9
キミとボクのミライ,5,10.2,Lv. 10.2
キミとボクのミライ,6,11.7,Lv. 11.7
その群青が愛しかったようだった,1,2,Lv. 2
その群青が愛しかったようだった,2,5,Lv. 5
その群青が愛しかったようだった,3,7,Lv. 7
その群青が愛しかったようだった,4,9.5,Lv. 9.5
その群青が愛しかったようだった,5,11.4,Lv. 11.4
ちょちょちょ！ゆるゆり☆かぷりっちょ！！！,1,2,Lv. 2
ちょちょちょ！ゆるゆり☆かぷりっちょ！！！,2,4,Lv. 4
ちょちょちょ！ゆるゆり☆かぷりっちょ！！！,3,7,Lv. 7
ちょちょちょ！ゆるゆり☆かぷりっちょ！！！,4,9.4,Lv. 9.4
ちょちょちょ！ゆるゆり☆かぷりっちょ！！！,5,11.4,Lv. 11.4
なるとなぎのパーフェクトロックンロール教室,1,3,Lv. 3
なるとなぎのパーフェクトロックンロール教室,2,5,Lv. 5
なるとなぎのパーフェクトロックンロール教室,3,7,Lv. 7
なるとなぎのパーフェクトロックンロール教室,4,9.7,Lv. 9.7
なるとなぎのパーフェクトロックンロール教室,5,12.3,Lv. 12.3
にめんせい☆ウラオモテライフ！,1,2,Lv. 2
にめんせい☆ウラオモテライフ！,2,4,Lv. 4
にめんせい☆ウラオモテライフ！,3,6.7,Lv. 6.7
にめんせい☆ウラオモテライフ！,4,9,Lv. 9
にめんせい☆ウラオモテライフ！,5,10.8,Lv. 10.8
にめんせい☆ウラオモテライフ！,6,11.3,Lv. 11.3
ホシトハナ,1,2,Lv. 2
ホシトハナ,2,4,Lv. 4
ホシトハナ,3,6.8,Lv. 6.8
ホシトハナ,4,9.2,Lv. 9.2
ホシトハナ,5,11,Lv. 11
ゆりゆららららゆるゆり大事件,1,2,Lv. 2
ゆりゆららららゆるゆり大事件,2,4,Lv. 4
ゆりゆららららゆるゆり大事件,3,6.4,Lv. 6.4
ゆりゆららららゆるゆり大事件,4,7.5,Lv. 7.5
ゆりゆららららゆるゆり大事件,5,10.7,Lv. 10.7
全力☆Summer!,1,2,Lv. 2
全力☆Summer!,2,4,Lv. 4
全力☆Summer!,3,6.7,Lv. 6.7
全力☆Summer!,4,8.8,Lv. 8.8
全力☆Summer!,5,10.8,Lv. 10.8
全力☆Summer!,6,11.8,Lv. 11.8
回レ！雪月花,1,2,Lv. 2
回レ！雪月花,2,4,Lv. 4
回レ！雪月花,3,7.2,Lv. 7.2
回レ！雪月花,4,9,Lv. 9
回レ！雪月花,5,12.5,Lv. 12.5
夜明けまであと３秒,1,4,Lv. 4
夜明けまであと３秒,2,6,Lv. 6
夜明けまであと３秒,3,8.5,Lv. 8.5
夜明けまであと３秒,4,11,Lv. 11
夜明けまであと３秒,5,12.9,Lv. 12.9
私の中の幻想的世界観及びその顕現を想起させたある現実での出来事に関する一考察,1,2,Lv. 2
私の中の幻想的世界観及びその顕現を想起させたある現実での出来事に関する一考察,2,5,Lv. 5
私の中の幻想的世界観及びその顕現を想起させたある現実での出来事に関する一考察,3,6.7,Lv. 6.7
私の中の幻想的世界観及びその顕現を想起させたある現実での出来事に関する一考察,4,8.2,Lv. 8.2
私の中の幻想的世界観及びその顕現を想起させたある現実での出来事に関する一考察,5,12,Lv. 12
